spisula,32.33993,Modern,,,,
spisula,26.5138,Modern,,,,
spisula,24.82443,Modern,,,,
spisula,27.15005,Modern,,,,
spisula,27.69569,Modern,,,,
spisula,28.32001,Modern,,,,
spisula,34.71624,Modern,,,,
spisula,24.82443,Modern,,,,
spisula,27.2706,Modern,,,,
spisula,34.71822,Modern,,,,
spisula,24.82443,Modern,,,,
spisula,29.90632,Modern,,,,
spisula,32.79802,Modern,,,,
spisula,26.436427,Modern,,,,
spisula,38.951535,Modern,,,,
spisula,40.146667,Modern,,,,
spisula,39.354225,Modern,,,,
spisula,39.850013,Modern,,,,
spisula,39.274437,Modern,,,,
spisula,34.653867,Modern,,,,
spisula,28.388288,Modern,,,,
spisula,34.647884,Modern,,,,
spisula,27.687486,Modern,,,,
spisula,40.479313,Modern,,,,
spisula,39.062957,Modern,,,,
spisula,38.602028,Modern,,,,
spisula,35.875343,Modern,,,,
spisula,32.790055,Modern,,,,
spisula,30.565407,Modern,,,,
spisula,39.279963,Modern,,,,
spisula,40.408008,Modern,,,,
spisula,39.853386,Modern,,,,
spisula,27.320013,Modern,,,,
spisula,33.912528,Modern,,,,
spisula,39.853386,Modern,,,,
spisula,38.516501,Modern,,,,
spisula,26.436918,Modern,,,,
spisula,26.020601,Modern,,,,
spisula,35.184656,Modern,,,,
spisula,38.720663,Modern,,,,
spisula,39.01518,Modern,,,,
spisula,39.975627,Modern,,,,
spisula,38.768969,Modern,,,,
spisula,39.932519,Modern,,,,
spisula,34.647638,Modern,,,,
spisula,26.436792,Modern,,,,
spisula,39.73642,Modern,,,,
spisula,39.920532,Modern,,,,
spisula,26.435926,Modern,,,,
spisula,33.837623,Modern,,,,
spisula,39.097559,Modern,,,,
spisula,38.606494,Modern,,,,
spisula,39.355628,Modern,,,,
spisula,39.278345,Modern,,,,
spisula,40.213375,Modern,,,,
spisula,39.280357,Modern,,,,
spisula,39.842977,Modern,,,,
spisula,39.229736,Modern,,,,
spisula,38.607417,Modern,,,,
spisula,26.436814,Modern,,,,
spisula,40.458899,Modern,,,,
spisula,38.609106,Modern,,,,
spisula,38.592894,Modern,,,,
spisula,26.36557,Modern,,,,
spisula,26.436496,Modern,,,,
spisula,38.607581,Modern,,,,
spisula,27.513746,Modern,,,,
spisula,40.459457,Modern,,,,
spisula,28.293488,Modern,,,,
spisula,36.839451,Modern,,,,
spisula,26.441922,Modern,,,,
spisula,26.436111,Modern,,,,
spisula,27.470784,Modern,,,,
spisula,39.9425,Modern,,,,
spisula,26.436291,Modern,,,,
spisula,40.429044,Modern,,,,
spisula,39.90909,Modern,,,,
spisula,27.271387,Modern,,,,
spisula,40.417219,Modern,,,,
spisula,39.325626,Modern,,,,
spisula,38.692772,Modern,,,,
spisula,39.048843,Modern,,,,
spisula,40.500309,Modern,,,,
spisula,29.714078,Modern,,,,
spisula,26.430472,Modern,,,,
spisula,39.924387,Modern,,,,
spisula,38.723288,Modern,,,,
spisula,38.949856,Modern,,,,
spisula,27.620082,Modern,,,,
spisula,39.311947,Modern,,,,
spisula,39.850013,Modern,,,,
spisula,27.275588,Modern,,,,
spisula,25.920245,Modern,,,,
spisula,39.357788,Modern,,,,
spisula,26.437591,Modern,,,,
spisula,38.950849,Modern,,,,
spisula,26.436277,Modern,,,,
spisula,38.974195,Modern,,,,
spisula,27.265423,Modern,,,,
spisula,38.046489,Modern,,,,
spisula,38.609422,Modern,,,,
spisula,39.854251,Modern,,,,
spisula,38.607553,Modern,,,,
spisula,27.791188,Modern,,,,
spisula,40.143232,Modern,,,,
spisula,27.709178,Modern,,,,
spisula,27.946162,Modern,,,,
spisula,26.481758,Modern,,,,
spisula,27.270344,Modern,,,,
spisula,39.27739,Modern,,,,
spisula,39.320105,Modern,,,,
spisula,26.43608,Modern,,,,
spisula,40.458899,Modern,,,,
spisula,40.146602,Modern,,,,
spisula,39.355633,Modern,,,,
spisula,38.951535,Modern,,,,
spisula,38.950849,Modern,,,,
spisula,39.842977,Modern,,,,
spisula,35.771544,Modern,,,,
spisula,38.768969,Modern,,,,
spisula,26.481771,Modern,,,,
spisula,29.716958,Modern,,,,
spisula,39.850013,Modern,,,,
spisula,26.441903,Modern,,,,
spisula,32.173646,Modern,,,,
spisula,38.428286,Modern,,,,
spisula,39.312742,Modern,,,,
spisula,26.436267,Modern,,,,
spisula,29.734763,Modern,,,,
spisula,40.435608,Modern,,,,
spisula,40.475899,Modern,,,,
spisula,26.43632,Modern,,,,
spisula,26.219144,Modern,,,,
spisula,35.773268,Modern,,,,
spisula,39.265839,Modern,,,,
spisula,26.43652,Modern,,,,
spisula,39.852768,Modern,,,,
spisula,39.054255,Modern,,,,
spisula,40.115601,Modern,,,,
spisula,38.6096,Modern,,,,
spisula,38.951535,Modern,,,,
spisula,40.160252,Modern,,,,
spisula,40.110683,Modern,,,,
spisula,39.320248,Modern,,,,
spisula,26.43631,Modern,,,,
spisula,39.339992,Modern,,,,
spisula,36.914172,Modern,,,,
spisula,39.03682,Modern,,,,
spisula,26.436128,Modern,,,,
spisula,27.246674,Modern,,,,
spisula,38.951535,Modern,,,,
spisula,38.429824,Modern,,,,
spisula,33.840513,Modern,,,,
spisula,35.769958,Modern,,,,
spisula,40.213324,Modern,,,,
spisula,39.063153,Modern,,,,
spisula,40.408138,Modern,,,,
spisula,40.416808,Modern,,,,
spisula,38.768969,Modern,,,,
spisula,26.445531,Modern,,,,
spisula,26.481353,Modern,,,,
spisula,25.937407,Modern,,,,
spisula,33.35,Modern,,,,
spisula,26.442205,Modern,,,,
spisula,27.789858,Modern,,,,
spisula,39.420005,Modern,,,,
spisula,38.606843,Modern,,,,
spisula,40.407376,Modern,,,,
spisula,39.36038,Modern,,,,
spisula,26.436069,Modern,,,,
spisula,38.740239,Modern,,,,
spisula,40.428162,Modern,,,,
spisula,38.606458,Modern,,,,
spisula,39.349664,Modern,,,,
spisula,39.309028,Modern,,,,
spisula,26.437509,Modern,,,,
spisula,39.067147,Modern,,,,
spisula,26.479785,Modern,,,,
spisula,27.590934,Modern,,,,
spisula,26.021207,Modern,,,,
spisula,39.048573,Modern,,,,
spisula,26.480491,Modern,,,,
spisula,35.250537,Modern,,,,
spisula,38.964508,Modern,,,,
spisula,39.815202,Modern,,,,
spisula,30.661985,Modern,,,,
spisula,38.689172,Modern,,,,
spisula,39.313409,Modern,,,,
spisula,32.577128,Modern,,,,
spisula,34.647635,Modern,,,,
spisula,27.263538,Modern,,,,
spisula,38.79345,Modern,,,,
spisula,40.164056,Modern,,,,
spisula,26.436383,Modern,,,,
spisula,32.790103,Modern,,,,
spisula,39.178558,Modern,,,,
spisula,38.749037,Modern,,,,
spisula,38.2033,Modern,,,,
spisula,26.436054,Modern,,,,
spisula,35.558493,Modern,,,,
spisula,29.732725,Modern,,,,
spisula,37.129397,Modern,,,,
spisula,39.350275,Modern,,,,
spisula,38.60757,Modern,,,,
spisula,40.416906,Modern,,,,
spisula,40.316257,Modern,,,,
spisula,26.435874,Modern,,,,
spisula,37.936223,Modern,,,,
spisula,26.466737,Modern,,,,
spisula,39.933459,Modern,,,,
spisula,40.100547,Modern,,,,
spisula,39.963035,Modern,,,,
spisula,26.432892,Modern,,,,
spisula,40.209198,Modern,,,,
spisula,40.406637,Modern,,,,
spisula,28.356029,Modern,,,,
spisula,40.106282,Modern,,,,
spisula,36.915387,Modern,,,,
spisula,38.606336,Modern,,,,
spisula,40.509459,Modern,,,,
spisula,36.69138,Modern,,,,
spisula,39.351445,Modern,,,,
spisula,40.229073,Modern,,,,
spisula,31.429825,Modern,,,,
spisula,39.27267,Modern,,,,
spisula,39.265165,Modern,,,,
spisula,38.970238,Modern,,,,
spisula,29.718719,Modern,,,,
spisula,39.850013,Modern,,,,
spisula,26.442178,Modern,,,,
spisula,26.436657,Modern,,,,
spisula,36.131451,Modern,,,,
spisula,38.207903,Modern,,,,
spisula,38.878935,Modern,,,,
spisula,39.321397,Modern,,,,
spisula,38.60766,Modern,,,,
spisula,39.850646,Modern,,,,
spisula,27.809415,Modern,,,,
spisula,27.265423,Modern,,,,
spisula,38.951015,Modern,,,,
spisula,38.963314,Modern,,,,
spisula,38.932059,Modern,,,,
spisula,26.43608,Modern,,,,
spisula,26.327115,Modern,,,,
spisula,39.278702,Modern,,,,
spisula,37.906373,Modern,,,,
spisula,39.853386,Modern,,,,
spisula,40.428167,Modern,,,,
spisula,33.913263,Modern,,,,
spisula,39.162325,Modern,,,,
spisula,35.210788,Modern,,,,
spisula,40.43122,Modern,,,,
spisula,39.32622,Modern,,,,
spisula,29.73215,Modern,,,,
spisula,37.911194,Modern,,,,
spisula,26.211498,Modern,,,,
spisula,40.4727,Modern,,,,
spisula,39.951365,Modern,,,,
spisula,39.351025,Modern,,,,
spisula,38.748673,Modern,,,,
spisula,38.950849,Modern,,,,
spisula,40.146727,Modern,,,,
spisula,39.01518,Modern,,,,
spisula,40.447088,Modern,,,,
spisula,38.799301,Modern,,,,
spisula,39.320248,Modern,,,,
spisula,35.339473,Modern,,,,
spisula,36.668024,Modern,,,,
spisula,39.364811,Modern,,,,
spisula,38.607917,Modern,,,,
spisula,38.211033,Modern,,,,
spisula,38.609204,Modern,,,,
spisula,27.253886,Modern,,,,
spisula,29.896037,Modern,,,,
spisula,36.078288,Modern,,,,
spisula,38.601753,Modern,,,,
spisula,26.435963,Modern,,,,
spisula,40.154558,Modern,,,,
spisula,39.062001,Modern,,,,
spisula,40.401411,Modern,,,,
spisula,38.9481,Modern,,,,
spisula,29.735241,Modern,,,,
spisula,39.723659,Modern,,,,
spisula,38.720663,Modern,,,,
spisula,27.695686,Modern,,,,
spisula,26.436211,Modern,,,,
spisula,39.355642,Modern,,,,
spisula,36.031326,Modern,,,,
spisula,38.504988,Modern,,,,
spisula,28.069206,Modern,,,,
spisula,29.713794,Modern,,,,
spisula,26.436351,Modern,,,,
spisula,40.313641,Modern,,,,
spisula,26.442182,Modern,,,,
spisula,37.0567,Modern,,,,
spisula,37.0567,Modern,,,,
spisula,29.0129,Modern,,,,
spisula,27.32273,Modern,,,,
spisula,30.670342,Modern,,,,
spisula,26.09726,Modern,,,,
spisula,27.69763,Modern,,,,
spisula,26.52813,Modern,,,,
spisula,26.43711,Modern,,,,
spisula,26.09726,Modern,,,,
spisula,27.11342,Modern,,,,
spisula,26.43711,Modern,,,,
spisula,26.43711,Modern,,,,
spisula,40.12611,Modern,,,,
spisula,30.85083,Modern,,,,
spisula,32.79,Modern,,,,
spisula,36.38,Modern,,,,
spisula,39.28,Modern,,,,
spisula,31.44,Modern,,,,
spisula,34.72,Modern,,,,
spisula,39.36,Modern,,,,
spisula,36.01,Modern,,,,
spisula,39.36,Modern,,,,
spisula,33.82,Modern,,,,
spisula,38.94,Modern,,,,
spisula,38.9917,Modern,,,,
spisula,30.42,Modern,,,,
spisula,35.22,Modern,,,,
spisula,39.1,Modern,,,,
spisula,25.87,Modern,,,,
spisula,39.36,Modern,,,,
spisula,39.36,Modern,,,,
spisula,39.28,Modern,,,,
spisula,38.94,Modern,,,,
spisula,39.28,Modern,,,,
spisula,38.94,Modern,,,,
spisula,35.13,Modern,,,,
spisula,27.443,Modern,,,,
spisula,30.6677,Modern,,,,
spisula,26.44,Modern,,,,
spisula,39.364,Modern,,,,
spisula,38.987,Modern,,,,
spisula,27.443,Modern,,,,
spisula,38.430372,Modern,,,,
spisula,39.379585,Modern,,,,
spisula,26.074675,Modern,,,,
spisula,26.43711,Modern,,,,
spisula,27.69763,Modern,,,,
spisula,24.8238,Modern,,,,
spisula,34.6969,Modern,,,,
spisula,30.670342,Modern,,,,
spisula,29.0129,Modern,,,,
spisula,27.79585,Modern,,,,
spisula,26.445829,Modern,,,,
spisula,32,Modern,,,,
spisula,26.683333,Modern,,,,
spisula,26.35,Modern,,,,
spisula,39.36169,Modern,,,,
spisula,28.110749,Modern,,,,
spisula,36.168273,Modern,,,,
spisula,27.876801,Modern,,,,
spisula,27.724453,Modern,,,,
spisula,40.058324,Modern,,,,
spisula,27.513682,Modern,,,,
spisula,39.060014,Modern,,,,
spisula,39.349978,Modern,,,,
spisula,39.352858,Modern,,,,
spisula,38.604469,Modern,,,,
spisula,27.261849,Modern,,,,
spisula,26.436364,Modern,,,,
spisula,37.908318,Modern,,,,
spisula,25.9583,Modern,,,,
spisula,33.5167,Modern,,,,
spisula,25.9717,Modern,,,,
spisula,26.45,Modern,,,,
spisula,26.4306,Modern,,,,
spisula,39.357249,Modern,,,,
spisula,25.94121,Modern,,,,
spisula,39.36,Modern,,,,
spisula,25.97,Modern,,,,
spisula,39.38,Modern,,,,
spisula,38.9889,Modern,,,,
spisula,31.07,Modern,,,,
spisula,38.95,Modern,,,,
spisula,32.51,Modern,,,,
spisula,26.44,Modern,,,,
spisula,39.36,Modern,,,,
spisula,39.36,Modern,,,,
spisula,38.98,Modern,,,,
spisula,37.27,Modern,,,,
spisula,33.82,Modern,,,,
spisula,39.1,Modern,,,,
spisula,39.4,Modern,,,,
spisula,28.31972,Modern,,,,
spisula,26.14167,Modern,,,,
spisula,25.972222,Modern,,,,
spisula,26.433333,Modern,,,,
spisula,27.770556,Modern,,,,
spisula,26.44,Modern,,,,
spisula,27.95,Modern,,,,
spisula,39.362425,Modern,,,,
spisula,34.927,Modern,,,,
spisula,26.200367,Modern,,,,
spisula,25.94,Modern,,,,
spisula,24.819859,Modern,,,,
spisula,27.784245,Modern,,,,
spisula,27.716667,Modern,,,,
spisula,37.605,Modern,,,,
spisula,29.95,Modern,,,,
spisula,26.522778,Modern,,,,
spisula,26.333333,Modern,,,,
spisula,26.333333,Modern,,,,
spisula,26.133333,Modern,,,,
parvilucina,27.4655,Modern,,,,
parvilucina,34.396,Modern,,,,
parvilucina,27.74836,Modern,,,,
parvilucina,27.2416,Modern,,,,
parvilucina,25.73591,Modern,,,,
parvilucina,25.939741,Modern,,,,
parvilucina,27.2144,Modern,,,,
parvilucina,34.647697,Modern,,,,
parvilucina,26.436633,Modern,,,,
parvilucina,27.790123,Modern,,,,
parvilucina,26.521127,Modern,,,,
parvilucina,26.439183,Modern,,,,
parvilucina,26.479868,Modern,,,,
parvilucina,25.939741,Modern,,,,
parvilucina,25.7883,Modern,,,,
parvilucina,28,Modern,,,,
parvilucina,25.7883,Modern,,,,
parvilucina,25.7883,Modern,,,,
parvilucina,25.7883,Modern,,,,
parvilucina,25.7883,Modern,,,,
parvilucina,27.88,Modern,,,,
parvilucina,25.7883,Modern,,,,
parvilucina,25.7883,Modern,,,,
parvilucina,25.7883,Modern,,,,
parvilucina,25.7883,Modern,,,,
parvilucina,25.7883,Modern,,,,
parvilucina,25.7883,Modern,,,,
parvilucina,27.88,Modern,,,,
parvilucina,25.7883,Modern,,,,
parvilucina,25.7883,Modern,,,,
parvilucina,25.7883,Modern,,,,
parvilucina,25.77,Modern,,,,
parvilucina,25.7883,Modern,,,,
parvilucina,25.7883,Modern,,,,
parvilucina,26.5708,Modern,,,,
parvilucina,27.11077,Modern,,,,
parvilucina,27.34728,Modern,,,,
parvilucina,26.6147,Modern,,,,
parvilucina,27.88,Modern,,,,
parvilucina,26.5708,Modern,,,,
parvilucina,27.465524,Modern,,,,
parvilucina,28.14592,Modern,,,,
parvilucina,30.4036,Modern,,,,
parvilucina,35.13,Modern,,,,
parvilucina,27.97,Modern,,,,
parvilucina,26.44,Modern,,,,
parvilucina,27.75,Modern,,,,
parvilucina,27.4655,Modern,,,,
parvilucina,25.08611,Modern,,,,
parvilucina,24.695,Modern,,,,
parvilucina,27.74828,Modern,,,,
parvilucina,26.5708,Modern,,,,
parvilucina,24.7613,Modern,,,,
parvilucina,27.15181,Modern,,,,
parvilucina,26.5708,Modern,,,,
parvilucina,26.94,Modern,,,,
parvilucina,26.494167,Modern,,,,
parvilucina,25.817496,Modern,,,,
parvilucina,26.9225,Modern,,,,
parvilucina,26.07,Modern,,,,
parvilucina,26.87,Modern,,,,
parvilucina,25.7883,Modern,,,,
parvilucina,27.283333,Modern,,,,
noetia,33.551,Modern,,,,
noetia,34.71822,Modern,,,,
noetia,39.16706,Modern,,,,
noetia,27.74836,Modern,,,,
noetia,27.39057,Modern,,,,
noetia,31.21755,Modern,,,,
noetia,32.79802,Modern,,,,
noetia,28.32001,Modern,,,,
noetia,27.74836,Modern,,,,
noetia,34.46295,Modern,,,,
noetia,27.44671,Modern,,,,
noetia,34.71624,Modern,,,,
noetia,28.32001,Modern,,,,
noetia,27.74836,Modern,,,,
noetia,29.90632,Modern,,,,
noetia,33.646265,Modern,,,,
noetia,33.458488,Modern,,,,
noetia,28.399514,Modern,,,,
noetia,26.087613,Modern,,,,
noetia,35.212291,Modern,,,,
noetia,29.549884,Modern,,,,
noetia,34.697642,Modern,,,,
noetia,26.435252,Modern,,,,
noetia,25.920245,Modern,,,,
noetia,27.265423,Modern,,,,
noetia,28.388288,Modern,,,,
noetia,30.67185,Modern,,,,
noetia,32.787957,Modern,,,,
noetia,25.81383,Modern,,,,
noetia,29.72669,Modern,,,,
noetia,29.772311,Modern,,,,
noetia,33.732752,Modern,,,,
noetia,26.437728,Modern,,,,
noetia,26.523854,Modern,,,,
noetia,26.481837,Modern,,,,
noetia,35.213819,Modern,,,,
noetia,33.91377,Modern,,,,
noetia,26.436382,Modern,,,,
noetia,25.894385,Modern,,,,
noetia,36.692853,Modern,,,,
noetia,29.914352,Modern,,,,
noetia,26.33158,Modern,,,,
noetia,32.374568,Modern,,,,
noetia,27.254577,Modern,,,,
noetia,27.709221,Modern,,,,
noetia,29.243517,Modern,,,,
noetia,28.388288,Modern,,,,
noetia,32.655279,Modern,,,,
noetia,34.697681,Modern,,,,
noetia,35.21398,Modern,,,,
noetia,30.457037,Modern,,,,
noetia,29.785302,Modern,,,,
noetia,25.919907,Modern,,,,
noetia,35.223945,Modern,,,,
noetia,33.514562,Modern,,,,
noetia,34.647617,Modern,,,,
noetia,26.435663,Modern,,,,
noetia,34.6473,Modern,,,,
noetia,30.664678,Modern,,,,
noetia,26.480494,Modern,,,,
noetia,28.857791,Modern,,,,
noetia,32.173405,Modern,,,,
noetia,31.955579,Modern,,,,
noetia,26.435904,Modern,,,,
noetia,31.184342,Modern,,,,
noetia,35.223956,Modern,,,,
noetia,30.456733,Modern,,,,
noetia,36.031304,Modern,,,,
noetia,29.085189,Modern,,,,
noetia,30.381162,Modern,,,,
noetia,33.646957,Modern,,,,
noetia,28.040971,Modern,,,,
noetia,29.227897,Modern,,,,
noetia,29.230342,Modern,,,,
noetia,26.578353,Modern,,,,
noetia,33.646265,Modern,,,,
noetia,28.911371,Modern,,,,
noetia,33.83663,Modern,,,,
noetia,29.802545,Modern,,,,
noetia,29.884821,Modern,,,,
noetia,29.83001,Modern,,,,
noetia,26.306965,Modern,,,,
noetia,30.287833,Modern,,,,
noetia,27.246924,Modern,,,,
noetia,26.453613,Modern,,,,
noetia,30.251292,Modern,,,,
noetia,26.447703,Modern,,,,
noetia,26.437722,Modern,,,,
noetia,26.273237,Modern,,,,
noetia,27.538753,Modern,,,,
noetia,27.255205,Modern,,,,
noetia,33.646957,Modern,,,,
noetia,26.548668,Modern,,,,
noetia,35.219708,Modern,,,,
noetia,29.150701,Modern,,,,
noetia,26.163155,Modern,,,,
noetia,26.436683,Modern,,,,
noetia,29.028561,Modern,,,,
noetia,30.397528,Modern,,,,
noetia,34.647472,Modern,,,,
noetia,25.91383,Modern,,,,
noetia,31.955579,Modern,,,,
noetia,29.152815,Modern,,,,
noetia,26.479807,Modern,,,,
noetia,26.436521,Modern,,,,
noetia,26.435819,Modern,,,,
noetia,26.09515,Modern,,,,
noetia,32.800817,Modern,,,,
noetia,25.782611,Modern,,,,
noetia,29.549884,Modern,,,,
noetia,34.647665,Modern,,,,
noetia,26.460869,Modern,,,,
noetia,34.647042,Modern,,,,
noetia,29.114931,Modern,,,,
noetia,28.010856,Modern,,,,
noetia,35.837842,Modern,,,,
noetia,26.437733,Modern,,,,
noetia,33.350011,Modern,,,,
noetia,26.522308,Modern,,,,
noetia,34.694044,Modern,,,,
noetia,26.428394,Modern,,,,
noetia,27.487855,Modern,,,,
noetia,35.77198,Modern,,,,
noetia,26.44217,Modern,,,,
noetia,33.638901,Modern,,,,
noetia,26.443679,Modern,,,,
noetia,26.436382,Modern,,,,
noetia,26.481758,Modern,,,,
noetia,27.246553,Modern,,,,
noetia,29.723525,Modern,,,,
noetia,36.168273,Modern,,,,
noetia,29.549884,Modern,,,,
noetia,26.177903,Modern,,,,
noetia,35.250537,Modern,,,,
noetia,35.558493,Modern,,,,
noetia,27.690497,Modern,,,,
noetia,28.27589,Modern,,,,
noetia,32.651335,Modern,,,,
noetia,29.126884,Modern,,,,
noetia,27.089867,Modern,,,,
noetia,27.270636,Modern,,,,
noetia,27.099354,Modern,,,,
noetia,25.917313,Modern,,,,
noetia,34.441269,Modern,,,,
noetia,30.662887,Modern,,,,
noetia,34.64763,Modern,,,,
noetia,26.438513,Modern,,,,
noetia,26.337914,Modern,,,,
noetia,28.376347,Modern,,,,
noetia,27.139513,Modern,,,,
noetia,36.088154,Modern,,,,
noetia,33.701594,Modern,,,,
noetia,29.814078,Modern,,,,
noetia,26.044922,Modern,,,,
noetia,35.873712,Modern,,,,
noetia,34.693432,Modern,,,,
noetia,35.236153,Modern,,,,
noetia,33.388612,Modern,,,,
noetia,27.265423,Modern,,,,
noetia,27.896002,Modern,,,,
noetia,28.336727,Modern,,,,
noetia,28.388288,Modern,,,,
noetia,27.798945,Modern,,,,
noetia,29.096509,Modern,,,,
noetia,26.436451,Modern,,,,
noetia,26.462872,Modern,,,,
noetia,29.627103,Modern,,,,
noetia,33.644927,Modern,,,,
noetia,26.436186,Modern,,,,
noetia,29.209788,Modern,,,,
noetia,27.246971,Modern,,,,
noetia,27.271031,Modern,,,,
noetia,26.436525,Modern,,,,
noetia,35.716667,Modern,,,,
noetia,28.073715,Modern,,,,
noetia,26.44656,Modern,,,,
noetia,28.911432,Modern,,,,
noetia,26.444538,Modern,,,,
noetia,29.816434,Modern,,,,
noetia,26.436563,Modern,,,,
noetia,30.638515,Modern,,,,
noetia,29.549884,Modern,,,,
noetia,29.70187,Modern,,,,
noetia,26.962867,Modern,,,,
noetia,33.646265,Modern,,,,
noetia,34.672937,Modern,,,,
noetia,28.327287,Modern,,,,
noetia,26.44656,Modern,,,,
noetia,27.246387,Modern,,,,
noetia,35.715308,Modern,,,,
noetia,34.68508,Modern,,,,
noetia,27.008835,Modern,,,,
noetia,26.126073,Modern,,,,
noetia,28.899908,Modern,,,,
noetia,36.380288,Modern,,,,
noetia,26.438072,Modern,,,,
noetia,34.708889,Modern,,,,
noetia,29.147642,Modern,,,,
noetia,34.679276,Modern,,,,
noetia,26.123239,Modern,,,,
noetia,29.228975,Modern,,,,
noetia,26.330603,Modern,,,,
noetia,28.315229,Modern,,,,
noetia,36.158446,Modern,,,,
noetia,29.296495,Modern,,,,
noetia,35.715182,Modern,,,,
noetia,26.319203,Modern,,,,
noetia,25.816624,Modern,,,,
noetia,33.350128,Modern,,,,
noetia,26.436876,Modern,,,,
noetia,33.514562,Modern,,,,
noetia,33.9635,Modern,,,,
noetia,32.78913,Modern,,,,
noetia,28.318682,Modern,,,,
noetia,25.90104,Modern,,,,
noetia,36.133632,Modern,,,,
noetia,27.798547,Modern,,,,
noetia,30.040655,Modern,,,,
noetia,26.326269,Modern,,,,
noetia,26.436242,Modern,,,,
noetia,32.653935,Modern,,,,
noetia,30.162186,Modern,,,,
noetia,33.882219,Modern,,,,
noetia,34.647674,Modern,,,,
noetia,29.725257,Modern,,,,
noetia,28.677195,Modern,,,,
noetia,26.477628,Modern,,,,
noetia,33.646957,Modern,,,,
noetia,35.831928,Modern,,,,
noetia,33.647648,Modern,,,,
noetia,34.647688,Modern,,,,
noetia,28.673813,Modern,,,,
noetia,33.700958,Modern,,,,
noetia,28.911139,Modern,,,,
noetia,28.999973,Modern,,,,
noetia,30.594197,Modern,,,,
noetia,29.896404,Modern,,,,
noetia,27.246536,Modern,,,,
noetia,28.861761,Modern,,,,
noetia,28.676954,Modern,,,,
noetia,29.549884,Modern,,,,
noetia,34.647645,Modern,,,,
noetia,26.351472,Modern,,,,
noetia,27.253886,Modern,,,,
noetia,26.450018,Modern,,,,
noetia,30.648661,Modern,,,,
noetia,29.723839,Modern,,,,
noetia,33.646957,Modern,,,,
noetia,26.442183,Modern,,,,
noetia,30.040153,Modern,,,,
noetia,26.458645,Modern,,,,
noetia,33.998122,Modern,,,,
noetia,33.924228,Modern,,,,
noetia,35.231165,Modern,,,,
noetia,26.482722,Modern,,,,
noetia,26.442215,Modern,,,,
noetia,28.901547,Modern,,,,
noetia,33.349972,Modern,,,,
noetia,33.759625,Modern,,,,
noetia,27.390235,Modern,,,,
noetia,26.885026,Modern,,,,
noetia,26.953896,Modern,,,,
noetia,29.286972,Modern,,,,
noetia,32.7389,Modern,,,,
noetia,29.806947,Modern,,,,
noetia,30.457358,Modern,,,,
noetia,26.211466,Modern,,,,
noetia,31.955579,Modern,,,,
noetia,26.331353,Modern,,,,
noetia,28.316004,Modern,,,,
noetia,26.435889,Modern,,,,
noetia,28.658691,Modern,,,,
noetia,34.647701,Modern,,,,
noetia,28.950669,Modern,,,,
noetia,33.913772,Modern,,,,
noetia,29.316575,Modern,,,,
noetia,26.436731,Modern,,,,
noetia,33.962208,Modern,,,,
noetia,35.558493,Modern,,,,
noetia,26.443397,Modern,,,,
noetia,28.18074,Modern,,,,
noetia,30.287844,Modern,,,,
noetia,33.840295,Modern,,,,
noetia,33.689012,Modern,,,,
noetia,28.901482,Modern,,,,
noetia,26.609775,Modern,,,,
noetia,33.350098,Modern,,,,
noetia,34.647614,Modern,,,,
noetia,33.646957,Modern,,,,
noetia,29.040847,Modern,,,,
noetia,30.356313,Modern,,,,
noetia,26.023196,Modern,,,,
noetia,30.66755,Modern,,,,
noetia,26.4609,Modern,,,,
noetia,26.527752,Modern,,,,
noetia,26.45818,Modern,,,,
noetia,26.442122,Modern,,,,
noetia,34.694069,Modern,,,,
noetia,26.043966,Modern,,,,
noetia,33.620716,Modern,,,,
noetia,28.969849,Modern,,,,
noetia,26.611738,Modern,,,,
noetia,29.652054,Modern,,,,
noetia,29.913397,Modern,,,,
noetia,26.33227,Modern,,,,
noetia,29.822433,Modern,,,,
noetia,30.459428,Modern,,,,
noetia,26.482458,Modern,,,,
noetia,26.43647,Modern,,,,
noetia,28.683175,Modern,,,,
noetia,29.735988,Modern,,,,
noetia,33.350097,Modern,,,,
noetia,33.622711,Modern,,,,
noetia,30.119286,Modern,,,,
noetia,30.287847,Modern,,,,
noetia,28.684308,Modern,,,,
noetia,26.436045,Modern,,,,
noetia,33.649985,Modern,,,,
noetia,30.287869,Modern,,,,
noetia,26.435958,Modern,,,,
noetia,28.329077,Modern,,,,
noetia,28.898771,Modern,,,,
noetia,29.028707,Modern,,,,
noetia,28.658676,Modern,,,,
noetia,29.28843,Modern,,,,
noetia,27.709097,Modern,,,,
noetia,29.549884,Modern,,,,
noetia,26.034047,Modern,,,,
noetia,35.213459,Modern,,,,
noetia,26.438095,Modern,,,,
noetia,26.210966,Modern,,,,
noetia,33.349828,Modern,,,,
noetia,26.44192,Modern,,,,
noetia,29.186417,Modern,,,,
noetia,27.896002,Modern,,,,
noetia,26.074045,Modern,,,,
noetia,26.692255,Modern,,,,
noetia,28.137117,Modern,,,,
noetia,26.160414,Modern,,,,
noetia,26.329953,Modern,,,,
noetia,34.64727,Modern,,,,
noetia,36.389149,Modern,,,,
noetia,26.468546,Modern,,,,
noetia,33.319591,Modern,,,,
noetia,26.458192,Modern,,,,
noetia,29.153012,Modern,,,,
noetia,33.619662,Modern,,,,
noetia,33.913476,Modern,,,,
noetia,28.650295,Modern,,,,
noetia,26.21615,Modern,,,,
noetia,26.436661,Modern,,,,
noetia,29.488571,Modern,,,,
noetia,33.636322,Modern,,,,
noetia,27.090861,Modern,,,,
noetia,28.388288,Modern,,,,
noetia,29.770934,Modern,,,,
noetia,26.021383,Modern,,,,
noetia,29.664137,Modern,,,,
noetia,33.59248,Modern,,,,
noetia,28.319623,Modern,,,,
noetia,28.684587,Modern,,,,
noetia,27.474167,Modern,,,,
noetia,28.898722,Modern,,,,
noetia,26.33137,Modern,,,,
noetia,35.250537,Modern,,,,
noetia,33.506897,Modern,,,,
noetia,29.720228,Modern,,,,
noetia,26.436657,Modern,,,,
noetia,32.652958,Modern,,,,
noetia,26.436214,Modern,,,,
noetia,35.266504,Modern,,,,
noetia,35.22488,Modern,,,,
noetia,35.896434,Modern,,,,
noetia,26.131645,Modern,,,,
noetia,28.6771,Modern,,,,
noetia,26.608625,Modern,,,,
noetia,29.408598,Modern,,,,
noetia,35.211882,Modern,,,,
noetia,26.436229,Modern,,,,
noetia,26.610053,Modern,,,,
noetia,25.922539,Modern,,,,
noetia,26.07426,Modern,,,,
noetia,26.062919,Modern,,,,
noetia,32.216316,Modern,,,,
noetia,30.287831,Modern,,,,
noetia,26.996542,Modern,,,,
noetia,26.43632,Modern,,,,
noetia,33.620962,Modern,,,,
noetia,33.732466,Modern,,,,
noetia,25.922554,Modern,,,,
noetia,34.647787,Modern,,,,
noetia,26.458167,Modern,,,,
noetia,27.733444,Modern,,,,
noetia,29.729887,Modern,,,,
noetia,36.853213,Modern,,,,
noetia,26.436876,Modern,,,,
noetia,29.057039,Modern,,,,
noetia,27.265423,Modern,,,,
noetia,32.652397,Modern,,,,
noetia,26.437211,Modern,,,,
noetia,33.804118,Modern,,,,
noetia,28.343124,Modern,,,,
noetia,25.129147,Modern,,,,
noetia,26.326269,Modern,,,,
noetia,26.427662,Modern,,,,
noetia,26.608625,Modern,,,,
noetia,29.371814,Modern,,,,
noetia,26.437446,Modern,,,,
noetia,26.41252,Modern,,,,
noetia,29.202858,Modern,,,,
noetia,29.277745,Modern,,,,
noetia,29.229216,Modern,,,,
noetia,29.549884,Modern,,,,
noetia,29.671976,Modern,,,,
noetia,32.805912,Modern,,,,
noetia,32.01585,Modern,,,,
noetia,26.087639,Modern,,,,
noetia,33.486115,Modern,,,,
noetia,26.436234,Modern,,,,
noetia,28.376394,Modern,,,,
noetia,36.380288,Modern,,,,
noetia,27.247125,Modern,,,,
noetia,28.141744,Modern,,,,
noetia,26.870533,Modern,,,,
noetia,26.608617,Modern,,,,
noetia,29.826703,Modern,,,,
noetia,28.32,Modern,,,,
noetia,29.772059,Modern,,,,
noetia,28.68552,Modern,,,,
noetia,26.527578,Modern,,,,
noetia,26.207092,Modern,,,,
noetia,29.719666,Modern,,,,
noetia,28.134754,Modern,,,,
noetia,35.715308,Modern,,,,
noetia,34.417217,Modern,,,,
noetia,33.913917,Modern,,,,
noetia,26.488328,Modern,,,,
noetia,29.90793,Modern,,,,
noetia,28.673158,Modern,,,,
noetia,29.908037,Modern,,,,
noetia,27.101945,Modern,,,,
noetia,25.90104,Modern,,,,
noetia,29.163739,Modern,,,,
noetia,33.349997,Modern,,,,
noetia,32.78476,Modern,,,,
noetia,33.514562,Modern,,,,
noetia,26.436551,Modern,,,,
noetia,26.482458,Modern,,,,
noetia,35.225117,Modern,,,,
noetia,33.913145,Modern,,,,
noetia,26.608672,Modern,,,,
noetia,34.647699,Modern,,,,
noetia,27.265423,Modern,,,,
noetia,29.913397,Modern,,,,
noetia,32.800817,Modern,,,,
noetia,26.482722,Modern,,,,
noetia,33.706852,Modern,,,,
noetia,29.033615,Modern,,,,
noetia,26.098313,Modern,,,,
noetia,29.713598,Modern,,,,
noetia,35.346908,Modern,,,,
noetia,33.804812,Modern,,,,
noetia,29.616215,Modern,,,,
noetia,33.826839,Modern,,,,
noetia,29.914791,Modern,,,,
noetia,33.350013,Modern,,,,
noetia,35.712547,Modern,,,,
noetia,35.250537,Modern,,,,
noetia,25.811723,Modern,,,,
noetia,26.48704,Modern,,,,
noetia,25.809658,Modern,,,,
noetia,28.717295,Modern,,,,
noetia,26.458647,Modern,,,,
noetia,28.719922,Modern,,,,
noetia,26.424165,Modern,,,,
noetia,29.672144,Modern,,,,
noetia,26.611662,Modern,,,,
noetia,34.679408,Modern,,,,
noetia,27.790241,Modern,,,,
noetia,26.331762,Modern,,,,
noetia,27.265423,Modern,,,,
noetia,33.913155,Modern,,,,
noetia,26.527578,Modern,,,,
noetia,25.818082,Modern,,,,
noetia,35.766417,Modern,,,,
noetia,29.004687,Modern,,,,
noetia,28.911139,Modern,,,,
noetia,33.808535,Modern,,,,
noetia,28.899062,Modern,,,,
noetia,32.562966,Modern,,,,
noetia,35.715581,Modern,,,,
noetia,26.436352,Modern,,,,
noetia,33.514562,Modern,,,,
noetia,33.350017,Modern,,,,
noetia,26.437822,Modern,,,,
noetia,26.482122,Modern,,,,
noetia,26.06377,Modern,,,,
noetia,28.26663,Modern,,,,
noetia,26.020601,Modern,,,,
noetia,29.630538,Modern,,,,
noetia,26.437921,Modern,,,,
noetia,29.028697,Modern,,,,
noetia,30.040236,Modern,,,,
noetia,26.436214,Modern,,,,
noetia,34.647518,Modern,,,,
noetia,26.480155,Modern,,,,
noetia,27.697256,Modern,,,,
noetia,33.721432,Modern,,,,
noetia,35.828547,Modern,,,,
noetia,28.677044,Modern,,,,
noetia,27.275588,Modern,,,,
noetia,26.436189,Modern,,,,
noetia,30.381272,Modern,,,,
noetia,26.435969,Modern,,,,
noetia,35.714855,Modern,,,,
noetia,28.899062,Modern,,,,
noetia,28.813532,Modern,,,,
noetia,30.285797,Modern,,,,
noetia,28.388288,Modern,,,,
noetia,27.266555,Modern,,,,
noetia,35.210788,Modern,,,,
noetia,32.809356,Modern,,,,
noetia,33.759613,Modern,,,,
noetia,35.223633,Modern,,,,
noetia,35.339469,Modern,,,,
noetia,26.436966,Modern,,,,
noetia,26.441913,Modern,,,,
noetia,26.436061,Modern,,,,
noetia,33.959648,Modern,,,,
noetia,26.436557,Modern,,,,
noetia,33.695422,Modern,,,,
noetia,29.549884,Modern,,,,
noetia,29.882289,Modern,,,,
noetia,35.717072,Modern,,,,
noetia,28.720255,Modern,,,,
noetia,27.708978,Modern,,,,
noetia,26.489237,Modern,,,,
noetia,33.647711,Modern,,,,
noetia,38.234142,Modern,,,,
noetia,29.911705,Modern,,,,
noetia,25.937258,Modern,,,,
noetia,29.844639,Modern,,,,
noetia,26.44193,Modern,,,,
noetia,34.656192,Modern,,,,
noetia,33.826839,Modern,,,,
noetia,33.898312,Modern,,,,
noetia,36.133527,Modern,,,,
noetia,29.715208,Modern,,,,
noetia,26.444538,Modern,,,,
noetia,29.664115,Modern,,,,
noetia,29.227658,Modern,,,,
noetia,26.435819,Modern,,,,
noetia,26.43672,Modern,,,,
noetia,35.14666,Modern,,,,
noetia,28.911139,Modern,,,,
noetia,26.412307,Modern,,,,
noetia,29.909863,Modern,,,,
noetia,29.592147,Modern,,,,
noetia,33.732305,Modern,,,,
noetia,29.789513,Modern,,,,
noetia,26.435749,Modern,,,,
noetia,26.436128,Modern,,,,
noetia,28.680883,Modern,,,,
noetia,29.725613,Modern,,,,
noetia,29.853141,Modern,,,,
noetia,29.662514,Modern,,,,
noetia,27.473709,Modern,,,,
noetia,26.60905,Modern,,,,
noetia,30.287803,Modern,,,,
noetia,35.717613,Modern,,,,
noetia,33.913803,Modern,,,,
noetia,26.432892,Modern,,,,
noetia,27.723566,Modern,,,,
noetia,35.82563,Modern,,,,
noetia,29.232858,Modern,,,,
noetia,35.115925,Modern,,,,
noetia,26.021207,Modern,,,,
noetia,27.092342,Modern,,,,
noetia,26.351472,Modern,,,,
noetia,28.68507,Modern,,,,
noetia,29.040595,Modern,,,,
noetia,26.436968,Modern,,,,
noetia,30.457272,Modern,,,,
noetia,28.023026,Modern,,,,
noetia,28.910111,Modern,,,,
noetia,33.350067,Modern,,,,
noetia,28.910425,Modern,,,,
noetia,26.48844,Modern,,,,
noetia,27.709045,Modern,,,,
noetia,35.716967,Modern,,,,
noetia,29.766919,Modern,,,,
noetia,29.727332,Modern,,,,
noetia,26.521021,Modern,,,,
noetia,26.896416,Modern,,,,
noetia,35.469167,Modern,,,,
noetia,29.853141,Modern,,,,
noetia,27.890817,Modern,,,,
noetia,28.011097,Modern,,,,
noetia,29.832527,Modern,,,,
noetia,26.749798,Modern,,,,
noetia,26.482675,Modern,,,,
noetia,34.647608,Modern,,,,
noetia,27.33921,Modern,,,,
noetia,35.804497,Modern,,,,
noetia,27.265423,Modern,,,,
noetia,29.746951,Modern,,,,
noetia,25.92061,Modern,,,,
noetia,28.676221,Modern,,,,
noetia,35.800762,Modern,,,,
noetia,29.655365,Modern,,,,
noetia,27.265423,Modern,,,,
noetia,26.608412,Modern,,,,
noetia,28.18071,Modern,,,,
noetia,26.480678,Modern,,,,
noetia,33.963382,Modern,,,,
noetia,33.912591,Modern,,,,
noetia,36.302212,Modern,,,,
noetia,35.714292,Modern,,,,
noetia,26.020817,Modern,,,,
noetia,25.920074,Modern,,,,
noetia,29.725257,Modern,,,,
noetia,26.442181,Modern,,,,
noetia,32.785919,Modern,,,,
noetia,25.1424,Modern,,,,
noetia,33.68889,Modern,,,,
noetia,30.6976,Modern,,,,
noetia,26.43711,Modern,,,,
noetia,26.43711,Modern,,,,
noetia,33.68889,Modern,,,,
noetia,27.192,Modern,,,,
noetia,26.43711,Modern,,,,
noetia,26.14359,Modern,,,,
noetia,27.89175,Modern,,,,
noetia,35.13,Modern,,,,
noetia,26.62,Modern,,,,
noetia,39.36,Modern,,,,
noetia,30.49,Modern,,,,
noetia,26.44,Modern,,,,
noetia,36.38,Modern,,,,
noetia,32.38,Modern,,,,
noetia,30.1,Modern,,,,
noetia,33.69,Modern,,,,
noetia,33.69,Modern,,,,
noetia,37.93,Modern,,,,
noetia,27.49,Modern,,,,
noetia,27.8,Modern,,,,
noetia,29.89,Modern,,,,
noetia,33.69,Modern,,,,
noetia,26.44,Modern,,,,
noetia,26.44,Modern,,,,
noetia,28.32,Modern,,,,
noetia,38.94,Modern,,,,
noetia,34.72,Modern,,,,
noetia,30.61,Modern,,,,
noetia,27.5,Modern,,,,
noetia,25.94,Modern,,,,
noetia,27.443,Modern,,,,
noetia,26.44,Modern,,,,
noetia,30.399,Modern,,,,
noetia,35.833763,Modern,,,,
noetia,29.59213,Modern,,,,
noetia,27.69763,Modern,,,,
noetia,29.4695,Modern,,,,
noetia,29.8997,Modern,,,,
noetia,27.32273,Modern,,,,
noetia,26.5708,Modern,,,,
noetia,27.45,Modern,,,,
noetia,29.2125,Modern,,,,
noetia,26.444407,Modern,,,,
noetia,34.687885,Modern,,,,
noetia,26.482458,Modern,,,,
noetia,28.336742,Modern,,,,
noetia,32.167472,Modern,,,,
noetia,27.763514,Modern,,,,
noetia,31.628887,Modern,,,,
noetia,26.425563,Modern,,,,
noetia,27.265423,Modern,,,,
noetia,29.789392,Modern,,,,
noetia,33.731718,Modern,,,,
noetia,34.695643,Modern,,,,
noetia,33.966003,Modern,,,,
noetia,28.668597,Modern,,,,
noetia,35.904572,Modern,,,,
noetia,26.96717,Modern,,,,
noetia,25.920822,Modern,,,,
noetia,33.604609,Modern,,,,
noetia,29.033569,Modern,,,,
noetia,28.179749,Modern,,,,
noetia,33.349832,Modern,,,,
noetia,28.898772,Modern,,,,
noetia,27.265423,Modern,,,,
noetia,37.020805,Modern,,,,
noetia,26.437033,Modern,,,,
noetia,26.608625,Modern,,,,
noetia,33.757042,Modern,,,,
noetia,26.458162,Modern,,,,
noetia,26.875208,Modern,,,,
noetia,35.770668,Modern,,,,
noetia,26.4319,Modern,,,,
noetia,37.92,Modern,,,,
noetia,26.45,Modern,,,,
noetia,26.45,Modern,,,,
noetia,27.781161,Modern,,,,
noetia,33.5167,Modern,,,,
noetia,33.6917,Modern,,,,
noetia,30.2406,Modern,,,,
noetia,25.9583,Modern,,,,
noetia,26.0126,Modern,,,,
noetia,26.444503,Modern,,,,
noetia,25.94121,Modern,,,,
noetia,33.827395,Modern,,,,
noetia,26.334268,Modern,,,,
noetia,26.478065,Modern,,,,
noetia,26.43682,Modern,,,,
noetia,35.22,Modern,,,,
noetia,25.97,Modern,,,,
noetia,31.2,Modern,,,,
noetia,30.61,Modern,,,,
noetia,26.62,Modern,,,,
noetia,36.01,Modern,,,,
noetia,26.44,Modern,,,,
noetia,34.72,Modern,,,,
noetia,35.92,Modern,,,,
noetia,34.32,Modern,,,,
noetia,25.94,Modern,,,,
noetia,38.99,Modern,,,,
noetia,30.29,Modern,,,,
noetia,33.69,Modern,,,,
noetia,39.4,Modern,,,,
noetia,26.3,Modern,,,,
noetia,26.3,Modern,,,,
noetia,29.2199,Modern,,,,
noetia,33.550556,Modern,,,,
noetia,33.522778,Modern,,,,
noetia,26.44,Modern,,,,
noetia,26.433333,Modern,,,,
noetia,25.972222,Modern,,,,
noetia,26.433333,Modern,,,,
noetia,29.0167,Modern,,,,
noetia,34.7233,Modern,,,,
noetia,26.200367,Modern,,,,
noetia,27.664833,Modern,,,,
noetia,26.44,Modern,,,,
noetia,26.522778,Modern,,,,
noetia,26.522778,Modern,,,,
noetia,26.440359,Modern,,,,
noetia,30.666667,Modern,,,,
noetia,26.133333,Modern,,,,
noetia,27.283333,Modern,,,,
mulinia,30.3683,Modern,,,,
mulinia,30.3683,Modern,,,,
mulinia,30.3683,Modern,,,,
mulinia,30.3683,Modern,,,,
mulinia,30.3683,Modern,,,,
mulinia,30.3683,Modern,,,,
mulinia,30.3683,Modern,,,,
mulinia,30.3683,Modern,,,,
mulinia,30.3683,Modern,,,,
mulinia,30.3683,Modern,,,,
mulinia,30.3683,Modern,,,,
mulinia,30.3683,Modern,,,,
mulinia,30.3683,Modern,,,,
mulinia,30.3683,Modern,,,,
mulinia,30.3683,Modern,,,,
mulinia,30.3683,Modern,,,,
mulinia,30.3683,Modern,,,,
mulinia,30.3683,Modern,,,,
mulinia,30.3683,Modern,,,,
mulinia,30.3683,Modern,,,,
mulinia,30.3683,Modern,,,,
mulinia,30.3683,Modern,,,,
mulinia,30.3683,Modern,,,,
mulinia,30.3683,Modern,,,,
mulinia,30.3683,Modern,,,,
mulinia,30.3683,Modern,,,,
mulinia,30.3683,Modern,,,,
mulinia,30.3683,Modern,,,,
mulinia,30.3683,Modern,,,,
mulinia,30.3683,Modern,,,,
mulinia,30.3683,Modern,,,,
mulinia,30.3683,Modern,,,,
mulinia,30.3683,Modern,,,,
mulinia,30.3683,Modern,,,,
mulinia,30.3683,Modern,,,,
mulinia,30.3683,Modern,,,,
mulinia,30.3683,Modern,,,,
mulinia,30.3683,Modern,,,,
mulinia,30.3683,Modern,,,,
mulinia,37.263,Modern,,,,
mulinia,37.263,Modern,,,,
mulinia,31.49264,Modern,,,,
mulinia,27.76609,Modern,,,,
mulinia,38.54706,Modern,,,,
mulinia,26.6159,Modern,,,,
mulinia,27.77431,Modern,,,,
mulinia,39.10185,Modern,,,,
mulinia,39.48622,Modern,,,,
mulinia,39.0851,Modern,,,,
mulinia,27.53115,Modern,,,,
mulinia,26.437049,Modern,,,,
mulinia,25.826811,Modern,,,,
mulinia,33.804112,Modern,,,,
mulinia,29.395864,Modern,,,,
mulinia,33.882054,Modern,,,,
mulinia,33.352945,Modern,,,,
mulinia,28.332722,Modern,,,,
mulinia,30.458,Modern,,,,
mulinia,33.837584,Modern,,,,
mulinia,28.275192,Modern,,,,
mulinia,31.073492,Modern,,,,
mulinia,30.457981,Modern,,,,
mulinia,33.913917,Modern,,,,
mulinia,26.436603,Modern,,,,
mulinia,32.125389,Modern,,,,
mulinia,30.457992,Modern,,,,
mulinia,30.03396,Modern,,,,
mulinia,33.837452,Modern,,,,
mulinia,26.059892,Modern,,,,
mulinia,33.837009,Modern,,,,
mulinia,34.671513,Modern,,,,
mulinia,30.287206,Modern,,,,
mulinia,34.671513,Modern,,,,
mulinia,32.216291,Modern,,,,
mulinia,29.4115,Modern,,,,
mulinia,30.287833,Modern,,,,
mulinia,33.321651,Modern,,,,
mulinia,39.924797,Modern,,,,
mulinia,33.882054,Modern,,,,
mulinia,33.882054,Modern,,,,
mulinia,33.913535,Modern,,,,
mulinia,33.882054,Modern,,,,
mulinia,30.287814,Modern,,,,
mulinia,32.800817,Modern,,,,
mulinia,38.70565,Modern,,,,
mulinia,33.806621,Modern,,,,
mulinia,32.539121,Modern,,,,
mulinia,32.192312,Modern,,,,
mulinia,26.436324,Modern,,,,
mulinia,26.479838,Modern,,,,
mulinia,36.888523,Modern,,,,
mulinia,30.666058,Modern,,,,
mulinia,33.882054,Modern,,,,
mulinia,33.806673,Modern,,,,
mulinia,30.287836,Modern,,,,
mulinia,32.216291,Modern,,,,
mulinia,32.357295,Modern,,,,
mulinia,33.826839,Modern,,,,
mulinia,32.509823,Modern,,,,
mulinia,33.350067,Modern,,,,
mulinia,26.436304,Modern,,,,
mulinia,32.216291,Modern,,,,
mulinia,29.496072,Modern,,,,
mulinia,32.552478,Modern,,,,
mulinia,33.73215,Modern,,,,
mulinia,32.216291,Modern,,,,
mulinia,35.93655,Modern,,,,
mulinia,34.659428,Modern,,,,
mulinia,30.457986,Modern,,,,
mulinia,33.646957,Modern,,,,
mulinia,33.349828,Modern,,,,
mulinia,33.882054,Modern,,,,
mulinia,26.436695,Modern,,,,
mulinia,26.436679,Modern,,,,
mulinia,33.754833,Modern,,,,
mulinia,27.790081,Modern,,,,
mulinia,33.701324,Modern,,,,
mulinia,37.263,Modern,,,,
mulinia,37.0092,Modern,,,,
mulinia,34.72,Modern,,,,
mulinia,30.670342,Modern,,,,
mulinia,27.74828,Modern,,,,
mulinia,26.5708,Modern,,,,
mulinia,27.26584,Modern,,,,
mulinia,32.1233,Modern,,,,
mulinia,26.5708,Modern,,,,
mulinia,26.48808,Modern,,,,
mulinia,27.32273,Modern,,,,
mulinia,26.43711,Modern,,,,
mulinia,26.5708,Modern,,,,
mulinia,29.677686,Modern,,,,
mulinia,32.765,Modern,,,,
mulinia,37.27,Modern,,,,
mulinia,36.01,Modern,,,,
mulinia,38.53,Modern,,,,
mulinia,28.612,Modern,,,,
mulinia,38.44,Modern,,,,
mulinia,38.46,Modern,,,,
mulinia,38.44,Modern,,,,
mulinia,32.79,Modern,,,,
mulinia,38.94,Modern,,,,
mulinia,37.83,Modern,,,,
mulinia,38.53,Modern,,,,
mulinia,38.48,Modern,,,,
mulinia,38.48,Modern,,,,
mulinia,38.43,Modern,,,,
mulinia,38.43,Modern,,,,
mulinia,38.43,Modern,,,,
mulinia,38.44,Modern,,,,
mulinia,38.44,Modern,,,,
mulinia,36.01,Modern,,,,
mulinia,27.77,Modern,,,,
mulinia,39.09,Modern,,,,
mulinia,31.44,Modern,,,,
mulinia,31.19,Modern,,,,
mulinia,38.53,Modern,,,,
mulinia,28.612,Modern,,,,
mulinia,38.48,Modern,,,,
mulinia,38.4,Modern,,,,
mulinia,38.43,Modern,,,,
mulinia,38.44,Modern,,,,
mulinia,38.46,Modern,,,,
mulinia,38.44,Modern,,,,
mulinia,38.44,Modern,,,,
mulinia,40.08,Modern,,,,
mulinia,31.44,Modern,,,,
mulinia,26.62,Modern,,,,
mulinia,26.44,Modern,,,,
mulinia,28.612,Modern,,,,
mulinia,38.44,Modern,,,,
mulinia,38.46,Modern,,,,
mulinia,38.46,Modern,,,,
mulinia,38.44,Modern,,,,
mulinia,34.72,Modern,,,,
mulinia,32.51,Modern,,,,
mulinia,25.97,Modern,,,,
mulinia,28.38,Modern,,,,
mulinia,37.83,Modern,,,,
mulinia,38.53,Modern,,,,
mulinia,38.53,Modern,,,,
mulinia,28.612,Modern,,,,
mulinia,38.48,Modern,,,,
mulinia,38.42,Modern,,,,
mulinia,38.4,Modern,,,,
mulinia,38.43,Modern,,,,
mulinia,38.46,Modern,,,,
mulinia,38.44,Modern,,,,
mulinia,38.46,Modern,,,,
mulinia,38.9917,Modern,,,,
mulinia,32.79,Modern,,,,
mulinia,32.77,Modern,,,,
mulinia,35.13,Modern,,,,
mulinia,39.364,Modern,,,,
mulinia,34.574,Modern,,,,
mulinia,38.563174,Modern,,,,
mulinia,27.344,Modern,,,,
mulinia,26.5708,Modern,,,,
mulinia,26.5708,Modern,,,,
mulinia,32.2355,Modern,,,,
mulinia,26.43711,Modern,,,,
mulinia,26.5708,Modern,,,,
mulinia,32.19361,Modern,,,,
mulinia,27.34728,Modern,,,,
mulinia,29.677686,Modern,,,,
mulinia,26.6147,Modern,,,,
mulinia,32.19361,Modern,,,,
mulinia,37.603897,Modern,,,,
mulinia,32.1934,Modern,,,,
mulinia,32.2,Modern,,,,
mulinia,32.777701,Modern,,,,
mulinia,32.800817,Modern,,,,
mulinia,30.595012,Modern,,,,
mulinia,35.936562,Modern,,,,
mulinia,28.6133,Modern,,,,
mulinia,28.605,Modern,,,,
mulinia,28.6183,Modern,,,,
mulinia,26.45,Modern,,,,
mulinia,28.6117,Modern,,,,
mulinia,39.357249,Modern,,,,
mulinia,38.99,Modern,,,,
mulinia,39.23,Modern,,,,
mulinia,33.69,Modern,,,,
mulinia,31.22,Modern,,,,
mulinia,38.53,Modern,,,,
mulinia,37.22,Modern,,,,
mulinia,38.46,Modern,,,,
mulinia,38.43,Modern,,,,
mulinia,38.43,Modern,,,,
mulinia,38.43,Modern,,,,
mulinia,38.44,Modern,,,,
mulinia,38.44,Modern,,,,
mulinia,37.27,Modern,,,,
mulinia,40.08,Modern,,,,
mulinia,39.09,Modern,,,,
mulinia,38.53,Modern,,,,
mulinia,38.44,Modern,,,,
mulinia,38.44,Modern,,,,
mulinia,38.44,Modern,,,,
mulinia,38.43,Modern,,,,
mulinia,38.43,Modern,,,,
mulinia,32.77,Modern,,,,
mulinia,33.82,Modern,,,,
mulinia,39.19,Modern,,,,
mulinia,37.83,Modern,,,,
mulinia,37.83,Modern,,,,
mulinia,38.53,Modern,,,,
mulinia,38.46,Modern,,,,
mulinia,38.46,Modern,,,,
mulinia,38.46,Modern,,,,
mulinia,38.46,Modern,,,,
mulinia,38.43,Modern,,,,
mulinia,38.43,Modern,,,,
mulinia,38.43,Modern,,,,
mulinia,38.44,Modern,,,,
mulinia,27.4,Modern,,,,
mulinia,27.4,Modern,,,,
mulinia,37.9833,Modern,,,,
mulinia,24.71861,Modern,,,,
mulinia,34.5873,Modern,,,,
mulinia,31.19,Modern,,,,
mulinia,30.15,Modern,,,,
mulinia,38.773707,Modern,,,,
mulinia,37.545333,Modern,,,,
mulinia,37.434667,Modern,,,,
modiolus,26.14204,Modern,,,,
modiolus,24.59174,Modern,,,,
modiolus,26.49758,Modern,,,,
modiolus,27.74836,Modern,,,,
modiolus,34.71624,Modern,,,,
modiolus,24.82443,Modern,,,,
modiolus,28.0231,Modern,,,,
modiolus,29.07867,Modern,,,,
modiolus,34.71624,Modern,,,,
modiolus,32.33993,Modern,,,,
modiolus,28.34865,Modern,,,,
modiolus,28.32001,Modern,,,,
modiolus,27.39057,Modern,,,,
modiolus,24.7485,Modern,,,,
modiolus,24.815082,Modern,,,,
modiolus,27.762606,Modern,,,,
modiolus,26.436211,Modern,,,,
modiolus,26.436883,Modern,,,,
modiolus,25.88149,Modern,,,,
modiolus,26.523408,Modern,,,,
modiolus,26.43608,Modern,,,,
modiolus,26.479679,Modern,,,,
modiolus,26.436167,Modern,,,,
modiolus,26.436671,Modern,,,,
modiolus,26.435954,Modern,,,,
modiolus,26.485529,Modern,,,,
modiolus,26.436075,Modern,,,,
modiolus,33.913558,Modern,,,,
modiolus,25.093692,Modern,,,,
modiolus,25.937363,Modern,,,,
modiolus,25.706106,Modern,,,,
modiolus,26.479771,Modern,,,,
modiolus,29.767744,Modern,,,,
modiolus,26.436181,Modern,,,,
modiolus,36.380288,Modern,,,,
modiolus,26.467142,Modern,,,,
modiolus,26.43658,Modern,,,,
modiolus,26.423215,Modern,,,,
modiolus,26.436429,Modern,,,,
modiolus,27.134566,Modern,,,,
modiolus,26.436239,Modern,,,,
modiolus,27.123346,Modern,,,,
modiolus,26.43619,Modern,,,,
modiolus,26.437105,Modern,,,,
modiolus,26.436894,Modern,,,,
modiolus,26.02241,Modern,,,,
modiolus,26.43611,Modern,,,,
modiolus,26.436602,Modern,,,,
modiolus,29.737823,Modern,,,,
modiolus,26.436283,Modern,,,,
modiolus,25.46,Modern,,,,
modiolus,28,Modern,,,,
modiolus,29.75,Modern,,,,
modiolus,27.25811,Modern,,,,
modiolus,27.69763,Modern,,,,
modiolus,27.69763,Modern,,,,
modiolus,25.71541,Modern,,,,
modiolus,26.52813,Modern,,,,
modiolus,24.7613,Modern,,,,
modiolus,27.79585,Modern,,,,
modiolus,33.68889,Modern,,,,
modiolus,30.670342,Modern,,,,
modiolus,24.7517,Modern,,,,
modiolus,26.5708,Modern,,,,
modiolus,26.3689,Modern,,,,
modiolus,26.5708,Modern,,,,
modiolus,24.7607,Modern,,,,
modiolus,28.14592,Modern,,,,
modiolus,24.7584,Modern,,,,
modiolus,24.7484,Modern,,,,
modiolus,26.43711,Modern,,,,
modiolus,25.71541,Modern,,,,
modiolus,26.757536,Modern,,,,
modiolus,26.44,Modern,,,,
modiolus,38.94,Modern,,,,
modiolus,39.97,Modern,,,,
modiolus,29.76,Modern,,,,
modiolus,25.69,Modern,,,,
modiolus,33.69,Modern,,,,
modiolus,38.99,Modern,,,,
modiolus,25.69,Modern,,,,
modiolus,27.4569,Modern,,,,
modiolus,26.436283,Modern,,,,
modiolus,25.77633,Modern,,,,
modiolus,34.7873,Modern,,,,
modiolus,26.14359,Modern,,,,
modiolus,28.20673,Modern,,,,
modiolus,26.52813,Modern,,,,
modiolus,27.45694,Modern,,,,
modiolus,27.97805,Modern,,,,
modiolus,27.875,Modern,,,,
modiolus,24.76,Modern,,,,
modiolus,27.8958,Modern,,,,
modiolus,27.4667,Modern,,,,
modiolus,24.76,Modern,,,,
modiolus,24.865642,Modern,,,,
modiolus,26.62,Modern,,,,
modiolus,24.57,Modern,,,,
modiolus,27.45,Modern,,,,
modiolus,33.82,Modern,,,,
modiolus,38.94,Modern,,,,
modiolus,40.08,Modern,,,,
modiolus,26.3,Modern,,,,
modiolus,26.3,Modern,,,,
modiolus,26.433333,Modern,,,,
modiolus,26.44,Modern,,,,
modiolus,34.7233,Modern,,,,
modiolus,26.44,Modern,,,,
modiolus,24.819859,Modern,,,,
modiolus,25.335671,Modern,,,,
modiolus,26.44,Modern,,,,
modiolus,30.15,Modern,,,,
modiolus,24.816667,Modern,,,,
modiolus,24.816667,Modern,,,,
modiolus,28,Modern,,,,
cyclocardia,40.444718,Modern,,,,
cyclocardia,36.915387,Modern,,,,
cyclocardia,40.44891,Modern,,,,
cyclocardia,36.340563,Modern,,,,
cyclocardia,37.938456,Modern,,,,
cyclocardia,40.446347,Modern,,,,
cyclocardia,36.918328,Modern,,,,
cyclocardia,38.51289,Modern,,,,
cyclocardia,40.442858,Modern,,,,
cyclocardia,40.446325,Modern,,,,
cyclocardia,37.0567,Modern,,,,
cyclocardia,37.0567,Modern,,,,
cyclocardia,34.7873,Modern,,,,
cyclocardia,38.95,Modern,,,,
crepidula,30.3683,Modern,,,,
crepidula,30.3683,Modern,,,,
crepidula,30.3683,Modern,,,,
crepidula,27.4655,Modern,,,,
crepidula,28.5,Modern,,,,
crepidula,28.5,Modern,,,,
crepidula,26.45,Modern,,,,
crepidula,26.45,Modern,,,,
crepidula,26.45,Modern,,,,
crepidula,26.45,Modern,,,,
crepidula,27.74836,Modern,,,,
crepidula,27.24394,Modern,,,,
crepidula,38.42761,Modern,,,,
crepidula,34.71624,Modern,,,,
crepidula,26.66395,Modern,,,,
crepidula,34.71624,Modern,,,,
crepidula,26.49532,Modern,,,,
crepidula,38.25338,Modern,,,,
crepidula,34.71624,Modern,,,,
crepidula,25.93316,Modern,,,,
crepidula,26.48782,Modern,,,,
crepidula,26.66395,Modern,,,,
crepidula,27.74836,Modern,,,,
crepidula,26.68186,Modern,,,,
crepidula,24.68827,Modern,,,,
crepidula,26.68186,Modern,,,,
crepidula,38.42761,Modern,,,,
crepidula,27.47752,Modern,,,,
crepidula,32.79802,Modern,,,,
crepidula,33.01384,Modern,,,,
crepidula,28.34865,Modern,,,,
crepidula,38.50012,Modern,,,,
crepidula,27.62457,Modern,,,,
crepidula,25.9123,Modern,,,,
crepidula,27.76609,Modern,,,,
crepidula,25.93316,Modern,,,,
crepidula,27.76609,Modern,,,,
crepidula,26.66395,Modern,,,,
crepidula,34.71624,Modern,,,,
crepidula,32.79802,Modern,,,,
crepidula,24.59174,Modern,,,,
crepidula,34.71822,Modern,,,,
crepidula,28.34993,Modern,,,,
crepidula,33.23517,Modern,,,,
crepidula,34.71624,Modern,,,,
crepidula,27.38219,Modern,,,,
crepidula,34.71624,Modern,,,,
crepidula,27.74836,Modern,,,,
crepidula,34.71624,Modern,,,,
crepidula,24.59174,Modern,,,,
crepidula,35.91,Modern,,,,
crepidula,27.246671,Modern,,,,
crepidula,26.439708,Modern,,,,
crepidula,35.211961,Modern,,,,
crepidula,25.919766,Modern,,,,
crepidula,38.579272,Modern,,,,
crepidula,26.436106,Modern,,,,
crepidula,36.689717,Modern,,,,
crepidula,25.937363,Modern,,,,
crepidula,33.57442,Modern,,,,
crepidula,38.607386,Modern,,,,
crepidula,38.764372,Modern,,,,
crepidula,38.821506,Modern,,,,
crepidula,34.647747,Modern,,,,
crepidula,26.490735,Modern,,,,
crepidula,30.231396,Modern,,,,
crepidula,26.436457,Modern,,,,
crepidula,38.950849,Modern,,,,
crepidula,32.801523,Modern,,,,
crepidula,38.434985,Modern,,,,
crepidula,25.91732,Modern,,,,
crepidula,26.640597,Modern,,,,
crepidula,40.317326,Modern,,,,
crepidula,27.089867,Modern,,,,
crepidula,26.436715,Modern,,,,
crepidula,39.196153,Modern,,,,
crepidula,31.905466,Modern,,,,
crepidula,39.142013,Modern,,,,
crepidula,27.769194,Modern,,,,
crepidula,27.78993,Modern,,,,
crepidula,38.965545,Modern,,,,
crepidula,30.276803,Modern,,,,
crepidula,34.697213,Modern,,,,
crepidula,35.251592,Modern,,,,
crepidula,33.915076,Modern,,,,
crepidula,39.136547,Modern,,,,
crepidula,39.997447,Modern,,,,
crepidula,39.336232,Modern,,,,
crepidula,38.23812,Modern,,,,
crepidula,33.882054,Modern,,,,
crepidula,29.832072,Modern,,,,
crepidula,35.902604,Modern,,,,
crepidula,40.431717,Modern,,,,
crepidula,38.692194,Modern,,,,
crepidula,39.097555,Modern,,,,
crepidula,26.444717,Modern,,,,
crepidula,37.989166,Modern,,,,
crepidula,37.988066,Modern,,,,
crepidula,33.505949,Modern,,,,
crepidula,38.741958,Modern,,,,
crepidula,30.287844,Modern,,,,
crepidula,26.522023,Modern,,,,
crepidula,39.033318,Modern,,,,
crepidula,39.850013,Modern,,,,
crepidula,32.503738,Modern,,,,
crepidula,28.137329,Modern,,,,
crepidula,26.479745,Modern,,,,
crepidula,38.531861,Modern,,,,
crepidula,37.170321,Modern,,,,
crepidula,39.108215,Modern,,,,
crepidula,33.839413,Modern,,,,
crepidula,38.974002,Modern,,,,
crepidula,40.473553,Modern,,,,
crepidula,39.174647,Modern,,,,
crepidula,40.458723,Modern,,,,
crepidula,26.066589,Modern,,,,
crepidula,34.647705,Modern,,,,
crepidula,33.757042,Modern,,,,
crepidula,29.724398,Modern,,,,
crepidula,39.320248,Modern,,,,
crepidula,27.789919,Modern,,,,
crepidula,39.895291,Modern,,,,
crepidula,25.929553,Modern,,,,
crepidula,38.94865,Modern,,,,
crepidula,40.213898,Modern,,,,
crepidula,38.516501,Modern,,,,
crepidula,35.222908,Modern,,,,
crepidula,33.805621,Modern,,,,
crepidula,28.679663,Modern,,,,
crepidula,39.852768,Modern,,,,
crepidula,30.16262,Modern,,,,
crepidula,27.695686,Modern,,,,
crepidula,27.099281,Modern,,,,
crepidula,26.217747,Modern,,,,
crepidula,26.527349,Modern,,,,
crepidula,28.640203,Modern,,,,
crepidula,33.8,Modern,,,,
crepidula,25.920245,Modern,,,,
crepidula,27.632624,Modern,,,,
crepidula,39.172427,Modern,,,,
crepidula,26.436379,Modern,,,,
crepidula,38.983767,Modern,,,,
crepidula,38.62915,Modern,,,,
crepidula,36.130697,Modern,,,,
crepidula,26.441928,Modern,,,,
crepidula,26.163474,Modern,,,,
crepidula,31.905466,Modern,,,,
crepidula,33.882054,Modern,,,,
crepidula,27.789902,Modern,,,,
crepidula,27.247752,Modern,,,,
crepidula,28.040907,Modern,,,,
crepidula,39.353827,Modern,,,,
crepidula,29.639263,Modern,,,,
crepidula,39.142013,Modern,,,,
crepidula,38.60565,Modern,,,,
crepidula,39.174647,Modern,,,,
crepidula,28.99473,Modern,,,,
crepidula,39.087361,Modern,,,,
crepidula,27.709097,Modern,,,,
crepidula,39.817902,Modern,,,,
crepidula,38.79347,Modern,,,,
crepidula,34.647563,Modern,,,,
crepidula,39.924797,Modern,,,,
crepidula,38.767262,Modern,,,,
crepidula,40.415745,Modern,,,,
crepidula,30.150794,Modern,,,,
crepidula,35.251775,Modern,,,,
crepidula,27.946162,Modern,,,,
crepidula,26.480496,Modern,,,,
crepidula,29.661,Modern,,,,
crepidula,25.939741,Modern,,,,
crepidula,26.436493,Modern,,,,
crepidula,27.011147,Modern,,,,
crepidula,27.797024,Modern,,,,
crepidula,38.783545,Modern,,,,
crepidula,40.479313,Modern,,,,
crepidula,27.012736,Modern,,,,
crepidula,33.8106,Modern,,,,
crepidula,27.23907,Modern,,,,
crepidula,35.222992,Modern,,,,
crepidula,26.425421,Modern,,,,
crepidula,38.449253,Modern,,,,
crepidula,38.881767,Modern,,,,
crepidula,38.958037,Modern,,,,
crepidula,33.350032,Modern,,,,
crepidula,29.639647,Modern,,,,
crepidula,35.231385,Modern,,,,
crepidula,39.172366,Modern,,,,
crepidula,26.443312,Modern,,,,
crepidula,38.187492,Modern,,,,
crepidula,33.350045,Modern,,,,
crepidula,28.674772,Modern,,,,
crepidula,39.274442,Modern,,,,
crepidula,38.188625,Modern,,,,
crepidula,35.252377,Modern,,,,
crepidula,40.202527,Modern,,,,
crepidula,39.2621,Modern,,,,
crepidula,40.40291,Modern,,,,
crepidula,35.250933,Modern,,,,
crepidula,39.098513,Modern,,,,
crepidula,26.503752,Modern,,,,
crepidula,33.349828,Modern,,,,
crepidula,40.473567,Modern,,,,
crepidula,39.852768,Modern,,,,
crepidula,35.245993,Modern,,,,
crepidula,38.780418,Modern,,,,
crepidula,27.134566,Modern,,,,
crepidula,39.261452,Modern,,,,
crepidula,38.610575,Modern,,,,
crepidula,36.949117,Modern,,,,
crepidula,26.930579,Modern,,,,
crepidula,26.527578,Modern,,,,
crepidula,27.099304,Modern,,,,
crepidula,38.673578,Modern,,,,
crepidula,39.137378,Modern,,,,
crepidula,36.738163,Modern,,,,
crepidula,28.059023,Modern,,,,
crepidula,38.607417,Modern,,,,
crepidula,27.768869,Modern,,,,
crepidula,35.220931,Modern,,,,
crepidula,39.13755,Modern,,,,
crepidula,32.779675,Modern,,,,
crepidula,26.481281,Modern,,,,
crepidula,35.231081,Modern,,,,
crepidula,27.740955,Modern,,,,
crepidula,29.887575,Modern,,,,
crepidula,26.436449,Modern,,,,
crepidula,38.207523,Modern,,,,
crepidula,35.339479,Modern,,,,
crepidula,27.307679,Modern,,,,
crepidula,38.951535,Modern,,,,
crepidula,38.248656,Modern,,,,
crepidula,33.349828,Modern,,,,
crepidula,33.732443,Modern,,,,
crepidula,35.558493,Modern,,,,
crepidula,38.951032,Modern,,,,
crepidula,38.23998,Modern,,,,
crepidula,26.480497,Modern,,,,
crepidula,35.106217,Modern,,,,
crepidula,28.669894,Modern,,,,
crepidula,38.207523,Modern,,,,
crepidula,38.606964,Modern,,,,
crepidula,26.480728,Modern,,,,
crepidula,26.435942,Modern,,,,
crepidula,26.59111,Modern,,,,
crepidula,38.433453,Modern,,,,
crepidula,38.744719,Modern,,,,
crepidula,26.548389,Modern,,,,
crepidula,30.35463,Modern,,,,
crepidula,27.011147,Modern,,,,
crepidula,27.271044,Modern,,,,
crepidula,26.436507,Modern,,,,
crepidula,33.732364,Modern,,,,
crepidula,37.601824,Modern,,,,
crepidula,26.436968,Modern,,,,
crepidula,26.480491,Modern,,,,
crepidula,39.925161,Modern,,,,
crepidula,38.910219,Modern,,,,
crepidula,27.790545,Modern,,,,
crepidula,36.914181,Modern,,,,
crepidula,36.851124,Modern,,,,
crepidula,25.928553,Modern,,,,
crepidula,38.764001,Modern,,,,
crepidula,33.350088,Modern,,,,
crepidula,33.96313,Modern,,,,
crepidula,27.688492,Modern,,,,
crepidula,38.768969,Modern,,,,
crepidula,26.436387,Modern,,,,
crepidula,34.671513,Modern,,,,
crepidula,25.894378,Modern,,,,
crepidula,26.428394,Modern,,,,
crepidula,40.214388,Modern,,,,
crepidula,38.965674,Modern,,,,
crepidula,35.223594,Modern,,,,
crepidula,40.201822,Modern,,,,
crepidula,36.921919,Modern,,,,
crepidula,39.353319,Modern,,,,
crepidula,35.218983,Modern,,,,
crepidula,38.793394,Modern,,,,
crepidula,26.130589,Modern,,,,
crepidula,38.237153,Modern,,,,
crepidula,36.150082,Modern,,,,
crepidula,36.131559,Modern,,,,
crepidula,39.174675,Modern,,,,
crepidula,38.753714,Modern,,,,
crepidula,35.226288,Modern,,,,
crepidula,40.173017,Modern,,,,
crepidula,26.330725,Modern,,,,
crepidula,38.200859,Modern,,,,
crepidula,29.72487,Modern,,,,
crepidula,26.452025,Modern,,,,
crepidula,38.806023,Modern,,,,
crepidula,38.712522,Modern,,,,
crepidula,27.797963,Modern,,,,
crepidula,28.12764,Modern,,,,
crepidula,35.934719,Modern,,,,
crepidula,39.32198,Modern,,,,
crepidula,40.422966,Modern,,,,
crepidula,26.682388,Modern,,,,
crepidula,38.806023,Modern,,,,
crepidula,37.084483,Modern,,,,
crepidula,28.680883,Modern,,,,
crepidula,39.193551,Modern,,,,
crepidula,35.212307,Modern,,,,
crepidula,40.461702,Modern,,,,
crepidula,26.437069,Modern,,,,
crepidula,27.751275,Modern,,,,
crepidula,26.446063,Modern,,,,
crepidula,38.607453,Modern,,,,
crepidula,25.92567,Modern,,,,
crepidula,39.142013,Modern,,,,
crepidula,40.416906,Modern,,,,
crepidula,28.672291,Modern,,,,
crepidula,26.460903,Modern,,,,
crepidula,27.24653,Modern,,,,
crepidula,25.858841,Modern,,,,
crepidula,38.780657,Modern,,,,
crepidula,33.966052,Modern,,,,
crepidula,27.690271,Modern,,,,
crepidula,38.951535,Modern,,,,
crepidula,35.889349,Modern,,,,
crepidula,26.442189,Modern,,,,
crepidula,38.577992,Modern,,,,
crepidula,38.806023,Modern,,,,
crepidula,26.460908,Modern,,,,
crepidula,33.376834,Modern,,,,
crepidula,33.882054,Modern,,,,
crepidula,26.412408,Modern,,,,
crepidula,35.220938,Modern,,,,
crepidula,38.767788,Modern,,,,
crepidula,33.355004,Modern,,,,
crepidula,35.198903,Modern,,,,
crepidula,39.103294,Modern,,,,
crepidula,38.932688,Modern,,,,
crepidula,39.033323,Modern,,,,
crepidula,39.031419,Modern,,,,
crepidula,35.212082,Modern,,,,
crepidula,26.481575,Modern,,,,
crepidula,38.504983,Modern,,,,
crepidula,29.703239,Modern,,,,
crepidula,37.081518,Modern,,,,
crepidula,39.181335,Modern,,,,
crepidula,33.350071,Modern,,,,
crepidula,38.793322,Modern,,,,
crepidula,33.349994,Modern,,,,
crepidula,39.924797,Modern,,,,
crepidula,39.19783,Modern,,,,
crepidula,26.485878,Modern,,,,
crepidula,39.178228,Modern,,,,
crepidula,39.13647,Modern,,,,
crepidula,38.948692,Modern,,,,
crepidula,35.225053,Modern,,,,
crepidula,28.32,Modern,,,,
crepidula,38.217425,Modern,,,,
crepidula,32.513033,Modern,,,,
crepidula,39.243353,Modern,,,,
crepidula,38.948692,Modern,,,,
crepidula,28.125,Modern,,,,
crepidula,39.114947,Modern,,,,
crepidula,26.457356,Modern,,,,
crepidula,26.436981,Modern,,,,
crepidula,27.099335,Modern,,,,
crepidula,38.196025,Modern,,,,
crepidula,26.608625,Modern,,,,
crepidula,28.388288,Modern,,,,
crepidula,35.25644,Modern,,,,
crepidula,26.436268,Modern,,,,
crepidula,33.826839,Modern,,,,
crepidula,35.231091,Modern,,,,
crepidula,39.228931,Modern,,,,
crepidula,35.21195,Modern,,,,
crepidula,32.3143,Modern,,,,
crepidula,38.213242,Modern,,,,
crepidula,39.1376,Modern,,,,
crepidula,26.43639,Modern,,,,
crepidula,36.911751,Modern,,,,
crepidula,26.436033,Modern,,,,
crepidula,27.252096,Modern,,,,
crepidula,31.628887,Modern,,,,
crepidula,26.443397,Modern,,,,
crepidula,36.914809,Modern,,,,
crepidula,40.285869,Modern,,,,
crepidula,38.690013,Modern,,,,
crepidula,26.996828,Modern,,,,
crepidula,40.500574,Modern,,,,
crepidula,39.098504,Modern,,,,
crepidula,27.266009,Modern,,,,
crepidula,27.503705,Modern,,,,
crepidula,40.445722,Modern,,,,
crepidula,38.609036,Modern,,,,
crepidula,40.479313,Modern,,,,
crepidula,36.692462,Modern,,,,
crepidula,26.437466,Modern,,,,
crepidula,39.179425,Modern,,,,
crepidula,38.983767,Modern,,,,
crepidula,39.172427,Modern,,,,
crepidula,33.806581,Modern,,,,
crepidula,39.817902,Modern,,,,
crepidula,36.132453,Modern,,,,
crepidula,28.690003,Modern,,,,
crepidula,33.9106,Modern,,,,
crepidula,30.464894,Modern,,,,
crepidula,27.794856,Modern,,,,
crepidula,27.247245,Modern,,,,
crepidula,38.204323,Modern,,,,
crepidula,26.220685,Modern,,,,
crepidula,33.89333,Modern,,,,
crepidula,39.13729,Modern,,,,
crepidula,38.327619,Modern,,,,
crepidula,29.893179,Modern,,,,
crepidula,38.607578,Modern,,,,
crepidula,26.436387,Modern,,,,
crepidula,38.605342,Modern,,,,
crepidula,33.700001,Modern,,,,
crepidula,38.61109,Modern,,,,
crepidula,28.320913,Modern,,,,
crepidula,26.318412,Modern,,,,
crepidula,29.773202,Modern,,,,
crepidula,28.671885,Modern,,,,
crepidula,33.881279,Modern,,,,
crepidula,34.67794,Modern,,,,
crepidula,39.035478,Modern,,,,
crepidula,38.241017,Modern,,,,
crepidula,39.024778,Modern,,,,
crepidula,32.562966,Modern,,,,
crepidula,29.716953,Modern,,,,
crepidula,38.747753,Modern,,,,
crepidula,38.698974,Modern,,,,
crepidula,40.446102,Modern,,,,
crepidula,38.233162,Modern,,,,
crepidula,39.925161,Modern,,,,
crepidula,39.422805,Modern,,,,
crepidula,39.311417,Modern,,,,
crepidula,38.951535,Modern,,,,
crepidula,38.688231,Modern,,,,
crepidula,35.266706,Modern,,,,
crepidula,40.442131,Modern,,,,
crepidula,35.223022,Modern,,,,
crepidula,34.646206,Modern,,,,
crepidula,26.436767,Modern,,,,
crepidula,38.516501,Modern,,,,
crepidula,28.680883,Modern,,,,
crepidula,25.919392,Modern,,,,
crepidula,38.61109,Modern,,,,
crepidula,39.171287,Modern,,,,
crepidula,40.404963,Modern,,,,
crepidula,37.904408,Modern,,,,
crepidula,26.436435,Modern,,,,
crepidula,38.629228,Modern,,,,
crepidula,33.731216,Modern,,,,
crepidula,26.428394,Modern,,,,
crepidula,39.13557,Modern,,,,
crepidula,40.430843,Modern,,,,
crepidula,26.436435,Modern,,,,
crepidula,38.695489,Modern,,,,
crepidula,27.801066,Modern,,,,
crepidula,40.101605,Modern,,,,
crepidula,32.248067,Modern,,,,
crepidula,26.436697,Modern,,,,
crepidula,38.782425,Modern,,,,
crepidula,35.213862,Modern,,,,
crepidula,39.349928,Modern,,,,
crepidula,39.0579,Modern,,,,
crepidula,26.436715,Modern,,,,
crepidula,39.193309,Modern,,,,
crepidula,38.516501,Modern,,,,
crepidula,38.592556,Modern,,,,
crepidula,26.211466,Modern,,,,
crepidula,39.142013,Modern,,,,
crepidula,25.939741,Modern,,,,
crepidula,38.951535,Modern,,,,
crepidula,38.782945,Modern,,,,
crepidula,34.672912,Modern,,,,
crepidula,38.440948,Modern,,,,
crepidula,33.731709,Modern,,,,
crepidula,39.262042,Modern,,,,
crepidula,26.477794,Modern,,,,
crepidula,26.435811,Modern,,,,
crepidula,38.689753,Modern,,,,
crepidula,38.6929,Modern,,,,
crepidula,27.487878,Modern,,,,
crepidula,26.436718,Modern,,,,
crepidula,34.679478,Modern,,,,
crepidula,27.79808,Modern,,,,
crepidula,38.695353,Modern,,,,
crepidula,33.963394,Modern,,,,
crepidula,32.784088,Modern,,,,
crepidula,39.408855,Modern,,,,
crepidula,40.479313,Modern,,,,
crepidula,30.297165,Modern,,,,
crepidula,26.435934,Modern,,,,
crepidula,37.952972,Modern,,,,
crepidula,38.711497,Modern,,,,
crepidula,30.158008,Modern,,,,
crepidula,38.771105,Modern,,,,
crepidula,38.527022,Modern,,,,
crepidula,38.189464,Modern,,,,
crepidula,26.434794,Modern,,,,
crepidula,38.604958,Modern,,,,
crepidula,38.204118,Modern,,,,
crepidula,38.44802,Modern,,,,
crepidula,38.748945,Modern,,,,
crepidula,33.914445,Modern,,,,
crepidula,26.479703,Modern,,,,
crepidula,38.607422,Modern,,,,
crepidula,26.48584,Modern,,,,
crepidula,26.436666,Modern,,,,
crepidula,33.826839,Modern,,,,
crepidula,28.992691,Modern,,,,
crepidula,28.122992,Modern,,,,
crepidula,32.372144,Modern,,,,
crepidula,29.639222,Modern,,,,
crepidula,39.169135,Modern,,,,
crepidula,33.626575,Modern,,,,
crepidula,27.134566,Modern,,,,
crepidula,28.655403,Modern,,,,
crepidula,37.272433,Modern,,,,
crepidula,38.52755,Modern,,,,
crepidula,38.670158,Modern,,,,
crepidula,26.479764,Modern,,,,
crepidula,38.189487,Modern,,,,
crepidula,34.647555,Modern,,,,
crepidula,38.793463,Modern,,,,
crepidula,39.076883,Modern,,,,
crepidula,29.831914,Modern,,,,
crepidula,26.479807,Modern,,,,
crepidula,27.269297,Modern,,,,
crepidula,40.479313,Modern,,,,
crepidula,26.436237,Modern,,,,
crepidula,38.692791,Modern,,,,
crepidula,33.882054,Modern,,,,
crepidula,40.143567,Modern,,,,
crepidula,27.896002,Modern,,,,
crepidula,33.350013,Modern,,,,
crepidula,27.126269,Modern,,,,
crepidula,38.600555,Modern,,,,
crepidula,39.379585,Modern,,,,
crepidula,40.458899,Modern,,,,
crepidula,33.514562,Modern,,,,
crepidula,39.280379,Modern,,,,
crepidula,26.44192,Modern,,,,
crepidula,39.354164,Modern,,,,
crepidula,26.43622,Modern,,,,
crepidula,39.915583,Modern,,,,
crepidula,27.762165,Modern,,,,
crepidula,36.143696,Modern,,,,
crepidula,34.647482,Modern,,,,
crepidula,35.230863,Modern,,,,
crepidula,38.721648,Modern,,,,
crepidula,38.965635,Modern,,,,
crepidula,36.687389,Modern,,,,
crepidula,28.719613,Modern,,,,
crepidula,27.730828,Modern,,,,
crepidula,40.45921,Modern,,,,
crepidula,32.109658,Modern,,,,
crepidula,33.350015,Modern,,,,
crepidula,38.246736,Modern,,,,
crepidula,39.923144,Modern,,,,
crepidula,33.752594,Modern,,,,
crepidula,28.555893,Modern,,,,
crepidula,28.71932,Modern,,,,
crepidula,39.924797,Modern,,,,
crepidula,39.100862,Modern,,,,
crepidula,33.514562,Modern,,,,
crepidula,38.806023,Modern,,,,
crepidula,38.91289,Modern,,,,
crepidula,28.679753,Modern,,,,
crepidula,26.436387,Modern,,,,
crepidula,28.320007,Modern,,,,
crepidula,39.539218,Modern,,,,
crepidula,34.717533,Modern,,,,
crepidula,38.752046,Modern,,,,
crepidula,38.428228,Modern,,,,
crepidula,38.207523,Modern,,,,
crepidula,35.253626,Modern,,,,
crepidula,33.911453,Modern,,,,
crepidula,39.05927,Modern,,,,
crepidula,27.134566,Modern,,,,
crepidula,40.31461,Modern,,,,
crepidula,38.230255,Modern,,,,
crepidula,27.763491,Modern,,,,
crepidula,39.172759,Modern,,,,
crepidula,33.813788,Modern,,,,
crepidula,35.212307,Modern,,,,
crepidula,26.437063,Modern,,,,
crepidula,26.499821,Modern,,,,
crepidula,26.548389,Modern,,,,
crepidula,39.174717,Modern,,,,
crepidula,27.789814,Modern,,,,
crepidula,38.191095,Modern,,,,
crepidula,38.78132,Modern,,,,
crepidula,27.80133,Modern,,,,
crepidula,26.436159,Modern,,,,
crepidula,38.60995,Modern,,,,
crepidula,36.859642,Modern,,,,
crepidula,38.881247,Modern,,,,
crepidula,39.326661,Modern,,,,
crepidula,35.896434,Modern,,,,
crepidula,26.076708,Modern,,,,
crepidula,36.912805,Modern,,,,
crepidula,36.280025,Modern,,,,
crepidula,27.51367,Modern,,,,
crepidula,38.606156,Modern,,,,
crepidula,33.980767,Modern,,,,
crepidula,26.608412,Modern,,,,
crepidula,26.48844,Modern,,,,
crepidula,26.435525,Modern,,,,
crepidula,39.254748,Modern,,,,
crepidula,38.739847,Modern,,,,
crepidula,38.189492,Modern,,,,
crepidula,34.647616,Modern,,,,
crepidula,28.714613,Modern,,,,
crepidula,40.313641,Modern,,,,
crepidula,27.896002,Modern,,,,
crepidula,36.134617,Modern,,,,
crepidula,38.214111,Modern,,,,
crepidula,32.193012,Modern,,,,
crepidula,26.480491,Modern,,,,
crepidula,26.436567,Modern,,,,
crepidula,40.459457,Modern,,,,
crepidula,29.910428,Modern,,,,
crepidula,33.748149,Modern,,,,
crepidula,27.389689,Modern,,,,
crepidula,33.350022,Modern,,,,
crepidula,27.134566,Modern,,,,
crepidula,27.896002,Modern,,,,
crepidula,25.913813,Modern,,,,
crepidula,38.935697,Modern,,,,
crepidula,26.43632,Modern,,,,
crepidula,35.934719,Modern,,,,
crepidula,26.460895,Modern,,,,
crepidula,39.27572,Modern,,,,
crepidula,40.211548,Modern,,,,
crepidula,32.539121,Modern,,,,
crepidula,38.528539,Modern,,,,
crepidula,26.422928,Modern,,,,
crepidula,27.895575,Modern,,,,
crepidula,27.470242,Modern,,,,
crepidula,26.483917,Modern,,,,
crepidula,40.474096,Modern,,,,
crepidula,33.647594,Modern,,,,
crepidula,33.700001,Modern,,,,
crepidula,28.669994,Modern,,,,
crepidula,33.433223,Modern,,,,
crepidula,28.276903,Modern,,,,
crepidula,28.073578,Modern,,,,
crepidula,26.124758,Modern,,,,
crepidula,28.318228,Modern,,,,
crepidula,34.097241,Modern,,,,
crepidula,26.527578,Modern,,,,
crepidula,38.207523,Modern,,,,
crepidula,35.223592,Modern,,,,
crepidula,25.919621,Modern,,,,
crepidula,32.781557,Modern,,,,
crepidula,38.606661,Modern,,,,
crepidula,28.315877,Modern,,,,
crepidula,27.089847,Modern,,,,
crepidula,40.443267,Modern,,,,
crepidula,29.686903,Modern,,,,
crepidula,26.437356,Modern,,,,
crepidula,38.916456,Modern,,,,
crepidula,28.655431,Modern,,,,
crepidula,33.826839,Modern,,,,
crepidula,35.838562,Modern,,,,
crepidula,40.473056,Modern,,,,
crepidula,40.452695,Modern,,,,
crepidula,39.405893,Modern,,,,
crepidula,26.439065,Modern,,,,
crepidula,38.609493,Modern,,,,
crepidula,38.607383,Modern,,,,
crepidula,26.523363,Modern,,,,
crepidula,27.325837,Modern,,,,
crepidula,27.113136,Modern,,,,
crepidula,39.229767,Modern,,,,
crepidula,26.480492,Modern,,,,
crepidula,39.273092,Modern,,,,
crepidula,35.558493,Modern,,,,
crepidula,39.05803,Modern,,,,
crepidula,26.436139,Modern,,,,
crepidula,38.746619,Modern,,,,
crepidula,32.784172,Modern,,,,
crepidula,33.882054,Modern,,,,
crepidula,39.196555,Modern,,,,
crepidula,40.473646,Modern,,,,
crepidula,38.431997,Modern,,,,
crepidula,29.84168,Modern,,,,
crepidula,35.250537,Modern,,,,
crepidula,26.436877,Modern,,,,
crepidula,33.882054,Modern,,,,
crepidula,38.609239,Modern,,,,
crepidula,40.479224,Modern,,,,
crepidula,40.107551,Modern,,,,
crepidula,40.475834,Modern,,,,
crepidula,28.239461,Modern,,,,
crepidula,28.697745,Modern,,,,
crepidula,33.882054,Modern,,,,
crepidula,38.207523,Modern,,,,
crepidula,40.110825,Modern,,,,
crepidula,26.439708,Modern,,,,
crepidula,38.983767,Modern,,,,
crepidula,26.480494,Modern,,,,
crepidula,26.436998,Modern,,,,
crepidula,34.647617,Modern,,,,
crepidula,35.211882,Modern,,,,
crepidula,26.16319,Modern,,,,
crepidula,36.132557,Modern,,,,
crepidula,33.349832,Modern,,,,
crepidula,26.435724,Modern,,,,
crepidula,38.960245,Modern,,,,
crepidula,39.070068,Modern,,,,
crepidula,38.951535,Modern,,,,
crepidula,24.856956,Modern,,,,
crepidula,38.983767,Modern,,,,
crepidula,27.126253,Modern,,,,
crepidula,38.927458,Modern,,,,
crepidula,39.139792,Modern,,,,
crepidula,26.548389,Modern,,,,
crepidula,38.928561,Modern,,,,
crepidula,26.875212,Modern,,,,
crepidula,38.428451,Modern,,,,
crepidula,26.4815,Modern,,,,
crepidula,27.67833,Modern,,,,
crepidula,26.4815,Modern,,,,
crepidula,27.67833,Modern,,,,
crepidula,25.7883,Modern,,,,
crepidula,25.7883,Modern,,,,
crepidula,27.88,Modern,,,,
crepidula,24.72,Modern,,,,
crepidula,25.7883,Modern,,,,
crepidula,27.88,Modern,,,,
crepidula,25.27,Modern,,,,
crepidula,25.7883,Modern,,,,
crepidula,25.7883,Modern,,,,
crepidula,37.0092,Modern,,,,
crepidula,25.77,Modern,,,,
crepidula,26.5708,Modern,,,,
crepidula,36.9305,Modern,,,,
crepidula,26.91299,Modern,,,,
crepidula,26.48808,Modern,,,,
crepidula,27.17981,Modern,,,,
crepidula,24.82,Modern,,,,
crepidula,27.32273,Modern,,,,
crepidula,24.82,Modern,,,,
crepidula,27.97805,Modern,,,,
crepidula,27.97805,Modern,,,,
crepidula,39.26972,Modern,,,,
crepidula,29.6869,Modern,,,,
crepidula,26.757536,Modern,,,,
crepidula,37.13778,Modern,,,,
crepidula,26.14359,Modern,,,,
crepidula,27.629008,Modern,,,,
crepidula,40.12611,Modern,,,,
crepidula,25.9224,Modern,,,,
crepidula,26.5708,Modern,,,,
crepidula,25.1424,Modern,,,,
crepidula,30.670342,Modern,,,,
crepidula,26.6147,Modern,,,,
crepidula,26.35111,Modern,,,,
crepidula,33.9132,Modern,,,,
crepidula,27.25811,Modern,,,,
crepidula,31.14972,Modern,,,,
crepidula,27.79585,Modern,,,,
crepidula,26.4807,Modern,,,,
crepidula,29.8997,Modern,,,,
crepidula,39.32778,Modern,,,,
crepidula,29.0129,Modern,,,,
crepidula,27.79585,Modern,,,,
crepidula,25.9224,Modern,,,,
crepidula,30.29444,Modern,,,,
crepidula,27.79585,Modern,,,,
crepidula,37.59296,Modern,,,,
crepidula,26.14359,Modern,,,,
crepidula,26.612338,Modern,,,,
crepidula,26.5708,Modern,,,,
crepidula,26.43711,Modern,,,,
crepidula,34.7873,Modern,,,,
crepidula,26.43711,Modern,,,,
crepidula,31.48,Modern,,,,
crepidula,29.75,Modern,,,,
crepidula,39.41,Modern,,,,
crepidula,38.54,Modern,,,,
crepidula,39.36,Modern,,,,
crepidula,30.1,Modern,,,,
crepidula,38.54,Modern,,,,
crepidula,26.44,Modern,,,,
crepidula,32.79,Modern,,,,
crepidula,37.85,Modern,,,,
crepidula,26.62,Modern,,,,
crepidula,26.34,Modern,,,,
crepidula,32.38,Modern,,,,
crepidula,26.6156,Modern,,,,
crepidula,39.8183,Modern,,,,
crepidula,38.99,Modern,,,,
crepidula,39.38,Modern,,,,
crepidula,34.72,Modern,,,,
crepidula,28.38,Modern,,,,
crepidula,38.72,Modern,,,,
crepidula,40.08,Modern,,,,
crepidula,38.99,Modern,,,,
crepidula,40.08,Modern,,,,
crepidula,39.1,Modern,,,,
crepidula,34.72,Modern,,,,
crepidula,32.79,Modern,,,,
crepidula,33.82,Modern,,,,
crepidula,26.44,Modern,,,,
crepidula,34.72,Modern,,,,
crepidula,38.72,Modern,,,,
crepidula,38.99,Modern,,,,
crepidula,38.54,Modern,,,,
crepidula,38.94,Modern,,,,
crepidula,27.33,Modern,,,,
crepidula,37.22,Modern,,,,
crepidula,38.9917,Modern,,,,
crepidula,34.72,Modern,,,,
crepidula,38.77,Modern,,,,
crepidula,39.36,Modern,,,,
crepidula,27.97,Modern,,,,
crepidula,39.33,Modern,,,,
crepidula,37.27,Modern,,,,
crepidula,39.28,Modern,,,,
crepidula,38.94,Modern,,,,
crepidula,39.36,Modern,,,,
crepidula,39.8,Modern,,,,
crepidula,27.5,Modern,,,,
crepidula,33.82,Modern,,,,
crepidula,34.72,Modern,,,,
crepidula,36.01,Modern,,,,
crepidula,26.34,Modern,,,,
crepidula,27.5,Modern,,,,
crepidula,24.69,Modern,,,,
crepidula,39.28,Modern,,,,
crepidula,30.42,Modern,,,,
crepidula,39.8183,Modern,,,,
crepidula,39.8183,Modern,,,,
crepidula,34.72,Modern,,,,
crepidula,38.99,Modern,,,,
crepidula,34.72,Modern,,,,
crepidula,26.34,Modern,,,,
crepidula,37.2,Modern,,,,
crepidula,38.94,Modern,,,,
crepidula,35.13,Modern,,,,
crepidula,38.94,Modern,,,,
crepidula,34.72,Modern,,,,
crepidula,39,Modern,,,,
crepidula,30.42,Modern,,,,
crepidula,30.49,Modern,,,,
crepidula,35.13,Modern,,,,
crepidula,26.44,Modern,,,,
crepidula,26.62,Modern,,,,
crepidula,38.94,Modern,,,,
crepidula,26.48,Modern,,,,
crepidula,31.3972,Modern,,,,
crepidula,31.6567,Modern,,,,
crepidula,30.0372,Modern,,,,
crepidula,39.8183,Modern,,,,
crepidula,39.8183,Modern,,,,
crepidula,39.9,Modern,,,,
crepidula,39.87,Modern,,,,
crepidula,26.87,Modern,,,,
crepidula,39.1,Modern,,,,
crepidula,38.98,Modern,,,,
crepidula,34.7181,Modern,,,,
crepidula,39.36,Modern,,,,
crepidula,39.28,Modern,,,,
crepidula,25.97,Modern,,,,
crepidula,32.38,Modern,,,,
crepidula,40.08,Modern,,,,
crepidula,25.97,Modern,,,,
crepidula,28.15,Modern,,,,
crepidula,31.22,Modern,,,,
crepidula,25.69,Modern,,,,
crepidula,39.36,Modern,,,,
crepidula,35.13,Modern,,,,
crepidula,38.99,Modern,,,,
crepidula,26.44,Modern,,,,
crepidula,39.36,Modern,,,,
crepidula,26.34,Modern,,,,
crepidula,26.6156,Modern,,,,
crepidula,38.7744,Modern,,,,
crepidula,27.33,Modern,,,,
crepidula,26.6156,Modern,,,,
crepidula,38.94,Modern,,,,
crepidula,39.8181,Modern,,,,
crepidula,39.8181,Modern,,,,
crepidula,38.94,Modern,,,,
crepidula,39.38,Modern,,,,
crepidula,39.1,Modern,,,,
crepidula,26.07,Modern,,,,
crepidula,38.99,Modern,,,,
crepidula,38.94,Modern,,,,
crepidula,38.94,Modern,,,,
crepidula,38.72,Modern,,,,
crepidula,38.99,Modern,,,,
crepidula,26.14,Modern,,,,
crepidula,26.44,Modern,,,,
crepidula,34.72,Modern,,,,
crepidula,32.77,Modern,,,,
crepidula,26.44,Modern,,,,
crepidula,34.72,Modern,,,,
crepidula,34.72,Modern,,,,
crepidula,38.94,Modern,,,,
crepidula,31.07,Modern,,,,
crepidula,27.1,Modern,,,,
crepidula,26.76,Modern,,,,
crepidula,39,Modern,,,,
crepidula,26.32,Modern,,,,
crepidula,39.8181,Modern,,,,
crepidula,39.8183,Modern,,,,
crepidula,30.294,Modern,,,,
crepidula,26.48,Modern,,,,
crepidula,27.5,Modern,,,,
crepidula,27.5,Modern,,,,
crepidula,37.895119,Modern,,,,
crepidula,27.4655,Modern,,,,
crepidula,32.512726,Modern,,,,
crepidula,27.69763,Modern,,,,
crepidula,28.20673,Modern,,,,
crepidula,27.32273,Modern,,,,
crepidula,27.69763,Modern,,,,
crepidula,26.46867,Modern,,,,
crepidula,32.655,Modern,,,,
crepidula,27.17981,Modern,,,,
crepidula,29.6869,Modern,,,,
crepidula,29.71472,Modern,,,,
crepidula,27.26584,Modern,,,,
crepidula,27.79585,Modern,,,,
crepidula,25.728,Modern,,,,
crepidula,34.71806,Modern,,,,
crepidula,26.5115,Modern,,,,
crepidula,24.71333,Modern,,,,
crepidula,26.48808,Modern,,,,
crepidula,26.5708,Modern,,,,
crepidula,27.78319,Modern,,,,
crepidula,26.43711,Modern,,,,
crepidula,27.79585,Modern,,,,
crepidula,33.9132,Modern,,,,
crepidula,27.64787,Modern,,,,
crepidula,25.9224,Modern,,,,
crepidula,30.670342,Modern,,,,
crepidula,27.69763,Modern,,,,
crepidula,26.6147,Modern,,,,
crepidula,27.465524,Modern,,,,
crepidula,34.716667,Modern,,,,
crepidula,26.444407,Modern,,,,
crepidula,25.933333,Modern,,,,
crepidula,26.494167,Modern,,,,
crepidula,27.336435,Modern,,,,
crepidula,27.336435,Modern,,,,
crepidula,28.110749,Modern,,,,
crepidula,29.900246,Modern,,,,
crepidula,26.957937,Modern,,,,
crepidula,28.316778,Modern,,,,
crepidula,33.731756,Modern,,,,
crepidula,38.951535,Modern,,,,
crepidula,33.806608,Modern,,,,
crepidula,39.172427,Modern,,,,
crepidula,33.913516,Modern,,,,
crepidula,33.583921,Modern,,,,
crepidula,27.470037,Modern,,,,
crepidula,27.900512,Modern,,,,
crepidula,35.210788,Modern,,,,
crepidula,38.219308,Modern,,,,
crepidula,26.43906,Modern,,,,
crepidula,40.474729,Modern,,,,
crepidula,36.691022,Modern,,,,
crepidula,28.676297,Modern,,,,
crepidula,26.439056,Modern,,,,
crepidula,38.241952,Modern,,,,
crepidula,38.782356,Modern,,,,
crepidula,26.436705,Modern,,,,
crepidula,39.191174,Modern,,,,
crepidula,26.583802,Modern,,,,
crepidula,32.562966,Modern,,,,
crepidula,39.326753,Modern,,,,
crepidula,28.5,Modern,,,,
crepidula,26.15,Modern,,,,
crepidula,26.46666,Modern,,,,
crepidula,24.6583,Modern,,,,
crepidula,25.9583,Modern,,,,
crepidula,26.4825,Modern,,,,
crepidula,25.075,Modern,,,,
crepidula,28.6117,Modern,,,,
crepidula,33.5167,Modern,,,,
crepidula,26.4817,Modern,,,,
crepidula,26.45,Modern,,,,
crepidula,28.605,Modern,,,,
crepidula,33.5167,Modern,,,,
crepidula,32.37008,Modern,,,,
crepidula,28.0917,Modern,,,,
crepidula,34.7108,Modern,,,,
crepidula,24.7567,Modern,,,,
crepidula,26.45,Modern,,,,
crepidula,24.7483,Modern,,,,
crepidula,26.5275,Modern,,,,
crepidula,25.9583,Modern,,,,
crepidula,25.9367,Modern,,,,
crepidula,25.9583,Modern,,,,
crepidula,28.605,Modern,,,,
crepidula,26.5275,Modern,,,,
crepidula,25.9717,Modern,,,,
crepidula,27.6283,Modern,,,,
crepidula,25.9583,Modern,,,,
crepidula,30.33218,Modern,,,,
crepidula,26.444503,Modern,,,,
crepidula,26.444503,Modern,,,,
crepidula,26.478065,Modern,,,,
crepidula,27.767519,Modern,,,,
crepidula,26.478065,Modern,,,,
crepidula,26.444503,Modern,,,,
crepidula,26.444503,Modern,,,,
crepidula,25.878401,Modern,,,,
crepidula,38.94,Modern,,,,
crepidula,39.28,Modern,,,,
crepidula,37.83,Modern,,,,
crepidula,34.72,Modern,,,,
crepidula,38.94,Modern,,,,
crepidula,39.36,Modern,,,,
crepidula,25.98,Modern,,,,
crepidula,27.45,Modern,,,,
crepidula,38.94,Modern,,,,
crepidula,25.87,Modern,,,,
crepidula,26.44,Modern,,,,
crepidula,33.38,Modern,,,,
crepidula,26.14,Modern,,,,
crepidula,24.69,Modern,,,,
crepidula,26.87,Modern,,,,
crepidula,25.97,Modern,,,,
crepidula,40.08,Modern,,,,
crepidula,34.72,Modern,,,,
crepidula,39.33,Modern,,,,
crepidula,27.77,Modern,,,,
crepidula,29.81,Modern,,,,
crepidula,31.6567,Modern,,,,
crepidula,25.0861,Modern,,,,
crepidula,30.0372,Modern,,,,
crepidula,40.08,Modern,,,,
crepidula,27.58,Modern,,,,
crepidula,38,Modern,,,,
crepidula,37.2,Modern,,,,
crepidula,37.22,Modern,,,,
crepidula,37.22,Modern,,,,
crepidula,27.97,Modern,,,,
crepidula,38.99,Modern,,,,
crepidula,37.85,Modern,,,,
crepidula,39.19,Modern,,,,
crepidula,28.15,Modern,,,,
crepidula,38.94,Modern,,,,
crepidula,37.93,Modern,,,,
crepidula,38.99,Modern,,,,
crepidula,38.72,Modern,,,,
crepidula,39.36,Modern,,,,
crepidula,27.77,Modern,,,,
crepidula,39.36,Modern,,,,
crepidula,26.45,Modern,,,,
crepidula,38.9747,Modern,,,,
crepidula,38.9747,Modern,,,,
crepidula,28.5,Modern,,,,
crepidula,39.15,Modern,,,,
crepidula,38.94,Modern,,,,
crepidula,27.33,Modern,,,,
crepidula,39.7706,Modern,,,,
crepidula,39.38,Modern,,,,
crepidula,26.6,Modern,,,,
crepidula,37.2,Modern,,,,
crepidula,29.6,Modern,,,,
crepidula,26.3,Modern,,,,
crepidula,26.3,Modern,,,,
crepidula,26.3,Modern,,,,
crepidula,27.4,Modern,,,,
crepidula,26.9,Modern,,,,
crepidula,26.4,Modern,,,,
crepidula,29.6,Modern,,,,
crepidula,26.9,Modern,,,,
crepidula,26.3,Modern,,,,
crepidula,26.4,Modern,,,,
crepidula,26.4,Modern,,,,
crepidula,26.9,Modern,,,,
crepidula,26.3,Modern,,,,
crepidula,26.3,Modern,,,,
crepidula,29.6,Modern,,,,
crepidula,26.3,Modern,,,,
crepidula,29.6,Modern,,,,
crepidula,29.6,Modern,,,,
crepidula,26.3,Modern,,,,
crepidula,26.3,Modern,,,,
crepidula,26.3,Modern,,,,
crepidula,29.2,Modern,,,,
crepidula,26.4,Modern,,,,
crepidula,26.9,Modern,,,,
crepidula,26.9,Modern,,,,
crepidula,27.4,Modern,,,,
crepidula,26.9,Modern,,,,
crepidula,29.6,Modern,,,,
crepidula,26.3,Modern,,,,
crepidula,26.3,Modern,,,,
crepidula,29.6,Modern,,,,
crepidula,27.4,Modern,,,,
crepidula,26.3,Modern,,,,
crepidula,29.8,Modern,,,,
crepidula,29.6,Modern,,,,
crepidula,29.2,Modern,,,,
crepidula,26.9,Modern,,,,
crepidula,26.3,Modern,,,,
crepidula,27.4,Modern,,,,
crepidula,29.6,Modern,,,,
crepidula,26.3,Modern,,,,
crepidula,27.9,Modern,,,,
crepidula,26.9,Modern,,,,
crepidula,26.9,Modern,,,,
crepidula,27.4,Modern,,,,
crepidula,29.6,Modern,,,,
crepidula,26.3,Modern,,,,
crepidula,26.9,Modern,,,,
crepidula,26.3,Modern,,,,
crepidula,26.3,Modern,,,,
crepidula,26.3,Modern,,,,
crepidula,26.4,Modern,,,,
crepidula,26.9,Modern,,,,
crepidula,26.4,Modern,,,,
crepidula,27.4,Modern,,,,
crepidula,29.6,Modern,,,,
crepidula,26.9,Modern,,,,
crepidula,26.3,Modern,,,,
crepidula,27.4,Modern,,,,
crepidula,27.4,Modern,,,,
crepidula,26.3,Modern,,,,
crepidula,29.6,Modern,,,,
crepidula,26.3,Modern,,,,
crepidula,26.3,Modern,,,,
crepidula,26.4,Modern,,,,
crepidula,26.9,Modern,,,,
crepidula,26.3,Modern,,,,
crepidula,26.3,Modern,,,,
crepidula,26.4,Modern,,,,
crepidula,26.3,Modern,,,,
crepidula,26.3,Modern,,,,
crepidula,26.9,Modern,,,,
crepidula,26.4,Modern,,,,
crepidula,25.7883,Modern,,,,
crepidula,30.40427,Modern,,,,
crepidula,26.433333,Modern,,,,
crepidula,26.433333,Modern,,,,
crepidula,26.433333,Modern,,,,
crepidula,26.44,Modern,,,,
crepidula,26.433333,Modern,,,,
crepidula,26.433333,Modern,,,,
crepidula,26.433333,Modern,,,,
crepidula,25.972222,Modern,,,,
crepidula,26.44,Modern,,,,
crepidula,27.099444,Modern,,,,
crepidula,27.6667,Modern,,,,
crepidula,29.0167,Modern,,,,
crepidula,39.362425,Modern,,,,
crepidula,27.797968,Modern,,,,
crepidula,27.797968,Modern,,,,
crepidula,30.3322,Modern,,,,
crepidula,34.7165,Modern,,,,
crepidula,26.200367,Modern,,,,
crepidula,29.232583,Modern,,,,
crepidula,29.232583,Modern,,,,
crepidula,25.936508,Modern,,,,
crepidula,26.774463,Modern,,,,
crepidula,26.774463,Modern,,,,
crepidula,26.770171,Modern,,,,
crepidula,26.770171,Modern,,,,
crepidula,28.332667,Modern,,,,
crepidula,26.44,Modern,,,,
crepidula,30.406,Modern,,,,
crepidula,26.44,Modern,,,,
crepidula,27.9,Modern,,,,
crepidula,34.725,Modern,,,,
crepidula,34.725,Modern,,,,
crepidula,34.726667,Modern,,,,
crepidula,27.625,Modern,,,,
crepidula,26.522778,Modern,,,,
crepidula,26.522778,Modern,,,,
crepidula,26.440359,Modern,,,,
crepidula,26.440359,Modern,,,,
crepidula,27.283333,Modern,,,,
crepidula,26.133333,Modern,,,,
crepidula,38.583333,Modern,,,,
crepidula,24.816667,Modern,,,,
crepidula,24.816667,Modern,,,,
crepidula,24.816667,Modern,,,,
crepidula,36.8961,Modern,,,,
crepidula,37.629155,Modern,,,,
crepidula,37.59296,Modern,,,,
crepidula,37.629155,Modern,,,,
chama,24.59174,Modern,,,,
chama,26.75423,Modern,,,,
chama,24.7485,Modern,,,,
chama,29.5194,Modern,,,,
chama,24.59174,Modern,,,,
chama,27.39057,Modern,,,,
chama,25.46571,Modern,,,,
chama,26.66395,Modern,,,,
chama,24.59174,Modern,,,,
chama,26.75423,Modern,,,,
chama,25.81408,Modern,,,,
chama,24.82443,Modern,,,,
chama,26.66395,Modern,,,,
chama,26.09703,Modern,,,,
chama,24.59174,Modern,,,,
chama,27.9774,Modern,,,,
chama,26.6159,Modern,,,,
chama,32.33993,Modern,,,,
chama,24.59174,Modern,,,,
chama,25.81408,Modern,,,,
chama,26.436387,Modern,,,,
chama,26.071377,Modern,,,,
chama,24.815082,Modern,,,,
chama,26.341737,Modern,,,,
chama,27.642975,Modern,,,,
chama,26.019967,Modern,,,,
chama,26.224187,Modern,,,,
chama,25.857533,Modern,,,,
chama,26.262602,Modern,,,,
chama,25.90292,Modern,,,,
chama,26.435745,Modern,,,,
chama,27.115061,Modern,,,,
chama,25.857346,Modern,,,,
chama,27.77422,Modern,,,,
chama,26.588066,Modern,,,,
chama,26.436601,Modern,,,,
chama,26.436924,Modern,,,,
chama,25.818059,Modern,,,,
chama,26.008674,Modern,,,,
chama,27.134566,Modern,,,,
chama,26.021104,Modern,,,,
chama,26.436611,Modern,,,,
chama,26.436511,Modern,,,,
chama,26.019689,Modern,,,,
chama,25.982258,Modern,,,,
chama,25.943491,Modern,,,,
chama,26.442212,Modern,,,,
chama,24.730486,Modern,,,,
chama,27.53517,Modern,,,,
chama,25.79237,Modern,,,,
chama,27.797295,Modern,,,,
chama,35.251342,Modern,,,,
chama,27.70902,Modern,,,,
chama,26.479637,Modern,,,,
chama,25.85811,Modern,,,,
chama,27.810767,Modern,,,,
chama,24.858747,Modern,,,,
chama,25.789368,Modern,,,,
chama,26.428394,Modern,,,,
chama,26.438222,Modern,,,,
chama,26.521127,Modern,,,,
chama,26.436167,Modern,,,,
chama,26.074675,Modern,,,,
chama,26.437324,Modern,,,,
chama,25.809658,Modern,,,,
chama,25.817765,Modern,,,,
chama,27.799853,Modern,,,,
chama,26.436289,Modern,,,,
chama,27.799009,Modern,,,,
chama,34.647713,Modern,,,,
chama,26.017512,Modern,,,,
chama,26.442308,Modern,,,,
chama,25.818147,Modern,,,,
chama,34.64758,Modern,,,,
chama,26.436051,Modern,,,,
chama,25.81862,Modern,,,,
chama,26.435912,Modern,,,,
chama,25.81864,Modern,,,,
chama,26.077407,Modern,,,,
chama,25.795085,Modern,,,,
chama,25.782414,Modern,,,,
chama,26.070195,Modern,,,,
chama,26.220093,Modern,,,,
chama,25.817644,Modern,,,,
chama,27.866367,Modern,,,,
chama,25.809672,Modern,,,,
chama,27.089886,Modern,,,,
chama,27.689184,Modern,,,,
chama,26.436592,Modern,,,,
chama,26.437167,Modern,,,,
chama,26.413836,Modern,,,,
chama,26.526048,Modern,,,,
chama,26.436693,Modern,,,,
chama,29.043375,Modern,,,,
chama,33.39447,Modern,,,,
chama,26.041534,Modern,,,,
chama,26.526208,Modern,,,,
chama,26.074675,Modern,,,,
chama,27.263695,Modern,,,,
chama,26.436019,Modern,,,,
chama,25.818628,Modern,,,,
chama,25.820592,Modern,,,,
chama,26.074675,Modern,,,,
chama,25.997072,Modern,,,,
chama,25.817965,Modern,,,,
chama,33.727387,Modern,,,,
chama,26.436803,Modern,,,,
chama,25.81963,Modern,,,,
chama,33.729889,Modern,,,,
chama,25.820323,Modern,,,,
chama,26.068813,Modern,,,,
chama,25.809653,Modern,,,,
chama,34.671513,Modern,,,,
chama,28.315635,Modern,,,,
chama,27.30226,Modern,,,,
chama,26.252344,Modern,,,,
chama,27.134566,Modern,,,,
chama,26.007072,Modern,,,,
chama,25.818603,Modern,,,,
chama,27.770184,Modern,,,,
chama,25.954833,Modern,,,,
chama,26.22101,Modern,,,,
chama,26.43643,Modern,,,,
chama,27.253448,Modern,,,,
chama,26.4815,Modern,,,,
chama,25.7883,Modern,,,,
chama,27.7454,Modern,,,,
chama,27.88,Modern,,,,
chama,24.7517,Modern,,,,
chama,26.52813,Modern,,,,
chama,26.3469,Modern,,,,
chama,34.72278,Modern,,,,
chama,26.6147,Modern,,,,
chama,25.6786,Modern,,,,
chama,26.5708,Modern,,,,
chama,26.52813,Modern,,,,
chama,27.2553,Modern,,,,
chama,26.52813,Modern,,,,
chama,32.2,Modern,,,,
chama,27.26584,Modern,,,,
chama,28.14592,Modern,,,,
chama,34.7873,Modern,,,,
chama,26.52813,Modern,,,,
chama,27.26584,Modern,,,,
chama,25.77633,Modern,,,,
chama,27.2176,Modern,,,,
chama,26.52813,Modern,,,,
chama,24.7517,Modern,,,,
chama,26.4807,Modern,,,,
chama,26.52813,Modern,,,,
chama,34.7873,Modern,,,,
chama,24.59,Modern,,,,
chama,24.6588,Modern,,,,
chama,25.90005,Modern,,,,
chama,28.14592,Modern,,,,
chama,25.728,Modern,,,,
chama,25.87622,Modern,,,,
chama,26.87,Modern,,,,
chama,26.44,Modern,,,,
chama,25.88,Modern,,,,
chama,24.67,Modern,,,,
chama,26.62,Modern,,,,
chama,34.7181,Modern,,,,
chama,28.43,Modern,,,,
chama,26.44,Modern,,,,
chama,26.62,Modern,,,,
chama,27.2,Modern,,,,
chama,30.42,Modern,,,,
chama,26.14,Modern,,,,
chama,34.72,Modern,,,,
chama,27.77,Modern,,,,
chama,26.44,Modern,,,,
chama,26.44,Modern,,,,
chama,26.44,Modern,,,,
chama,28.4,Modern,,,,
chama,26.44,Modern,,,,
chama,24.695,Modern,,,,
chama,26.6147,Modern,,,,
chama,26.52813,Modern,,,,
chama,26.52813,Modern,,,,
chama,24.59,Modern,,,,
chama,28.14592,Modern,,,,
chama,24.7517,Modern,,,,
chama,34.7873,Modern,,,,
chama,24.825,Modern,,,,
chama,26.35,Modern,,,,
chama,27.336435,Modern,,,,
chama,25.819766,Modern,,,,
chama,25.722077,Modern,,,,
chama,25.197109,Modern,,,,
chama,27.4667,Modern,,,,
chama,26.45,Modern,,,,
chama,24.865642,Modern,,,,
chama,25.8601,Modern,,,,
chama,27.8,Modern,,,,
chama,32.38,Modern,,,,
chama,26.14,Modern,,,,
chama,26.62,Modern,,,,
chama,24.57,Modern,,,,
chama,24.72,Modern,,,,
chama,25.83,Modern,,,,
chama,25.8,Modern,,,,
chama,26.3,Modern,,,,
chama,26.3,Modern,,,,
chama,26.3,Modern,,,,
chama,27.4,Modern,,,,
chama,24.57425,Modern,,,,
chama,27.78333,Modern,,,,
chama,27.46027,Modern,,,,
chama,26.433333,Modern,,,,
chama,26.433333,Modern,,,,
chama,26.44,Modern,,,,
chama,26.433333,Modern,,,,
chama,27.998462,Modern,,,,
chama,26.744166,Modern,,,,
chama,27.998462,Modern,,,,
chama,27.498928,Modern,,,,
chama,24.676311,Modern,,,,
chama,25.238175,Modern,,,,
chama,26.935,Modern,,,,
chama,24.713752,Modern,,,,
chama,26.440359,Modern,,,,
chama,26.440359,Modern,,,,
chama,24.816667,Modern,,,,
chama,24.816667,Modern,,,,
astarte,26.70562,Modern,,,,
astarte,39.36428,Modern,,,,
astarte,38.63769,Modern,,,,
astarte,34.72414,Modern,,,,
astarte,40.24317,Modern,,,,
astarte,38.63769,Modern,,,,
astarte,39.68,Modern,,,,
astarte,27.91677,Modern,,,,
astarte,38.63769,Modern,,,,
astarte,33.01384,Modern,,,,
astarte,40.406137,Modern,,,,
astarte,40.161367,Modern,,,,
astarte,38.433673,Modern,,,,
astarte,38.432003,Modern,,,,
astarte,40.313075,Modern,,,,
astarte,39.967541,Modern,,,,
astarte,40.169583,Modern,,,,
astarte,39.068983,Modern,,,,
astarte,40.215637,Modern,,,,
astarte,38.443611,Modern,,,,
astarte,35.935372,Modern,,,,
astarte,39.925161,Modern,,,,
astarte,40.071734,Modern,,,,
astarte,40.31741,Modern,,,,
astarte,38.425129,Modern,,,,
astarte,40.400459,Modern,,,,
astarte,40.42812,Modern,,,,
astarte,39.956511,Modern,,,,
astarte,40.42813,Modern,,,,
astarte,38.451283,Modern,,,,
astarte,40.428087,Modern,,,,
astarte,40.407962,Modern,,,,
astarte,38.425129,Modern,,,,
astarte,40.217636,Modern,,,,
astarte,40.416644,Modern,,,,
astarte,40.406318,Modern,,,,
astarte,40.407607,Modern,,,,
astarte,40.320614,Modern,,,,
astarte,38.606378,Modern,,,,
astarte,38.604453,Modern,,,,
astarte,39.925161,Modern,,,,
astarte,38.592594,Modern,,,,
astarte,40.428167,Modern,,,,
astarte,38.432931,Modern,,,,
astarte,39.905495,Modern,,,,
astarte,38.606317,Modern,,,,
astarte,38.431289,Modern,,,,
astarte,40.453217,Modern,,,,
astarte,40.141945,Modern,,,,
astarte,40.31725,Modern,,,,
astarte,39.739033,Modern,,,,
astarte,38.750498,Modern,,,,
astarte,40.315762,Modern,,,,
astarte,39.957888,Modern,,,,
astarte,40.443262,Modern,,,,
astarte,40.416857,Modern,,,,
astarte,38.722254,Modern,,,,
astarte,38.425129,Modern,,,,
astarte,40.295408,Modern,,,,
astarte,40.428142,Modern,,,,
astarte,40.428162,Modern,,,,
astarte,40.459457,Modern,,,,
astarte,38.51289,Modern,,,,
astarte,37.938456,Modern,,,,
astarte,40.1114,Modern,,,,
astarte,38.432111,Modern,,,,
astarte,40.111924,Modern,,,,
astarte,40.427975,Modern,,,,
astarte,38.93553,Modern,,,,
astarte,39.870376,Modern,,,,
astarte,40.214391,Modern,,,,
astarte,40.15387,Modern,,,,
astarte,38.606514,Modern,,,,
astarte,40.448753,Modern,,,,
astarte,37.938456,Modern,,,,
astarte,39.925161,Modern,,,,
astarte,40.090972,Modern,,,,
astarte,39.915626,Modern,,,,
astarte,38.435032,Modern,,,,
astarte,39.975181,Modern,,,,
astarte,40.407739,Modern,,,,
astarte,40.415767,Modern,,,,
astarte,38.540013,Modern,,,,
astarte,40.143179,Modern,,,,
astarte,40.223095,Modern,,,,
astarte,40.479224,Modern,,,,
astarte,38.425129,Modern,,,,
astarte,40.186967,Modern,,,,
astarte,38.936537,Modern,,,,
astarte,40.305983,Modern,,,,
astarte,27.88,Modern,,,,
astarte,25.7883,Modern,,,,
astarte,27.88,Modern,,,,
astarte,25.7883,Modern,,,,
astarte,27.88,Modern,,,,
astarte,25.77,Modern,,,,
astarte,25.7883,Modern,,,,
astarte,25.7883,Modern,,,,
astarte,25.7883,Modern,,,,
astarte,25.7883,Modern,,,,
astarte,25.7883,Modern,,,,
astarte,25.7883,Modern,,,,
astarte,25.7883,Modern,,,,
astarte,25.7883,Modern,,,,
astarte,25.7883,Modern,,,,
astarte,25.7883,Modern,,,,
astarte,27.55,Modern,,,,
astarte,27.88,Modern,,,,
astarte,25.7883,Modern,,,,
astarte,27.88,Modern,,,,
astarte,25.7883,Modern,,,,
astarte,35.68,Modern,,,,
astarte,27.88,Modern,,,,
astarte,27.88,Modern,,,,
astarte,27.88,Modern,,,,
astarte,25.7883,Modern,,,,
astarte,25.7883,Modern,,,,
astarte,25.7883,Modern,,,,
astarte,25.7883,Modern,,,,
astarte,25.7883,Modern,,,,
astarte,27.88,Modern,,,,
astarte,25.7883,Modern,,,,
astarte,40.22028,Modern,,,,
astarte,30.4036,Modern,,,,
astarte,25.7883,Modern,,,,
astarte,26.5708,Modern,,,,
astarte,39.43,Modern,,,,
astarte,40.08,Modern,,,,
astarte,38.95,Modern,,,,
astarte,36.85,Modern,,,,
astarte,40.08,Modern,,,,
astarte,40.08,Modern,,,,
astarte,39.36,Modern,,,,
astarte,39.36,Modern,,,,
astarte,38.99,Modern,,,,
astarte,38.95,Modern,,,,
astarte,33.85,Modern,,,,
astarte,40.414892,Modern,,,,
astarte,38.942,Modern,,,,
astarte,38.942,Modern,,,,
astarte,38.425129,Modern,,,,
astarte,39.75,Modern,,,,
astarte,40.08,Modern,,,,
astarte,40.17,Modern,,,,
astarte,27.88,Modern,,,,
mulinia,36.916943,Pleistocene,,,,
cyclocardia,36.916943,Pleistocene,,,,
crepidula,36.786667,Pleistocene,,,,
spisula,25.952999,Pleistocene,,,,
mulinia,26.885,Pleistocene,,,,
crepidula,26.885,Pleistocene,,,,
chama,26.885,Pleistocene,,,,
mulinia,26.885,Pleistocene,,,,
chama,26.885,Pleistocene,,,,
parvilucina,26.885,Pleistocene,,,,
mulinia,26.885,Pleistocene,,,,
mulinia,26.885,Pleistocene,,,,
noetia,26.885,Pleistocene,,,,
parvilucina,26.885,Pleistocene,,,,
chama,26.885,Pleistocene,,,,
noetia,26.885,Pleistocene,,,,
parvilucina,26.885,Pleistocene,,,,
crepidula,26.885,Pleistocene,,,,
crepidula,26.885,Pleistocene,,,,
chama,26.885,Pleistocene,,,,
chama,26.885,Pleistocene,,,,
chama,26.885,Pleistocene,,,,
parvilucina,26.885,Pleistocene,,,,
modiolus,26.885,Pleistocene,,,,
mulinia,26.885,Pleistocene,,,,
parvilucina,26.885,Pleistocene,,,,
crepidula,26.885,Pleistocene,,,,
crepidula,26.885,Pleistocene,,,,
chama,26.885,Pleistocene,,,,
chama,26.885,Pleistocene,,,,
chama,26.885,Pleistocene,,,,
mulinia,26.885,Pleistocene,,,,
mulinia,26.885,Pleistocene,,,,
noetia,26.885,Pleistocene,,,,
parvilucina,26.885,Pleistocene,,,,
crepidula,26.885,Pleistocene,,,,
astarte,35.283611,Pleistocene,,,,
cyclocardia,35.283611,Pleistocene,,,,
astarte,35.283611,Pleistocene,,,,
astarte,35.283611,Pleistocene,,,,
cyclocardia,35.283611,Pleistocene,,,,
modiolus,35.283611,Pleistocene,,,,
astarte,35.283611,Pleistocene,,,,
astarte,35.283611,Pleistocene,,,,
cyclocardia,35.283611,Pleistocene,,,,
noetia,35.283611,Pleistocene,,,,
modiolus,35.283611,Pleistocene,,,,
astarte,35.283611,Pleistocene,,,,
astarte,35.283611,Pleistocene,,,,
astarte,35.283611,Pleistocene,,,,
astarte,35.283611,Pleistocene,,,,
cyclocardia,35.283611,Pleistocene,,,,
chama,35.283611,Pleistocene,,,,
modiolus,35.283611,Pleistocene,,,,
noetia,35.283611,Pleistocene,,,,
cyclocardia,35.283611,Pleistocene,,,,
parvilucina,35.283611,Pleistocene,,,,
crepidula,35.283611,Pleistocene,,,,
crepidula,35.283611,Pleistocene,,,,
crepidula,35.283611,Pleistocene,,,,
parvilucina,35.283611,Pleistocene,,,,
crepidula,35.283611,Pleistocene,,,,
crepidula,35.283611,Pleistocene,,,,
crepidula,35.283611,Pleistocene,,,,
chesapecten,36.442501,Pleistocene,,,,
astarte,36.442501,Pleistocene,,,,
chama,36.442501,Pleistocene,,,,
chesapecten,35.384998,Pleistocene,,,,
astarte,34.618332,Pleistocene,,,,
astarte,35.384998,Pleistocene,,,,
astarte,34.998055,Pleistocene,,,,
astarte,34.896667,Pleistocene,,,,
astarte,34.618332,Pleistocene,,,,
astarte,34.496944,Pleistocene,,,,
astarte,34.325832,Pleistocene,,,,
astarte,34.325832,Pleistocene,,,,
astarte,34.287777,Pleistocene,,,,
parvilucina,34.896667,Pleistocene,,,,
parvilucina,34.496944,Pleistocene,,,,
parvilucina,34.618332,Pleistocene,,,,
parvilucina,34.562222,Pleistocene,,,,
parvilucina,34.325832,Pleistocene,,,,
parvilucina,34.325832,Pleistocene,,,,
parvilucina,34.225834,Pleistocene,,,,
mulinia,35.384998,Pleistocene,,,,
mulinia,34.998055,Pleistocene,,,,
mulinia,34.999443,Pleistocene,,,,
mulinia,34.896667,Pleistocene,,,,
mulinia,34.562222,Pleistocene,,,,
mulinia,34.496944,Pleistocene,,,,
mulinia,34.225834,Pleistocene,,,,
mulinia,34.287777,Pleistocene,,,,
mulinia,34.325832,Pleistocene,,,,
mulinia,34.618332,Pleistocene,,,,
crepidula,30.389168,Pleistocene,,,,
crepidula,30.425556,Pleistocene,,,,
crepidula,30.389168,Pleistocene,,,,
crepidula,30.389168,Pleistocene,,,,
crepidula,30.425556,Pleistocene,,,,
noetia,30.389168,Pleistocene,,,,
noetia,30.389168,Pleistocene,,,,
noetia,30.425556,Pleistocene,,,,
astarte,30.389168,Pleistocene,,,,
astarte,30.389168,Pleistocene,,,,
astarte,30.389168,Pleistocene,,,,
astarte,30.389168,Pleistocene,,,,
cyclocardia,30.389168,Pleistocene,,,,
cyclocardia,30.972778,Pleistocene,,,,
cyclocardia,30.389168,Pleistocene,,,,
cyclocardia,30.425556,Pleistocene,,,,
chama,30.425556,Pleistocene,,,,
chama,30.389168,Pleistocene,,,,
chama,30.388611,Pleistocene,,,,
parvilucina,30.425556,Pleistocene,,,,
parvilucina,30.389168,Pleistocene,,,,
parvilucina,30.425556,Pleistocene,,,,
parvilucina,30.389168,Pleistocene,,,,
parvilucina,30.425556,Pleistocene,,,,
parvilucina,30.388611,Pleistocene,,,,
parvilucina,30.425556,Pleistocene,,,,
parvilucina,30.389168,Pleistocene,,,,
spisula,30.389168,Pleistocene,,,,
spisula,30.425556,Pleistocene,,,,
spisula,30.389168,Pleistocene,,,,
mulinia,30.425556,Pleistocene,,,,
mulinia,30.389168,Pleistocene,,,,
mulinia,30.425556,Pleistocene,,,,
mulinia,30.425556,Pleistocene,,,,
chesapecten,37.514442,Pleistocene,,,,
chama,37.514442,Pleistocene,,,,
chesapecten,37.29361,Pleistocene,,,,
chama,34.066944,Pleistocene,,,,
chesapecten,33.100277,Pleistocene,,,,
chesapecten,33.100277,Pleistocene,,,,
astarte,33.100277,Pleistocene,,,,
chesapecten,33.327499,Pleistocene,,,,
chesapecten,33.488609,Pleistocene,,,,
chesapecten,33.327499,Pleistocene,,,,
chesapecten,33.327499,Pleistocene,,,,
astarte,37.095554,Pleistocene,,,,
astarte,37.095554,Pleistocene,,,,
parvilucina,37.095554,Pleistocene,,,,
parvilucina,37.095554,Pleistocene,,,,
parvilucina,37.095554,Pleistocene,,,,
chesapecten,37.095554,Pleistocene,,,,
parvilucina,37.095554,Pleistocene,,,,
crepidula,37.095554,Pleistocene,,,,
crepidula,27.720833,Pleistocene,,,,
crepidula,27.720833,Pleistocene,,,,
crepidula,27.720833,Pleistocene,,,,
crepidula,27.720833,Pleistocene,,,,
crepidula,27.720833,Pleistocene,,,,
crepidula,27.720833,Pleistocene,,,,
noetia,27.720833,Pleistocene,,,,
noetia,27.720833,Pleistocene,,,,
noetia,27.720833,Pleistocene,,,,
modiolus,27.720833,Pleistocene,,,,
chama,27.720833,Pleistocene,,,,
chama,27.720833,Pleistocene,,,,
chama,27.720833,Pleistocene,,,,
parvilucina,27.720833,Pleistocene,,,,
parvilucina,27.720833,Pleistocene,,,,
mulinia,27.720833,Pleistocene,,,,
mulinia,27.720833,Pleistocene,,,,
noetia,39.223057,Pleistocene,,,,
noetia,39.538891,Pleistocene,,,,
mulinia,39.153332,Pleistocene,,,,
crepidula,38.774445,Pleistocene,,,,
crepidula,39.153332,Pleistocene,,,,
crepidula,39.153332,Pleistocene,,,,
crepidula,39.2775,Pleistocene,,,,
crepidula,39.538891,Pleistocene,,,,
crepidula,40.520279,Pleistocene,,,,
crepidula,38.774445,Pleistocene,,,,
crepidula,39.153332,Pleistocene,,,,
crepidula,39.153332,Pleistocene,,,,
crepidula,39.2775,Pleistocene,,,,
crepidula,39.538891,Pleistocene,,,,
crepidula,40.520279,Pleistocene,,,,
crepidula,39.153332,Pleistocene,,,,
crepidula,39.153332,Pleistocene,,,,
crepidula,39.2775,Pleistocene,,,,
crepidula,40.520279,Pleistocene,,,,
noetia,26.684444,Pleistocene,,,,
modiolus,26.684444,Pleistocene,,,,
parvilucina,26.684444,Pleistocene,,,,
parvilucina,26.684444,Pleistocene,,,,
chama,26.684444,Pleistocene,,,,
chama,26.684444,Pleistocene,,,,
chama,26.684444,Pleistocene,,,,
mulinia,26.684444,Pleistocene,,,,
astarte,34.287777,Pleistocene,,,,
cyclocardia,34.287777,Pleistocene,,,,
chama,34.287777,Pleistocene,,,,
modiolus,36.049999,Pleistocene,,,,
parvilucina,36.049999,Pleistocene,,,,
crepidula,36.049999,Pleistocene,,,,
crepidula,36.049999,Pleistocene,,,,
astarte,36.049999,Pleistocene,,,,
noetia,36.049999,Pleistocene,,,,
cyclocardia,36.049999,Pleistocene,,,,
chesapecten,37.171665,Pleistocene,,,,
chama,37.171665,Pleistocene,,,,
cyclocardia,37.514442,Pleistocene,,,,
astarte,37.514442,Pleistocene,,,,
parvilucina,26.769722,Pleistocene,,,,
mulinia,26.699167,Pleistocene,,,,
mulinia,26.692499,Pleistocene,,,,
noetia,26.692499,Pleistocene,,,,
parvilucina,26.343611,Pleistocene,,,,
parvilucina,26.343611,Pleistocene,,,,
noetia,34.562222,Pleistocene,,,,
mulinia,34.562222,Pleistocene,,,,
crepidula,34.562222,Pleistocene,,,,
mulinia,34.896667,Pleistocene,,,,
astarte,34.896667,Pleistocene,,,,
cyclocardia,34.896667,Pleistocene,,,,
noetia,34.896667,Pleistocene,,,,
mulinia,34.896667,Pleistocene,,,,
cyclocardia,34.896667,Pleistocene,,,,
noetia,34.896667,Pleistocene,,,,
astarte,34.896667,Pleistocene,,,,
crepidula,34.896667,Pleistocene,,,,
crepidula,34.896667,Pleistocene,,,,
striarca,37.26889,Pleistocene,,,,
noetia,37.26889,Pleistocene,,,,
chesapecten,37.26889,Pleistocene,,,,
astarte,37.26889,Pleistocene,,,,
astarte,37.26889,Pleistocene,,,,
chama,37.26889,Pleistocene,,,,
cyclocardia,37.26889,Pleistocene,,,,
chesapecten,37.26889,Pleistocene,,,,
cyclocardia,37.26889,Pleistocene,,,,
astarte,37.233891,Pleistocene,,,,
astarte,37.233891,Pleistocene,,,,
chesapecten,37.233891,Pleistocene,,,,
crepidula,37.233891,Pleistocene,,,,
crepidula,37.233891,Pleistocene,,,,
noetia,37.233891,Pleistocene,,,,
spisula,37.233891,Pleistocene,,,,
spisula,37.233891,Pleistocene,,,,
mulinia,37.233891,Pleistocene,,,,
cyclocardia,37.233891,Pleistocene,,,,
chama,37.233891,Pleistocene,,,,
striarca,37.233891,Pleistocene,,,,
noetia,37.233891,Pleistocene,,,,
spisula,37.233891,Pleistocene,,,,
cyclocardia,37.233891,Pleistocene,,,,
parvilucina,37.233891,Pleistocene,,,,
chama,37.233891,Pleistocene,,,,
mulinia,37.233891,Pleistocene,,,,
astarte,37.233891,Pleistocene,,,,
astarte,37.233891,Pleistocene,,,,
crepidula,37.233891,Pleistocene,,,,
crepidula,37.233891,Pleistocene,,,,
cyclocardia,37.233891,Pleistocene,,,,
chesapecten,37.233891,Pleistocene,,,,
cyclocardia,37.233891,Pleistocene,,,,
parvilucina,37.233891,Pleistocene,,,,
astarte,37.233891,Pleistocene,,,,
astarte,37.233891,Pleistocene,,,,
chesapecten,37.233891,Pleistocene,,,,
crepidula,37.233891,Pleistocene,,,,
mulinia,37.233891,Pleistocene,,,,
spisula,37.233891,Pleistocene,,,,
noetia,37.233891,Pleistocene,,,,
crepidula,37.233891,Pleistocene,,,,
crepidula,37.233891,Pleistocene,,,,
noetia,37.233891,Pleistocene,,,,
parvilucina,37.233891,Pleistocene,,,,
modiolus,37.233891,Pleistocene,,,,
astarte,37.233891,Pleistocene,,,,
chesapecten,37.233891,Pleistocene,,,,
crepidula,37.233891,Pleistocene,,,,
crepidula,37.233891,Pleistocene,,,,
noetia,37.233891,Pleistocene,,,,
spisula,37.233891,Pleistocene,,,,
cyclocardia,37.233891,Pleistocene,,,,
chama,37.233891,Pleistocene,,,,
parvilucina,37.233891,Pleistocene,,,,
astarte,37.233891,Pleistocene,,,,
crepidula,37.233891,Pleistocene,,,,
crepidula,37.233891,Pleistocene,,,,
striarca,37.233891,Pleistocene,,,,
noetia,37.233891,Pleistocene,,,,
parvilucina,37.233891,Pleistocene,,,,
crepidula,37.233891,Pleistocene,,,,
crepidula,37.233891,Pleistocene,,,,
striarca,37.233891,Pleistocene,,,,
noetia,37.233891,Pleistocene,,,,
cyclocardia,37.233891,Pleistocene,,,,
parvilucina,37.233891,Pleistocene,,,,
astarte,37.233891,Pleistocene,,,,
astarte,37.233891,Pleistocene,,,,
chesapecten,37.233891,Pleistocene,,,,
crepidula,37.233891,Pleistocene,,,,
striarca,37.233891,Pleistocene,,,,
spisula,37.233891,Pleistocene,,,,
chesapecten,37.233891,Pleistocene,,,,
astarte,37.233891,Pleistocene,,,,
astarte,37.233891,Pleistocene,,,,
parvilucina,37.233891,Pleistocene,,,,
cyclocardia,37.233891,Pleistocene,,,,
noetia,27.770832,Pleistocene,,,,
astarte,27.770832,Pleistocene,,,,
chama,27.770832,Pleistocene,,,,
chama,27.770832,Pleistocene,,,,
parvilucina,27.770832,Pleistocene,,,,
mulinia,26.754168,Pleistocene,,,,
mulinia,26.799999,Pleistocene,,,,
mulinia,27.770832,Pleistocene,,,,
mulinia,27.770832,Pleistocene,,,,
mulinia,27.770832,Pleistocene,,,,
mulinia,27.770832,Pleistocene,,,,
mulinia,34.896667,Pleistocene,,,,
astarte,34.896667,Pleistocene,,,,
cyclocardia,34.896667,Pleistocene,,,,
mulinia,34.896667,Pleistocene,,,,
crepidula,34.896667,Pleistocene,,,,
astarte,34.896667,Pleistocene,,,,
spisula,34.896667,Pleistocene,,,,
cyclocardia,34.896667,Pleistocene,,,,
mulinia,34.896667,Pleistocene,,,,
astarte,34.896667,Pleistocene,,,,
cyclocardia,34.896667,Pleistocene,,,,
cyclocardia,34.325832,Pleistocene,,,,
crepidula,34.325832,Pleistocene,,,,
astarte,34.325832,Pleistocene,,,,
crepidula,34.325832,Pleistocene,,,,
astarte,34.325832,Pleistocene,,,,
astarte,26.761667,Pleistocene,,,,
cyclocardia,26.761667,Pleistocene,,,,
mulinia,27.529444,Pleistocene,,,,
noetia,27.529444,Pleistocene,,,,
noetia,27.529444,Pleistocene,,,,
mulinia,27.529444,Pleistocene,,,,
noetia,26.375834,Pleistocene,,,,
spisula,25.666945,Pleistocene,,,,
noetia,26.375834,Pleistocene,,,,
mulinia,27.338057,Pleistocene,,,,
crepidula,27.338057,Pleistocene,,,,
mulinia,27.338057,Pleistocene,,,,
crepidula,26.758888,Pleistocene,,,,
noetia,26.920279,Pleistocene,,,,
mulinia,26.920279,Pleistocene,,,,
crepidula,26.920279,Pleistocene,,,,
crepidula,26.920279,Pleistocene,,,,
chesapecten,27.327778,Pleistocene,,,,
astarte,27.327778,Pleistocene,,,,
parvilucina,26.958611,Pleistocene,,,,
crepidula,26.958611,Pleistocene,,,,
chama,26.754168,Pleistocene,,,,
mulinia,26.754168,Pleistocene,,,,
crepidula,26.754168,Pleistocene,,,,
parvilucina,26.754168,Pleistocene,,,,
modiolus,26.929722,Pleistocene,,,,
parvilucina,26.929722,Pleistocene,,,,
mulinia,26.929722,Pleistocene,,,,
crepidula,26.929722,Pleistocene,,,,
mulinia,26.73361,Pleistocene,,,,
mulinia,26.73361,Pleistocene,,,,
mulinia,30.432222,Pleistocene,,,,
astarte,30.389168,Pleistocene,,,,
crepidula,30.389168,Pleistocene,,,,
mulinia,30.389168,Pleistocene,,,,
noetia,30.389168,Pleistocene,,,,
cyclocardia,30.389168,Pleistocene,,,,
astarte,30.389168,Pleistocene,,,,
cyclocardia,30.389168,Pleistocene,,,,
chama,30.389168,Pleistocene,,,,
chama,30.389168,Pleistocene,,,,
mulinia,30.389168,Pleistocene,,,,
noetia,30.389168,Pleistocene,,,,
astarte,30.389168,Pleistocene,,,,
astarte,30.389168,Pleistocene,,,,
modiolus,30.389168,Pleistocene,,,,
cyclocardia,30.389168,Pleistocene,,,,
crepidula,30.389168,Pleistocene,,,,
crepidula,26.683611,Pleistocene,,,,
crepidula,26.683611,Pleistocene,,,,
chama,26.683611,Pleistocene,,,,
noetia,26.683611,Pleistocene,,,,
modiolus,26.683611,Pleistocene,,,,
chama,26.683611,Pleistocene,,,,
mulinia,26.683611,Pleistocene,,,,
crepidula,34.351665,Pleistocene,,,,
mulinia,34.351665,Pleistocene,,,,
cyclocardia,34.351665,Pleistocene,,,,
noetia,34.351665,Pleistocene,,,,
parvilucina,34.351665,Pleistocene,,,,
mulinia,34.351665,Pleistocene,,,,
cyclocardia,34.351665,Pleistocene,,,,
astarte,34.351665,Pleistocene,,,,
crepidula,34.351665,Pleistocene,,,,
modiolus,34.351665,Pleistocene,,,,
astarte,34.351665,Pleistocene,,,,
astarte,37.232224,Pleistocene,,,,
mulinia,37.232224,Pleistocene,,,,
chesapecten,37.232224,Pleistocene,,,,
chesapecten,37.232224,Pleistocene,,,,
astarte,37.232224,Pleistocene,,,,
crepidula,37.232224,Pleistocene,,,,
cyclocardia,37.232224,Pleistocene,,,,
cyclocardia,33.973331,Pleistocene,,,,
mulinia,33.973331,Pleistocene,,,,
noetia,33.973331,Pleistocene,,,,
crepidula,33.973331,Pleistocene,,,,
crepidula,33.973331,Pleistocene,,,,
cyclocardia,37.148056,Pleistocene,,,,
astarte,37.148056,Pleistocene,,,,
mulinia,37.148056,Pleistocene,,,,
striarca,37.148056,Pleistocene,,,,
noetia,37.148056,Pleistocene,,,,
chesapecten,37.148056,Pleistocene,,,,
chesapecten,37.148056,Pleistocene,,,,
chesapecten,37.148056,Pleistocene,,,,
mulinia,27.770832,Pleistocene,,,,
chama,27.770832,Pleistocene,,,,
mulinia,27.770832,Pleistocene,,,,
crepidula,27.770832,Pleistocene,,,,
noetia,34.168056,Pleistocene,,,,
astarte,34.168056,Pleistocene,,,,
crepidula,34.168056,Pleistocene,,,,
crepidula,34.168056,Pleistocene,,,,
mulinia,34.168056,Pleistocene,,,,
astarte,34.168056,Pleistocene,,,,
astarte,34.168056,Pleistocene,,,,
mulinia,34.168056,Pleistocene,,,,
crepidula,34.325832,Pleistocene,,,,
noetia,34.325832,Pleistocene,,,,
chesapecten,34.325832,Pleistocene,,,,
astarte,34.325832,Pleistocene,,,,
crepidula,34.325832,Pleistocene,,,,
astarte,34.325832,Pleistocene,,,,
crepidula,27.770832,Pleistocene,,,,
crepidula,27.770832,Pleistocene,,,,
crepidula,27.770832,Pleistocene,,,,
crepidula,27.770832,Pleistocene,,,,
crepidula,26.799999,Pleistocene,,,,
parvilucina,26.958611,Pleistocene,,,,
crepidula,26.958611,Pleistocene,,,,
crepidula,26.958611,Pleistocene,,,,
mulinia,35.05722,Pleistocene,,,,
mulinia,35.05722,Pleistocene,,,,
mulinia,35.05722,Pleistocene,,,,
mulinia,35.05722,Pleistocene,,,,
mulinia,35.05722,Pleistocene,,,,
mulinia,34.983891,Pleistocene,,,,
astarte,33.628334,Pleistocene,,,,
cyclocardia,33.628334,Pleistocene,,,,
mulinia,33.628334,Pleistocene,,,,
cyclocardia,33.398888,Pleistocene,,,,
parvilucina,33.398888,Pleistocene,,,,
chesapecten,33.100277,Pleistocene,,,,
astarte,33.100277,Pleistocene,,,,
astarte,33.100277,Pleistocene,,,,
cyclocardia,33.100277,Pleistocene,,,,
chama,33.100277,Pleistocene,,,,
parvilucina,33.100277,Pleistocene,,,,
astarte,30.625834,Pleistocene,,,,
parvilucina,30.625834,Pleistocene,,,,
parvilucina,30.625834,Pleistocene,,,,
chama,30.383333,Pleistocene,,,,
mulinia,27.316668,Pleistocene,,,,
chesapecten,27.316668,Pleistocene,,,,
chesapecten,27.316668,Pleistocene,,,,
crepidula,32.983891,Pleistocene,,,,
astarte,26.885,Pliocene,,,,
chama,26.885,Pliocene,,,,
chama,26.885,Pliocene,,,,
chama,26.885,Pliocene,,,,
chesapecten,26.885,Pliocene,,,,
mulinia,26.885,Pliocene,,,,
mulinia,26.885,Pliocene,,,,
noetia,26.885,Pliocene,,,,
crepidula,26.885,Pliocene,,,,
crepidula,26.885,Pliocene,,,,
astarte,35.283611,Pliocene,,,,
cyclocardia,35.283611,Pliocene,,,,
astarte,35.283611,Pliocene,,,,
astarte,35.283611,Pliocene,,,,
cyclocardia,35.283611,Pliocene,,,,
modiolus,35.283611,Pliocene,,,,
astarte,35.283611,Pliocene,,,,
astarte,35.283611,Pliocene,,,,
cyclocardia,35.283611,Pliocene,,,,
noetia,35.283611,Pliocene,,,,
modiolus,35.283611,Pliocene,,,,
parvilucina,35.283611,Pliocene,,,,
crepidula,35.283611,Pliocene,,,,
crepidula,35.283611,Pliocene,,,,
chesapecten,37.232224,Pliocene,,,,
astarte,37.232224,Pliocene,,,,
astarte,37.232224,Pliocene,,,,
cyclocardia,37.232224,Pliocene,,,,
striarca,37.232224,Pliocene,,,,
chesapecten,37.232224,Pliocene,,,,
chesapecten,36.442501,Pliocene,,,,
chesapecten,36.442501,Pliocene,,,,
astarte,36.442501,Pliocene,,,,
chama,36.442501,Pliocene,,,,
chesapecten,35.384998,Pliocene,,,,
chesapecten,35.506668,Pliocene,,,,
astarte,35.506668,Pliocene,,,,
astarte,35.536667,Pliocene,,,,
astarte,34.618332,Pliocene,,,,
astarte,35.506668,Pliocene,,,,
astarte,35.506668,Pliocene,,,,
astarte,35.536667,Pliocene,,,,
astarte,35.384998,Pliocene,,,,
astarte,35.506668,Pliocene,,,,
astarte,35.506668,Pliocene,,,,
astarte,34.998055,Pliocene,,,,
astarte,34.896667,Pliocene,,,,
astarte,34.618332,Pliocene,,,,
astarte,34.496944,Pliocene,,,,
parvilucina,35.506668,Pliocene,,,,
parvilucina,34.896667,Pliocene,,,,
parvilucina,34.618332,Pliocene,,,,
mulinia,35.384998,Pliocene,,,,
mulinia,35.506668,Pliocene,,,,
mulinia,34.998055,Pliocene,,,,
mulinia,34.999443,Pliocene,,,,
mulinia,34.896667,Pliocene,,,,
mulinia,34.496944,Pliocene,,,,
mulinia,35.506668,Pliocene,,,,
mulinia,34.618332,Pliocene,,,,
crepidula,30.389168,Pliocene,,,,
crepidula,30.425556,Pliocene,,,,
crepidula,30.389168,Pliocene,,,,
crepidula,30.389168,Pliocene,,,,
crepidula,30.425556,Pliocene,,,,
noetia,30.389168,Pliocene,,,,
noetia,30.389168,Pliocene,,,,
noetia,30.425556,Pliocene,,,,
astarte,30.389168,Pliocene,,,,
astarte,30.389168,Pliocene,,,,
astarte,30.389168,Pliocene,,,,
astarte,30.389168,Pliocene,,,,
cyclocardia,30.389168,Pliocene,,,,
cyclocardia,30.972778,Pliocene,,,,
cyclocardia,30.389168,Pliocene,,,,
cyclocardia,30.425556,Pliocene,,,,
chama,30.425556,Pliocene,,,,
chama,30.389168,Pliocene,,,,
chama,30.388611,Pliocene,,,,
parvilucina,30.425556,Pliocene,,,,
parvilucina,30.389168,Pliocene,,,,
parvilucina,30.425556,Pliocene,,,,
parvilucina,30.389168,Pliocene,,,,
parvilucina,30.425556,Pliocene,,,,
parvilucina,30.388611,Pliocene,,,,
parvilucina,30.425556,Pliocene,,,,
parvilucina,30.389168,Pliocene,,,,
spisula,30.389168,Pliocene,,,,
spisula,30.425556,Pliocene,,,,
spisula,30.389168,Pliocene,,,,
mulinia,30.425556,Pliocene,,,,
mulinia,30.389168,Pliocene,,,,
mulinia,30.425556,Pliocene,,,,
mulinia,30.425556,Pliocene,,,,
chesapecten,37.514442,Pliocene,,,,
chama,37.514442,Pliocene,,,,
chesapecten,37.29361,Pliocene,,,,
crepidula,34.316944,Pliocene,,,,
crepidula,34.316944,Pliocene,,,,
cyclocardia,33.899445,Pliocene,,,,
cyclocardia,33.899445,Pliocene,,,,
cyclocardia,33.899445,Pliocene,,,,
chama,33.899445,Pliocene,,,,
chesapecten,33.100277,Pliocene,,,,
chesapecten,33.100277,Pliocene,,,,
astarte,33.100277,Pliocene,,,,
chesapecten,33.327499,Pliocene,,,,
chesapecten,33.488609,Pliocene,,,,
chesapecten,33.327499,Pliocene,,,,
chesapecten,33.327499,Pliocene,,,,
chesapecten,33.327499,Pliocene,,,,
chesapecten,33.327499,Pliocene,,,,
noetia,33.327499,Pliocene,,,,
noetia,33.327499,Pliocene,,,,
modiolus,33.327499,Pliocene,,,,
cyclocardia,33.327499,Pliocene,,,,
astarte,33.327499,Pliocene,,,,
astarte,33.327499,Pliocene,,,,
mulinia,33.327499,Pliocene,,,,
parvilucina,33.031944,Pliocene,,,,
crepidula,33.327499,Pliocene,,,,
astarte,37.095554,Pliocene,,,,
astarte,37.095554,Pliocene,,,,
parvilucina,37.095554,Pliocene,,,,
parvilucina,37.095554,Pliocene,,,,
parvilucina,37.095554,Pliocene,,,,
chesapecten,37.095554,Pliocene,,,,
parvilucina,37.095554,Pliocene,,,,
crepidula,37.095554,Pliocene,,,,
chesapecten,35.359722,Pliocene,,,,
astarte,34.287777,Pliocene,,,,
cyclocardia,34.287777,Pliocene,,,,
chama,34.287777,Pliocene,,,,
chesapecten,37.171665,Pliocene,,,,
cyclocardia,37.171665,Pliocene,,,,
astarte,37.171665,Pliocene,,,,
astarte,37.171665,Pliocene,,,,
chesapecten,37.171665,Pliocene,,,,
chama,37.171665,Pliocene,,,,
chesapecten,37.204445,Pliocene,,,,
cyclocardia,37.204445,Pliocene,,,,
astarte,37.204445,Pliocene,,,,
astarte,37.204445,Pliocene,,,,
cyclocardia,37.514442,Pliocene,,,,
astarte,37.514442,Pliocene,,,,
mulinia,26.699167,Pliocene,,,,
crepidula,26.673611,Pliocene,,,,
parvilucina,26.673611,Pliocene,,,,
mulinia,26.673611,Pliocene,,,,
mulinia,26.637501,Pliocene,,,,
mulinia,26.637501,Pliocene,,,,
mulinia,26.365278,Pliocene,,,,
mulinia,26.099167,Pliocene,,,,
mulinia,34.896667,Pliocene,,,,
astarte,34.896667,Pliocene,,,,
cyclocardia,34.896667,Pliocene,,,,
noetia,34.896667,Pliocene,,,,
mulinia,34.896667,Pliocene,,,,
cyclocardia,34.896667,Pliocene,,,,
noetia,34.896667,Pliocene,,,,
astarte,34.896667,Pliocene,,,,
crepidula,34.896667,Pliocene,,,,
crepidula,34.896667,Pliocene,,,,
striarca,37.26889,Pliocene,,,,
noetia,37.26889,Pliocene,,,,
chesapecten,37.26889,Pliocene,,,,
astarte,37.26889,Pliocene,,,,
astarte,37.26889,Pliocene,,,,
chama,37.26889,Pliocene,,,,
cyclocardia,37.26889,Pliocene,,,,
chesapecten,37.26889,Pliocene,,,,
cyclocardia,37.26889,Pliocene,,,,
astarte,37.233891,Pliocene,,,,
astarte,37.233891,Pliocene,,,,
chesapecten,37.233891,Pliocene,,,,
crepidula,37.233891,Pliocene,,,,
crepidula,37.233891,Pliocene,,,,
noetia,37.233891,Pliocene,,,,
spisula,37.233891,Pliocene,,,,
spisula,37.233891,Pliocene,,,,
mulinia,37.233891,Pliocene,,,,
cyclocardia,37.233891,Pliocene,,,,
chama,37.233891,Pliocene,,,,
striarca,37.233891,Pliocene,,,,
noetia,37.233891,Pliocene,,,,
spisula,37.233891,Pliocene,,,,
cyclocardia,37.233891,Pliocene,,,,
parvilucina,37.233891,Pliocene,,,,
chama,37.233891,Pliocene,,,,
mulinia,37.233891,Pliocene,,,,
astarte,37.233891,Pliocene,,,,
astarte,37.233891,Pliocene,,,,
crepidula,37.233891,Pliocene,,,,
crepidula,37.233891,Pliocene,,,,
cyclocardia,37.233891,Pliocene,,,,
chesapecten,37.233891,Pliocene,,,,
cyclocardia,37.233891,Pliocene,,,,
parvilucina,37.233891,Pliocene,,,,
astarte,37.233891,Pliocene,,,,
astarte,37.233891,Pliocene,,,,
chesapecten,37.233891,Pliocene,,,,
crepidula,37.233891,Pliocene,,,,
mulinia,37.233891,Pliocene,,,,
spisula,37.233891,Pliocene,,,,
noetia,37.233891,Pliocene,,,,
crepidula,37.233891,Pliocene,,,,
crepidula,37.233891,Pliocene,,,,
noetia,37.233891,Pliocene,,,,
parvilucina,37.233891,Pliocene,,,,
modiolus,37.233891,Pliocene,,,,
astarte,37.233891,Pliocene,,,,
chesapecten,37.233891,Pliocene,,,,
crepidula,37.233891,Pliocene,,,,
crepidula,37.233891,Pliocene,,,,
noetia,37.233891,Pliocene,,,,
spisula,37.233891,Pliocene,,,,
cyclocardia,37.233891,Pliocene,,,,
chama,37.233891,Pliocene,,,,
parvilucina,37.233891,Pliocene,,,,
astarte,37.233891,Pliocene,,,,
crepidula,37.233891,Pliocene,,,,
crepidula,37.233891,Pliocene,,,,
striarca,37.233891,Pliocene,,,,
noetia,37.233891,Pliocene,,,,
parvilucina,37.233891,Pliocene,,,,
crepidula,37.233891,Pliocene,,,,
crepidula,37.233891,Pliocene,,,,
striarca,37.233891,Pliocene,,,,
noetia,37.233891,Pliocene,,,,
cyclocardia,37.233891,Pliocene,,,,
parvilucina,37.233891,Pliocene,,,,
astarte,37.233891,Pliocene,,,,
astarte,37.233891,Pliocene,,,,
chesapecten,37.233891,Pliocene,,,,
crepidula,37.233891,Pliocene,,,,
striarca,37.233891,Pliocene,,,,
spisula,37.233891,Pliocene,,,,
chesapecten,37.233891,Pliocene,,,,
astarte,37.233891,Pliocene,,,,
astarte,37.233891,Pliocene,,,,
parvilucina,37.233891,Pliocene,,,,
cyclocardia,37.233891,Pliocene,,,,
astarte,34.896667,Pliocene,,,,
mulinia,34.896667,Pliocene,,,,
astarte,34.896667,Pliocene,,,,
noetia,34.896667,Pliocene,,,,
cyclocardia,34.896667,Pliocene,,,,
mulinia,34.896667,Pliocene,,,,
crepidula,34.896667,Pliocene,,,,
noetia,34.896667,Pliocene,,,,
mulinia,34.896667,Pliocene,,,,
astarte,34.896667,Pliocene,,,,
cyclocardia,34.896667,Pliocene,,,,
mulinia,34.896667,Pliocene,,,,
crepidula,34.896667,Pliocene,,,,
astarte,34.896667,Pliocene,,,,
spisula,34.896667,Pliocene,,,,
cyclocardia,34.896667,Pliocene,,,,
mulinia,34.896667,Pliocene,,,,
astarte,34.896667,Pliocene,,,,
cyclocardia,34.896667,Pliocene,,,,
astarte,26.761667,Pliocene,,,,
cyclocardia,26.761667,Pliocene,,,,
spisula,25.666945,Pliocene,,,,
mulinia,27.338057,Pliocene,,,,
crepidula,27.338057,Pliocene,,,,
mulinia,27.338057,Pliocene,,,,
chesapecten,25.901388,Pliocene,,,,
chesapecten,25.901388,Pliocene,,,,
chesapecten,25.901388,Pliocene,,,,
mulinia,25.901388,Pliocene,,,,
chesapecten,27.327778,Pliocene,,,,
astarte,27.327778,Pliocene,,,,
mulinia,30.432222,Pliocene,,,,
astarte,30.389168,Pliocene,,,,
crepidula,30.389168,Pliocene,,,,
mulinia,30.389168,Pliocene,,,,
noetia,30.389168,Pliocene,,,,
cyclocardia,30.389168,Pliocene,,,,
astarte,30.389168,Pliocene,,,,
cyclocardia,30.389168,Pliocene,,,,
chama,30.389168,Pliocene,,,,
chama,30.389168,Pliocene,,,,
mulinia,30.389168,Pliocene,,,,
noetia,30.389168,Pliocene,,,,
astarte,30.389168,Pliocene,,,,
astarte,30.389168,Pliocene,,,,
modiolus,30.389168,Pliocene,,,,
cyclocardia,30.389168,Pliocene,,,,
crepidula,30.389168,Pliocene,,,,
astarte,37.232224,Pliocene,,,,
mulinia,37.232224,Pliocene,,,,
chesapecten,37.232224,Pliocene,,,,
chesapecten,37.232224,Pliocene,,,,
astarte,37.232224,Pliocene,,,,
crepidula,37.232224,Pliocene,,,,
cyclocardia,37.232224,Pliocene,,,,
cyclocardia,37.148056,Pliocene,,,,
astarte,37.148056,Pliocene,,,,
mulinia,37.148056,Pliocene,,,,
striarca,37.148056,Pliocene,,,,
noetia,37.148056,Pliocene,,,,
chesapecten,37.148056,Pliocene,,,,
chesapecten,37.148056,Pliocene,,,,
chesapecten,37.148056,Pliocene,,,,
chesapecten,33.100277,Pliocene,,,,
astarte,33.100277,Pliocene,,,,
astarte,33.100277,Pliocene,,,,
cyclocardia,33.100277,Pliocene,,,,
chama,33.100277,Pliocene,,,,
parvilucina,33.100277,Pliocene,,,,
astarte,30.625834,Pliocene,,,,
parvilucina,30.625834,Pliocene,,,,
parvilucina,30.625834,Pliocene,,,,
chama,30.383333,Pliocene,,,,
crepidula,25.700001,Pliocene,,,,
crepidula,25.700001,Pliocene,,,,
crepidula,25.700001,Pliocene,,,,
crepidula,25.700001,Pliocene,,,,
crepidula,25.700001,Pliocene,,,,
spisula,35.149445,Pliocene,,,,
mulinia,35.149445,Pliocene,,,,
crepidula,27.336,Pliocene,,,,
mulinia,31.1646,Pliocene,,,,
mulinia,31.1646,Pliocene,,,,
mulinia,27.316668,Pliocene,,,,
chesapecten,27.316668,Pliocene,,,,
chesapecten,27.316668,Pliocene,,,,
noetia,27.63833,Pleistocene,,,,
mulinia,27.63833,Pleistocene,,,,
noetia,29.231981,Pleistocene,,,,
noetia,26.8145,Pleistocene,,,,
parvilucina,27.321403,Pleistocene,,,,
mulinia,27.321403,Pleistocene,,,,
crepidula,27.321403,Pleistocene,,,,
crepidula,27.321403,Pleistocene,,,,
crepidula,30.706386,Pleistocene,,,,
parvilucina,30.706386,Pleistocene,,,,
mulinia,30.706386,Pleistocene,,,,
mulinia,30.706386,Pleistocene,,,,
mulinia,30.706386,Pleistocene,,,,
mulinia,30.706386,Pleistocene,,,,
crepidula,30.706386,Pleistocene,,,,
parvilucina,30.706386,Pleistocene,,,,
noetia,30.715418,Pleistocene,,,,
noetia,26.750024,Pleistocene,,,,
chama,26.750024,Pleistocene,,,,
chama,26.750024,Pleistocene,,,,
chama,26.750024,Pleistocene,,,,
chama,26.750024,Pleistocene,,,,
chama,26.750024,Pleistocene,,,,
chama,26.750024,Pleistocene,,,,
parvilucina,26.750024,Pleistocene,,,,
parvilucina,26.750024,Pleistocene,,,,
parvilucina,26.750024,Pleistocene,,,,
mulinia,26.750024,Pleistocene,,,,
mulinia,26.750024,Pleistocene,,,,
mulinia,26.750024,Pleistocene,,,,
crepidula,26.750024,Pleistocene,,,,
crepidula,26.750024,Pleistocene,,,,
crepidula,26.750024,Pleistocene,,,,
crepidula,26.750024,Pleistocene,,,,
noetia,26.683145,Pleistocene,,,,
chama,26.683145,Pleistocene,,,,
chama,26.683145,Pleistocene,,,,
noetia,26.75389,Pleistocene,,,,
chama,26.75389,Pleistocene,,,,
chama,26.75389,Pleistocene,,,,
chama,26.75389,Pleistocene,,,,
chama,26.75389,Pleistocene,,,,
mulinia,26.75389,Pleistocene,,,,
mulinia,26.75389,Pleistocene,,,,
mulinia,26.75389,Pleistocene,,,,
chesapecten,26.975402,Pleistocene,,,,
crepidula,27.63833,Pleistocene,,,,
chama,26.659514,Pleistocene,,,,
noetia,26.659514,Pleistocene,,,,
chama,26.659514,Pleistocene,,,,
chama,26.659514,Pleistocene,,,,
modiolus,26.659514,Pleistocene,,,,
modiolus,26.659514,Pleistocene,,,,
crepidula,26.659514,Pleistocene,,,,
crepidula,26.659514,Pleistocene,,,,
noetia,26.659514,Pleistocene,,,,
chama,26.659514,Pleistocene,,,,
chama,26.75389,Pleistocene,,,,
mulinia,29.481431,Pleistocene,,,,
parvilucina,29.481431,Pleistocene,,,,
noetia,29.481431,Pleistocene,,,,
crepidula,29.481431,Pleistocene,,,,
crepidula,29.481431,Pleistocene,,,,
crepidula,29.481431,Pleistocene,,,,
astarte,26.750024,Pleistocene,,,,
chama,26.750024,Pleistocene,,,,
crepidula,26.750024,Pleistocene,,,,
parvilucina,26.750024,Pleistocene,,,,
chama,26.750024,Pleistocene,,,,
mulinia,26.750024,Pleistocene,,,,
crepidula,26.750024,Pleistocene,,,,
chama,26.750024,Pleistocene,,,,
crepidula,26.750024,Pleistocene,,,,
spisula,26.750024,Pleistocene,,,,
chama,26.750024,Pleistocene,,,,
chama,26.750024,Pleistocene,,,,
chama,26.750024,Pleistocene,,,,
crepidula,27.692967,Pleistocene,,,,
crepidula,27.692967,Pleistocene,,,,
crepidula,27.692967,Pleistocene,,,,
noetia,27.692967,Pleistocene,,,,
parvilucina,27.692967,Pleistocene,,,,
mulinia,27.692967,Pleistocene,,,,
chama,27.692967,Pleistocene,,,,
crepidula,27.692967,Pleistocene,,,,
crepidula,27.692967,Pleistocene,,,,
crepidula,27.692967,Pleistocene,,,,
chama,27.692967,Pleistocene,,,,
mulinia,27.692967,Pleistocene,,,,
parvilucina,27.692967,Pleistocene,,,,
modiolus,27.692967,Pleistocene,,,,
chama,27.692967,Pleistocene,,,,
noetia,27.692967,Pleistocene,,,,
crepidula,27.692967,Pleistocene,,,,
crepidula,27.692967,Pleistocene,,,,
mulinia,27.692967,Pleistocene,,,,
parvilucina,27.692967,Pleistocene,,,,
noetia,27.692967,Pleistocene,,,,
crepidula,27.692967,Pleistocene,,,,
crepidula,27.692967,Pleistocene,,,,
parvilucina,27.692967,Pleistocene,,,,
crepidula,27.692967,Pleistocene,,,,
crepidula,27.692967,Pleistocene,,,,
crepidula,27.692967,Pleistocene,,,,
parvilucina,27.692967,Pleistocene,,,,
chama,27.692967,Pleistocene,,,,
noetia,27.692967,Pleistocene,,,,
mulinia,27.692967,Pleistocene,,,,
chama,27.692967,Pleistocene,,,,
parvilucina,27.692967,Pleistocene,,,,
modiolus,27.692967,Pleistocene,,,,
noetia,27.692967,Pleistocene,,,,
mulinia,27.692967,Pleistocene,,,,
mulinia,27.692967,Pleistocene,,,,
parvilucina,27.692967,Pleistocene,,,,
crepidula,27.692967,Pleistocene,,,,
crepidula,27.692967,Pleistocene,,,,
crepidula,27.692967,Pleistocene,,,,
crepidula,27.692967,Pleistocene,,,,
crepidula,27.692967,Pleistocene,,,,
noetia,27.692967,Pleistocene,,,,
crepidula,27.692967,Pleistocene,,,,
noetia,27.692967,Pleistocene,,,,
crepidula,27.692967,Pleistocene,,,,
crepidula,27.692967,Pleistocene,,,,
crepidula,26.789463,Pleistocene,,,,
crepidula,26.789463,Pleistocene,,,,
crepidula,26.753565,Pleistocene,,,,
noetia,26.789463,Pleistocene,,,,
noetia,27.692967,Pleistocene,,,,
noetia,27.692967,Pleistocene,,,,
noetia,27.692967,Pleistocene,,,,
noetia,27.692967,Pleistocene,,,,
crepidula,27.692967,Pleistocene,,,,
noetia,27.692967,Pleistocene,,,,
noetia,27.692967,Pleistocene,,,,
noetia,27.692967,Pleistocene,,,,
noetia,27.692967,Pleistocene,,,,
crepidula,27.692967,Pleistocene,,,,
chama,26.659514,Pleistocene,,,,
chama,26.733905,Pleistocene,,,,
chama,26.733905,Pleistocene,,,,
noetia,27.482995,Pleistocene,,,,
spisula,27.4472,Pleistocene,,,,
noetia,26.715597,Pleistocene,,,,
chama,26.659514,Pleistocene,,,,
noetia,26.659514,Pleistocene,,,,
crepidula,26.659514,Pleistocene,,,,
crepidula,26.659514,Pleistocene,,,,
crepidula,26.659514,Pleistocene,,,,
chama,26.659514,Pleistocene,,,,
crepidula,26.733905,Pleistocene,,,,
crepidula,26.733905,Pleistocene,,,,
chama,26.733905,Pleistocene,,,,
chama,26.740239,Pleistocene,,,,
chama,26.763957,Pleistocene,,,,
crepidula,26.816657,Pleistocene,,,,
crepidula,26.816657,Pleistocene,,,,
mulinia,26.816657,Pleistocene,,,,
chama,26.816657,Pleistocene,,,,
crepidula,26.809732,Pleistocene,,,,
noetia,26.809732,Pleistocene,,,,
crepidula,26.809732,Pleistocene,,,,
mulinia,26.809732,Pleistocene,,,,
chama,26.767115,Pleistocene,,,,
chama,26.733905,Pleistocene,,,,
parvilucina,26.659514,Pleistocene,,,,
mulinia,26.659514,Pleistocene,,,,
crepidula,28.04064,Pleistocene,,,,
mulinia,28.04064,Pleistocene,,,,
chama,27.366642,Pleistocene,,,,
mulinia,27.366642,Pleistocene,,,,
chama,26.75389,Pleistocene,,,,
mulinia,27.366642,Pleistocene,,,,
chama,27.366642,Pleistocene,,,,
parvilucina,27.366642,Pleistocene,,,,
crepidula,27.366642,Pleistocene,,,,
crepidula,27.366642,Pleistocene,,,,
crepidula,26.659514,Pleistocene,,,,
crepidula,26.659514,Pleistocene,,,,
chama,26.659514,Pleistocene,,,,
noetia,26.659514,Pleistocene,,,,
chama,26.659514,Pleistocene,,,,
modiolus,26.659514,Pleistocene,,,,
chama,26.659514,Pleistocene,,,,
chama,26.659514,Pleistocene,,,,
mulinia,26.659514,Pleistocene,,,,
mulinia,26.659514,Pleistocene,,,,
chama,26.683145,Pleistocene,,,,
chama,26.683145,Pleistocene,,,,
chama,26.683145,Pleistocene,,,,
parvilucina,29.4547,Pleistocene,,,,
cyclocardia,29.4547,Pleistocene,,,,
mulinia,29.4547,Pleistocene,,,,
crepidula,29.4547,Pleistocene,,,,
crepidula,29.4547,Pleistocene,,,,
crepidula,29.4547,Pleistocene,,,,
mulinia,29.4547,Pleistocene,,,,
crepidula,29.4547,Pleistocene,,,,
crepidula,29.4547,Pleistocene,,,,
modiolus,26.659514,Pleistocene,,,,
chama,26.659514,Pleistocene,,,,
crepidula,26.659514,Pleistocene,,,,
crepidula,26.659514,Pleistocene,,,,
noetia,26.659514,Pleistocene,,,,
chama,26.659514,Pleistocene,,,,
chama,26.659514,Pleistocene,,,,
crepidula,26.659514,Pleistocene,,,,
noetia,26.659514,Pleistocene,,,,
mulinia,26.659514,Pleistocene,,,,
parvilucina,26.659514,Pleistocene,,,,
parvilucina,26.683145,Pleistocene,,,,
parvilucina,26.683145,Pleistocene,,,,
crepidula,26.683145,Pleistocene,,,,
crepidula,26.683145,Pleistocene,,,,
crepidula,29.15114,Pleistocene,,,,
crepidula,29.15114,Pleistocene,,,,
crepidula,29.15114,Pleistocene,,,,
noetia,29.15114,Pleistocene,,,,
mulinia,29.15114,Pleistocene,,,,
mulinia,29.15114,Pleistocene,,,,
spisula,29.15114,Pleistocene,,,,
mulinia,29.15114,Pleistocene,,,,
crepidula,29.15114,Pleistocene,,,,
crepidula,29.8759,Pleistocene,,,,
crepidula,29.8759,Pleistocene,,,,
noetia,29.8759,Pleistocene,,,,
mulinia,29.8759,Pleistocene,,,,
crepidula,29.8759,Pleistocene,,,,
crepidula,29.8759,Pleistocene,,,,
mulinia,29.8759,Pleistocene,,,,
mulinia,28.482159,Pleistocene,,,,
crepidula,28.482159,Pleistocene,,,,
noetia,28.482159,Pleistocene,,,,
crepidula,28.482159,Pleistocene,,,,
crepidula,28.482159,Pleistocene,,,,
mulinia,28.482159,Pleistocene,,,,
crepidula,28.482159,Pleistocene,,,,
crepidula,28.482159,Pleistocene,,,,
mulinia,28.482159,Pleistocene,,,,
mulinia,28.482159,Pleistocene,,,,
crepidula,28.482159,Pleistocene,,,,
crepidula,28.482159,Pleistocene,,,,
noetia,28.482159,Pleistocene,,,,
noetia,28.398101,Pleistocene,,,,
crepidula,28.398101,Pleistocene,,,,
crepidula,28.398101,Pleistocene,,,,
spisula,28.398101,Pleistocene,,,,
chama,28.398101,Pleistocene,,,,
noetia,28.398101,Pleistocene,,,,
parvilucina,28.398101,Pleistocene,,,,
modiolus,28.398101,Pleistocene,,,,
mulinia,28.398101,Pleistocene,,,,
crepidula,26.659514,Pleistocene,,,,
crepidula,26.659514,Pleistocene,,,,
crepidula,29.481431,Pleistocene,,,,
crepidula,26.750024,Pleistocene,,,,
crepidula,27.692967,Pleistocene,,,,
crepidula,28.04064,Pleistocene,,,,
crepidula,28.04064,Pleistocene,,,,
crepidula,28.04064,Pleistocene,,,,
mulinia,28.04064,Pleistocene,,,,
mulinia,27.637619,Pleistocene,,,,
crepidula,27.637619,Pleistocene,,,,
noetia,27.637619,Pleistocene,,,,
noetia,27.637619,Pleistocene,,,,
noetia,27.637619,Pleistocene,,,,
mulinia,29.502373,Pleistocene,,,,
spisula,29.502373,Pleistocene,,,,
noetia,29.502373,Pleistocene,,,,
crepidula,29.502373,Pleistocene,,,,
crepidula,29.502373,Pleistocene,,,,
crepidula,29.502373,Pleistocene,,,,
noetia,29.502373,Pleistocene,,,,
crepidula,26.733905,Pleistocene,,,,
crepidula,26.733905,Pleistocene,,,,
crepidula,26.733905,Pleistocene,,,,
chama,26.733905,Pleistocene,,,,
noetia,26.733905,Pleistocene,,,,
crepidula,26.733905,Pleistocene,,,,
mulinia,26.733905,Pleistocene,,,,
noetia,26.733905,Pleistocene,,,,
chama,26.733905,Pleistocene,,,,
chama,26.733905,Pleistocene,,,,
mulinia,26.733905,Pleistocene,,,,
crepidula,26.733905,Pleistocene,,,,
crepidula,26.733905,Pleistocene,,,,
chama,26.733905,Pleistocene,,,,
chama,26.733905,Pleistocene,,,,
crepidula,26.733905,Pleistocene,,,,
crepidula,26.733905,Pleistocene,,,,
crepidula,26.733905,Pleistocene,,,,
mulinia,26.733905,Pleistocene,,,,
chama,26.733905,Pleistocene,,,,
chama,26.733905,Pleistocene,,,,
parvilucina,28.04064,Pleistocene,,,,
chama,26.733905,Pleistocene,,,,
chama,26.733905,Pleistocene,,,,
chama,26.733905,Pleistocene,,,,
chama,26.733905,Pleistocene,,,,
chama,26.733905,Pleistocene,,,,
chama,26.733905,Pleistocene,,,,
crepidula,26.733905,Pleistocene,,,,
chama,26.733905,Pleistocene,,,,
chama,26.733905,Pleistocene,,,,
crepidula,26.733905,Pleistocene,,,,
crepidula,26.733905,Pleistocene,,,,
crepidula,26.733905,Pleistocene,,,,
crepidula,26.733905,Pleistocene,,,,
crepidula,26.733905,Pleistocene,,,,
mulinia,26.733905,Pleistocene,,,,
mulinia,26.733905,Pleistocene,,,,
noetia,26.733905,Pleistocene,,,,
crepidula,26.733905,Pleistocene,,,,
chama,26.733905,Pleistocene,,,,
chama,26.733905,Pleistocene,,,,
cyclocardia,26.733905,Pleistocene,,,,
noetia,26.733905,Pleistocene,,,,
chama,26.733905,Pleistocene,,,,
mulinia,26.733905,Pleistocene,,,,
chama,26.733905,Pleistocene,,,,
crepidula,26.733905,Pleistocene,,,,
chama,26.733905,Pleistocene,,,,
parvilucina,26.733905,Pleistocene,,,,
mulinia,26.733905,Pleistocene,,,,
crepidula,27.7009,Pleistocene,,,,
noetia,27.7009,Pleistocene,,,,
crepidula,26.75389,Pleistocene,,,,
mulinia,26.75389,Pleistocene,,,,
crepidula,26.75389,Pleistocene,,,,
spisula,26.75389,Pleistocene,,,,
chama,26.659514,Pleistocene,,,,
modiolus,26.659514,Pleistocene,,,,
crepidula,26.659514,Pleistocene,,,,
noetia,26.659514,Pleistocene,,,,
chama,26.659514,Pleistocene,,,,
parvilucina,26.659514,Pleistocene,,,,
chama,26.659514,Pleistocene,,,,
crepidula,26.659514,Pleistocene,,,,
mulinia,26.659514,Pleistocene,,,,
noetia,27.7009,Pleistocene,,,,
crepidula,27.7009,Pleistocene,,,,
parvilucina,27.7009,Pleistocene,,,,
crepidula,27.7009,Pleistocene,,,,
noetia,27.7009,Pleistocene,,,,
noetia,27.7009,Pleistocene,,,,
crepidula,27.7009,Pleistocene,,,,
crepidula,27.7009,Pleistocene,,,,
mulinia,27.7009,Pleistocene,,,,
crepidula,27.7009,Pleistocene,,,,
crepidula,27.7009,Pleistocene,,,,
noetia,27.7009,Pleistocene,,,,
crepidula,27.7009,Pleistocene,,,,
noetia,27.7009,Pleistocene,,,,
noetia,27.7009,Pleistocene,,,,
mulinia,27.7009,Pleistocene,,,,
crepidula,27.7009,Pleistocene,,,,
parvilucina,27.7009,Pleistocene,,,,
crepidula,27.692967,Pleistocene,,,,
crepidula,27.692967,Pleistocene,,,,
crepidula,27.692967,Pleistocene,,,,
parvilucina,27.692967,Pleistocene,,,,
parvilucina,27.692967,Pleistocene,,,,
noetia,27.7009,Pleistocene,,,,
crepidula,27.7009,Pleistocene,,,,
chama,26.472352,Pleistocene,,,,
chama,26.472352,Pleistocene,,,,
crepidula,26.472352,Pleistocene,,,,
crepidula,26.472352,Pleistocene,,,,
crepidula,26.472352,Pleistocene,,,,
crepidula,26.472352,Pleistocene,,,,
crepidula,26.472352,Pleistocene,,,,
mulinia,26.472352,Pleistocene,,,,
crepidula,26.472352,Pleistocene,,,,
crepidula,26.472352,Pleistocene,,,,
crepidula,26.472352,Pleistocene,,,,
crepidula,28.04064,Pleistocene,,,,
crepidula,28.04064,Pleistocene,,,,
crepidula,28.04064,Pleistocene,,,,
crepidula,28.04064,Pleistocene,,,,
crepidula,28.04064,Pleistocene,,,,
parvilucina,28.04064,Pleistocene,,,,
parvilucina,28.04064,Pleistocene,,,,
crepidula,28.04064,Pleistocene,,,,
crepidula,28.04064,Pleistocene,,,,
mulinia,28.04064,Pleistocene,,,,
crepidula,28.04064,Pleistocene,,,,
parvilucina,28.04064,Pleistocene,,,,
parvilucina,28.04064,Pleistocene,,,,
crepidula,28.04064,Pleistocene,,,,
crepidula,28.04064,Pleistocene,,,,
mulinia,28.04064,Pleistocene,,,,
parvilucina,28.04064,Pleistocene,,,,
parvilucina,28.04064,Pleistocene,,,,
mulinia,28.04064,Pleistocene,,,,
mulinia,28.04064,Pleistocene,,,,
parvilucina,28.04064,Pleistocene,,,,
crepidula,26.659514,Pleistocene,,,,
noetia,26.659514,Pleistocene,,,,
crepidula,26.659514,Pleistocene,,,,
crepidula,26.659514,Pleistocene,,,,
noetia,26.659514,Pleistocene,,,,
crepidula,26.659514,Pleistocene,,,,
crepidula,26.659514,Pleistocene,,,,
crepidula,26.659514,Pleistocene,,,,
mulinia,26.659514,Pleistocene,,,,
mulinia,26.659514,Pleistocene,,,,
parvilucina,26.659514,Pleistocene,,,,
crepidula,26.659514,Pleistocene,,,,
crepidula,26.659514,Pleistocene,,,,
crepidula,26.659514,Pleistocene,,,,
crepidula,26.659514,Pleistocene,,,,
mulinia,26.659514,Pleistocene,,,,
parvilucina,28.0394,Pleistocene,,,,
crepidula,28.0394,Pleistocene,,,,
noetia,28.0394,Pleistocene,,,,
chama,26.66302,Pleistocene,,,,
parvilucina,28.0394,Pleistocene,,,,
parvilucina,28.0394,Pleistocene,,,,
crepidula,28.0394,Pleistocene,,,,
crepidula,28.0394,Pleistocene,,,,
parvilucina,28.0394,Pleistocene,,,,
parvilucina,28.0394,Pleistocene,,,,
noetia,26.733905,Pleistocene,,,,
chama,26.733905,Pleistocene,,,,
chama,26.733905,Pleistocene,,,,
mulinia,26.733905,Pleistocene,,,,
chama,26.750024,Pleistocene,,,,
noetia,26.78668,Pleistocene,,,,
chama,26.78668,Pleistocene,,,,
crepidula,26.78668,Pleistocene,,,,
crepidula,26.78668,Pleistocene,,,,
noetia,27.050637,Pleistocene,,,,
crepidula,27.050637,Pleistocene,,,,
crepidula,27.050637,Pleistocene,,,,
chama,27.055408,Pleistocene,,,,
crepidula,27.055408,Pleistocene,,,,
crepidula,27.055408,Pleistocene,,,,
noetia,27.055408,Pleistocene,,,,
crepidula,27.055408,Pleistocene,,,,
chama,27.050637,Pleistocene,,,,
crepidula,27.050192,Pleistocene,,,,
crepidula,27.050192,Pleistocene,,,,
chama,27.050192,Pleistocene,,,,
crepidula,27.050637,Pleistocene,,,,
crepidula,27.050637,Pleistocene,,,,
crepidula,27.050637,Pleistocene,,,,
crepidula,27.050637,Pleistocene,,,,
crepidula,27.050637,Pleistocene,,,,
crepidula,27.7009,Pleistocene,,,,
crepidula,27.7009,Pleistocene,,,,
mulinia,27.7009,Pleistocene,,,,
noetia,27.7009,Pleistocene,,,,
mulinia,27.7009,Pleistocene,,,,
noetia,27.7009,Pleistocene,,,,
crepidula,27.7009,Pleistocene,,,,
mulinia,27.7009,Pleistocene,,,,
crepidula,27.7009,Pleistocene,,,,
mulinia,27.7009,Pleistocene,,,,
noetia,27.7009,Pleistocene,,,,
noetia,27.7009,Pleistocene,,,,
crepidula,27.7009,Pleistocene,,,,
crepidula,27.7009,Pleistocene,,,,
crepidula,27.7009,Pleistocene,,,,
noetia,27.7009,Pleistocene,,,,
modiolus,27.7009,Pleistocene,,,,
noetia,27.7009,Pleistocene,,,,
mulinia,27.7009,Pleistocene,,,,
crepidula,27.7009,Pleistocene,,,,
crepidula,27.7009,Pleistocene,,,,
crepidula,27.7009,Pleistocene,,,,
crepidula,27.7009,Pleistocene,,,,
mulinia,27.7009,Pleistocene,,,,
chama,27.7009,Pleistocene,,,,
crepidula,27.7009,Pleistocene,,,,
crepidula,27.7009,Pleistocene,,,,
chama,27.7009,Pleistocene,,,,
noetia,27.7009,Pleistocene,,,,
noetia,27.7009,Pleistocene,,,,
mulinia,27.7009,Pleistocene,,,,
crepidula,27.7009,Pleistocene,,,,
mulinia,27.692967,Pleistocene,,,,
crepidula,27.692967,Pleistocene,,,,
chama,27.692967,Pleistocene,,,,
parvilucina,27.692967,Pleistocene,,,,
crepidula,27.7009,Pleistocene,,,,
parvilucina,27.7009,Pleistocene,,,,
mulinia,27.7009,Pleistocene,,,,
crepidula,27.692967,Pleistocene,,,,
crepidula,27.692967,Pleistocene,,,,
chama,26.733905,Pleistocene,,,,
noetia,26.683145,Pleistocene,,,,
noetia,26.683145,Pleistocene,,,,
crepidula,26.914218,Pleistocene,,,,
parvilucina,27.7009,Pleistocene,,,,
parvilucina,27.7009,Pleistocene,,,,
mulinia,27.366642,Pleistocene,,,,
crepidula,27.7009,Pleistocene,,,,
crepidula,27.7009,Pleistocene,,,,
noetia,27.7009,Pleistocene,,,,
noetia,27.7009,Pleistocene,,,,
crepidula,27.7009,Pleistocene,,,,
crepidula,26.75389,Pleistocene,,,,
chama,26.75389,Pleistocene,,,,
crepidula,26.75389,Pleistocene,,,,
chama,26.75389,Pleistocene,,,,
mulinia,26.75389,Pleistocene,,,,
chama,26.75389,Pleistocene,,,,
crepidula,26.75389,Pleistocene,,,,
parvilucina,26.75389,Pleistocene,,,,
crepidula,26.75389,Pleistocene,,,,
crepidula,26.75389,Pleistocene,,,,
mulinia,26.75389,Pleistocene,,,,
parvilucina,26.75389,Pleistocene,,,,
mulinia,26.75389,Pleistocene,,,,
parvilucina,26.75389,Pleistocene,,,,
mulinia,26.75389,Pleistocene,,,,
mulinia,26.75389,Pleistocene,,,,
crepidula,26.75389,Pleistocene,,,,
crepidula,26.75389,Pleistocene,,,,
crepidula,26.75389,Pleistocene,,,,
crepidula,26.75389,Pleistocene,,,,
mulinia,26.7749,Pleistocene,,,,
mulinia,26.7749,Pleistocene,,,,
crepidula,26.7793,Pleistocene,,,,
crepidula,26.7793,Pleistocene,,,,
crepidula,26.7793,Pleistocene,,,,
crepidula,26.7793,Pleistocene,,,,
mulinia,26.7793,Pleistocene,,,,
parvilucina,26.7793,Pleistocene,,,,
crepidula,26.7793,Pleistocene,,,,
noetia,26.7793,Pleistocene,,,,
chama,27.050637,Pleistocene,,,,
chama,27.050637,Pleistocene,,,,
noetia,28.398101,Pleistocene,,,,
crepidula,28.398101,Pleistocene,,,,
mulinia,28.398101,Pleistocene,,,,
parvilucina,27.050637,Pleistocene,,,,
crepidula,28.048016,Pleistocene,,,,
mulinia,28.398101,Pleistocene,,,,
mulinia,28.398101,Pleistocene,,,,
crepidula,28.398101,Pleistocene,,,,
crepidula,28.398101,Pleistocene,,,,
chama,28.398101,Pleistocene,,,,
mulinia,28.398101,Pleistocene,,,,
mulinia,28.398101,Pleistocene,,,,
mulinia,28.398101,Pleistocene,,,,
mulinia,28.398101,Pleistocene,,,,
mulinia,28.398101,Pleistocene,,,,
mulinia,28.398101,Pleistocene,,,,
mulinia,28.398101,Pleistocene,,,,
mulinia,28.398101,Pleistocene,,,,
mulinia,28.398101,Pleistocene,,,,
mulinia,28.398101,Pleistocene,,,,
noetia,28.398101,Pleistocene,,,,
crepidula,28.398101,Pleistocene,,,,
noetia,28.398101,Pleistocene,,,,
noetia,28.398101,Pleistocene,,,,
noetia,28.398101,Pleistocene,,,,
noetia,28.398101,Pleistocene,,,,
crepidula,28.398101,Pleistocene,,,,
crepidula,28.398101,Pleistocene,,,,
noetia,28.398101,Pleistocene,,,,
crepidula,28.398101,Pleistocene,,,,
crepidula,28.398101,Pleistocene,,,,
noetia,28.398101,Pleistocene,,,,
crepidula,28.398101,Pleistocene,,,,
mulinia,28.398101,Pleistocene,,,,
mulinia,28.398101,Pleistocene,,,,
mulinia,28.398101,Pleistocene,,,,
mulinia,28.398101,Pleistocene,,,,
mulinia,28.398101,Pleistocene,,,,
crepidula,28.398101,Pleistocene,,,,
mulinia,28.398101,Pleistocene,,,,
noetia,28.398101,Pleistocene,,,,
crepidula,29.520573,Pleistocene,,,,
crepidula,29.520573,Pleistocene,,,,
mulinia,29.520573,Pleistocene,,,,
noetia,29.520573,Pleistocene,,,,
mulinia,29.520573,Pleistocene,,,,
crepidula,29.520573,Pleistocene,,,,
crepidula,29.520573,Pleistocene,,,,
parvilucina,29.520573,Pleistocene,,,,
mulinia,29.520573,Pleistocene,,,,
mulinia,26.659514,Pleistocene,,,,
parvilucina,26.659514,Pleistocene,,,,
crepidula,26.659514,Pleistocene,,,,
chama,26.659514,Pleistocene,,,,
parvilucina,26.659514,Pleistocene,,,,
crepidula,26.659514,Pleistocene,,,,
crepidula,26.659514,Pleistocene,,,,
parvilucina,26.659514,Pleistocene,,,,
chama,26.659514,Pleistocene,,,,
parvilucina,26.659514,Pleistocene,,,,
chama,26.7749,Pleistocene,,,,
mulinia,26.659514,Pleistocene,,,,
parvilucina,26.659514,Pleistocene,,,,
crepidula,26.659514,Pleistocene,,,,
crepidula,26.659514,Pleistocene,,,,
crepidula,26.659514,Pleistocene,,,,
chama,26.659514,Pleistocene,,,,
crepidula,26.659514,Pleistocene,,,,
crepidula,26.659514,Pleistocene,,,,
crepidula,26.659514,Pleistocene,,,,
crepidula,26.659514,Pleistocene,,,,
parvilucina,26.659514,Pleistocene,,,,
mulinia,26.659514,Pleistocene,,,,
parvilucina,27.7009,Pleistocene,,,,
mulinia,27.7009,Pleistocene,,,,
crepidula,26.7749,Pleistocene,,,,
crepidula,26.7749,Pleistocene,,,,
mulinia,26.659514,Pleistocene,,,,
crepidula,26.659514,Pleistocene,,,,
mulinia,26.659514,Pleistocene,,,,
chama,26.7749,Pleistocene,,,,
chama,26.7749,Pleistocene,,,,
mulinia,26.7749,Pleistocene,,,,
chama,26.7749,Pleistocene,,,,
chama,26.7946,Pleistocene,,,,
crepidula,26.7946,Pleistocene,,,,
parvilucina,26.659514,Pleistocene,,,,
chama,26.659514,Pleistocene,,,,
chama,26.659514,Pleistocene,,,,
chama,26.659514,Pleistocene,,,,
mulinia,26.659514,Pleistocene,,,,
mulinia,26.659514,Pleistocene,,,,
mulinia,26.659514,Pleistocene,,,,
parvilucina,26.659514,Pleistocene,,,,
mulinia,26.659514,Pleistocene,,,,
mulinia,26.659514,Pleistocene,,,,
noetia,26.659514,Pleistocene,,,,
noetia,27.575165,Pleistocene,,,,
chama,26.472352,Pleistocene,,,,
mulinia,26.472352,Pleistocene,,,,
noetia,26.7946,Pleistocene,,,,
crepidula,26.7946,Pleistocene,,,,
crepidula,26.7946,Pleistocene,,,,
crepidula,26.7946,Pleistocene,,,,
parvilucina,26.472352,Pleistocene,,,,
mulinia,26.472352,Pleistocene,,,,
chama,26.472352,Pleistocene,,,,
crepidula,28.398101,Pleistocene,,,,
crepidula,28.398101,Pleistocene,,,,
noetia,28.398101,Pleistocene,,,,
noetia,28.398101,Pleistocene,,,,
noetia,28.398101,Pleistocene,,,,
parvilucina,26.472352,Pleistocene,,,,
parvilucina,26.472352,Pleistocene,,,,
mulinia,26.472352,Pleistocene,,,,
crepidula,26.472352,Pleistocene,,,,
crepidula,26.472352,Pleistocene,,,,
crepidula,26.472352,Pleistocene,,,,
chama,26.472352,Pleistocene,,,,
mulinia,26.472352,Pleistocene,,,,
mulinia,26.472352,Pleistocene,,,,
parvilucina,26.472352,Pleistocene,,,,
noetia,26.472352,Pleistocene,,,,
chama,26.472352,Pleistocene,,,,
chama,26.472352,Pleistocene,,,,
chama,26.472352,Pleistocene,,,,
noetia,28.398101,Pleistocene,,,,
noetia,28.398101,Pleistocene,,,,
mulinia,26.472352,Pleistocene,,,,
mulinia,26.472352,Pleistocene,,,,
crepidula,26.472352,Pleistocene,,,,
mulinia,26.472352,Pleistocene,,,,
parvilucina,26.472352,Pleistocene,,,,
parvilucina,26.472352,Pleistocene,,,,
chama,26.472352,Pleistocene,,,,
noetia,26.472352,Pleistocene,,,,
noetia,26.472352,Pleistocene,,,,
parvilucina,26.472352,Pleistocene,,,,
chama,26.472352,Pleistocene,,,,
noetia,27.5246,Pleistocene,,,,
crepidula,27.5246,Pleistocene,,,,
mulinia,27.5246,Pleistocene,,,,
crepidula,27.5246,Pleistocene,,,,
noetia,27.5246,Pleistocene,,,,
crepidula,30.706386,Pleistocene,,,,
mulinia,30.706386,Pleistocene,,,,
spisula,30.706386,Pleistocene,,,,
parvilucina,26.472352,Pleistocene,,,,
chama,26.472352,Pleistocene,,,,
chama,26.472352,Pleistocene,,,,
mulinia,26.75389,Pleistocene,,,,
mulinia,26.75389,Pleistocene,,,,
noetia,26.75389,Pleistocene,,,,
crepidula,26.75389,Pleistocene,,,,
parvilucina,26.472352,Pleistocene,,,,
chama,26.75389,Pleistocene,,,,
crepidula,26.75389,Pleistocene,,,,
crepidula,26.75389,Pleistocene,,,,
crepidula,26.75389,Pleistocene,,,,
mulinia,26.75389,Pleistocene,,,,
crepidula,26.75389,Pleistocene,,,,
noetia,25.821126,Pleistocene,,,,
noetia,25.821126,Pleistocene,,,,
crepidula,26.733905,Pleistocene,,,,
chama,26.733905,Pleistocene,,,,
parvilucina,25.821126,Pleistocene,,,,
crepidula,25.821126,Pleistocene,,,,
chama,25.821126,Pleistocene,,,,
crepidula,25.821126,Pleistocene,,,,
crepidula,25.821126,Pleistocene,,,,
chama,25.821126,Pleistocene,,,,
noetia,25.821126,Pleistocene,,,,
chama,25.821126,Pleistocene,,,,
parvilucina,25.821126,Pleistocene,,,,
crepidula,25.821126,Pleistocene,,,,
mulinia,25.821126,Pleistocene,,,,
mulinia,26.7793,Pleistocene,,,,
crepidula,26.7793,Pleistocene,,,,
crepidula,26.7793,Pleistocene,,,,
mulinia,26.7793,Pleistocene,,,,
crepidula,26.7793,Pleistocene,,,,
parvilucina,26.7793,Pleistocene,,,,
noetia,26.7946,Pleistocene,,,,
crepidula,26.7946,Pleistocene,,,,
mulinia,26.7946,Pleistocene,,,,
chama,26.7946,Pleistocene,,,,
chama,26.7946,Pleistocene,,,,
noetia,26.7946,Pleistocene,,,,
chama,26.7946,Pleistocene,,,,
crepidula,26.733905,Pleistocene,,,,
crepidula,26.733905,Pleistocene,,,,
parvilucina,26.7946,Pleistocene,,,,
crepidula,26.733905,Pleistocene,,,,
noetia,26.7946,Pleistocene,,,,
crepidula,25.7943,Pleistocene,,,,
mulinia,26.733905,Pleistocene,,,,
chama,26.733905,Pleistocene,,,,
parvilucina,26.7946,Pleistocene,,,,
noetia,25.821126,Pleistocene,,,,
crepidula,25.821126,Pleistocene,,,,
mulinia,25.821126,Pleistocene,,,,
crepidula,26.793546,Pleistocene,,,,
modiolus,26.793546,Pleistocene,,,,
crepidula,26.793546,Pleistocene,,,,
noetia,26.793546,Pleistocene,,,,
chama,26.793546,Pleistocene,,,,
modiolus,26.793546,Pleistocene,,,,
crepidula,26.793546,Pleistocene,,,,
crepidula,26.793546,Pleistocene,,,,
mulinia,26.793546,Pleistocene,,,,
mulinia,26.793546,Pleistocene,,,,
parvilucina,26.793546,Pleistocene,,,,
mulinia,26.793546,Pleistocene,,,,
crepidula,26.793546,Pleistocene,,,,
crepidula,26.793546,Pleistocene,,,,
parvilucina,26.793546,Pleistocene,,,,
chama,26.793546,Pleistocene,,,,
chama,26.793546,Pleistocene,,,,
chama,26.793546,Pleistocene,,,,
chama,26.793546,Pleistocene,,,,
mulinia,26.793546,Pleistocene,,,,
noetia,26.793546,Pleistocene,,,,
chama,26.793546,Pleistocene,,,,
chama,26.793546,Pleistocene,,,,
chama,26.793546,Pleistocene,,,,
crepidula,26.793546,Pleistocene,,,,
noetia,26.793546,Pleistocene,,,,
mulinia,26.793546,Pleistocene,,,,
crepidula,26.793546,Pleistocene,,,,
chama,26.793546,Pleistocene,,,,
mulinia,26.793546,Pleistocene,,,,
noetia,26.793546,Pleistocene,,,,
noetia,26.793546,Pleistocene,,,,
crepidula,26.793546,Pleistocene,,,,
crepidula,26.793546,Pleistocene,,,,
chama,26.793546,Pleistocene,,,,
modiolus,26.793546,Pleistocene,,,,
parvilucina,26.793546,Pleistocene,,,,
crepidula,26.793546,Pleistocene,,,,
chama,26.793546,Pleistocene,,,,
crepidula,26.793546,Pleistocene,,,,
crepidula,26.81017,Pleistocene,,,,
crepidula,26.81017,Pleistocene,,,,
crepidula,26.81017,Pleistocene,,,,
crepidula,26.81017,Pleistocene,,,,
crepidula,26.81017,Pleistocene,,,,
crepidula,26.81017,Pleistocene,,,,
crepidula,26.81017,Pleistocene,,,,
crepidula,26.75389,Pleistocene,,,,
crepidula,26.75389,Pleistocene,,,,
modiolus,28.398101,Pleistocene,,,,
chama,25.821126,Pleistocene,,,,
crepidula,26.75389,Pleistocene,,,,
chama,26.75389,Pleistocene,,,,
chama,26.75389,Pleistocene,,,,
chama,25.821126,Pleistocene,,,,
mulinia,25.821126,Pleistocene,,,,
parvilucina,25.821126,Pleistocene,,,,
mulinia,26.75389,Pleistocene,,,,
crepidula,26.733905,Pleistocene,,,,
crepidula,26.733905,Pleistocene,,,,
crepidula,26.733905,Pleistocene,,,,
chama,26.733905,Pleistocene,,,,
mulinia,26.733905,Pleistocene,,,,
crepidula,26.7946,Pleistocene,,,,
crepidula,26.7946,Pleistocene,,,,
crepidula,26.7946,Pleistocene,,,,
parvilucina,26.7946,Pleistocene,,,,
chama,27.692967,Pleistocene,,,,
parvilucina,27.692967,Pleistocene,,,,
mulinia,27.692967,Pleistocene,,,,
parvilucina,26.7946,Pleistocene,,,,
chama,26.7946,Pleistocene,,,,
crepidula,27.692967,Pleistocene,,,,
noetia,26.7749,Pleistocene,,,,
noetia,27.692967,Pleistocene,,,,
parvilucina,27.692967,Pleistocene,,,,
parvilucina,26.683145,Pleistocene,,,,
crepidula,26.789011,Pleistocene,,,,
crepidula,26.737028,Pleistocene,,,,
chama,26.737028,Pleistocene,,,,
crepidula,26.737028,Pleistocene,,,,
chama,26.770515,Pleistocene,,,,
mulinia,26.770515,Pleistocene,,,,
crepidula,26.770515,Pleistocene,,,,
mulinia,26.770515,Pleistocene,,,,
mulinia,26.733905,Pleistocene,,,,
parvilucina,26.733905,Pleistocene,,,,
mulinia,27.575165,Pleistocene,,,,
chama,26.750024,Pleistocene,,,,
chama,26.750024,Pleistocene,,,,
chama,26.750024,Pleistocene,,,,
parvilucina,26.750024,Pleistocene,,,,
noetia,26.750024,Pleistocene,,,,
chama,26.750024,Pleistocene,,,,
crepidula,26.750024,Pleistocene,,,,
crepidula,28.398101,Pleistocene,,,,
crepidula,28.398101,Pleistocene,,,,
modiolus,28.398101,Pleistocene,,,,
mulinia,28.398101,Pleistocene,,,,
mulinia,28.398101,Pleistocene,,,,
chama,28.398101,Pleistocene,,,,
mulinia,27.575165,Pleistocene,,,,
noetia,27.575165,Pleistocene,,,,
mulinia,26.733905,Pleistocene,,,,
parvilucina,26.733905,Pleistocene,,,,
mulinia,26.733905,Pleistocene,,,,
mulinia,26.7461,Pleistocene,,,,
noetia,26.7461,Pleistocene,,,,
parvilucina,26.7461,Pleistocene,,,,
crepidula,26.7461,Pleistocene,,,,
crepidula,26.7461,Pleistocene,,,,
parvilucina,29.520573,Pleistocene,,,,
crepidula,29.520573,Pleistocene,,,,
crepidula,29.520573,Pleistocene,,,,
noetia,29.520573,Pleistocene,,,,
mulinia,29.520573,Pleistocene,,,,
parvilucina,29.520573,Pleistocene,,,,
crepidula,29.520573,Pleistocene,,,,
noetia,26.500512,Pleistocene,,,,
crepidula,26.500512,Pleistocene,,,,
mulinia,26.500512,Pleistocene,,,,
parvilucina,26.500512,Pleistocene,,,,
mulinia,26.500512,Pleistocene,,,,
crepidula,26.500512,Pleistocene,,,,
parvilucina,26.500512,Pleistocene,,,,
mulinia,26.500512,Pleistocene,,,,
crepidula,26.500512,Pleistocene,,,,
mulinia,26.500512,Pleistocene,,,,
mulinia,26.500512,Pleistocene,,,,
parvilucina,26.500512,Pleistocene,,,,
mulinia,26.500512,Pleistocene,,,,
crepidula,26.500512,Pleistocene,,,,
crepidula,26.500512,Pleistocene,,,,
mulinia,26.500512,Pleistocene,,,,
crepidula,26.500512,Pleistocene,,,,
parvilucina,26.500512,Pleistocene,,,,
mulinia,26.500512,Pleistocene,,,,
mulinia,26.500512,Pleistocene,,,,
noetia,26.500512,Pleistocene,,,,
noetia,26.500512,Pleistocene,,,,
crepidula,26.500512,Pleistocene,,,,
crepidula,26.500512,Pleistocene,,,,
chama,26.500512,Pleistocene,,,,
chama,26.500512,Pleistocene,,,,
crepidula,26.500512,Pleistocene,,,,
parvilucina,26.500512,Pleistocene,,,,
crepidula,26.500512,Pleistocene,,,,
mulinia,26.500512,Pleistocene,,,,
chama,26.500512,Pleistocene,,,,
noetia,26.500512,Pleistocene,,,,
noetia,26.500512,Pleistocene,,,,
mulinia,26.500512,Pleistocene,,,,
crepidula,26.500512,Pleistocene,,,,
parvilucina,26.500512,Pleistocene,,,,
crepidula,26.500512,Pleistocene,,,,
crepidula,26.500512,Pleistocene,,,,
mulinia,26.500512,Pleistocene,,,,
chama,26.500512,Pleistocene,,,,
chama,26.500512,Pleistocene,,,,
noetia,26.500512,Pleistocene,,,,
noetia,27.830905,Pleistocene,,,,
mulinia,27.830905,Pleistocene,,,,
crepidula,27.830905,Pleistocene,,,,
parvilucina,27.830905,Pleistocene,,,,
spisula,27.830905,Pleistocene,,,,
crepidula,27.830905,Pleistocene,,,,
noetia,27.830905,Pleistocene,,,,
mulinia,27.830905,Pleistocene,,,,
crepidula,27.830905,Pleistocene,,,,
spisula,27.830905,Pleistocene,,,,
noetia,27.830905,Pleistocene,,,,
chesapecten,26.733905,Pleistocene,,,,
crepidula,35.344367,Pleistocene,,,,
crepidula,26.500512,Pleistocene,,,,
crepidula,31.915917,Pleistocene,,,,
crepidula,31.915917,Pleistocene,,,,
mulinia,31.915917,Pleistocene,,,,
crepidula,31.915917,Pleistocene,,,,
noetia,31.915917,Pleistocene,,,,
noetia,31.988,Pleistocene,,,,
mulinia,31.988,Pleistocene,,,,
parvilucina,31.988,Pleistocene,,,,
parvilucina,27.830905,Pleistocene,,,,
mulinia,27.830905,Pleistocene,,,,
chama,27.830905,Pleistocene,,,,
crepidula,27.830905,Pleistocene,,,,
crepidula,27.830905,Pleistocene,,,,
noetia,27.830905,Pleistocene,,,,
parvilucina,27.830905,Pleistocene,,,,
chama,27.830905,Pleistocene,,,,
mulinia,27.830905,Pleistocene,,,,
mulinia,27.830905,Pleistocene,,,,
crepidula,27.830905,Pleistocene,,,,
crepidula,27.830905,Pleistocene,,,,
crepidula,27.830905,Pleistocene,,,,
crepidula,27.830905,Pleistocene,,,,
noetia,27.830905,Pleistocene,,,,
mulinia,29.697247,Pleistocene,,,,
mulinia,29.697247,Pleistocene,,,,
mulinia,29.697247,Pleistocene,,,,
crepidula,26.934215,Pleistocene,,,,
crepidula,26.934215,Pleistocene,,,,
crepidula,26.934215,Pleistocene,,,,
mulinia,26.934215,Pleistocene,,,,
chama,26.934215,Pleistocene,,,,
parvilucina,26.934215,Pleistocene,,,,
crepidula,26.934215,Pleistocene,,,,
parvilucina,26.934215,Pleistocene,,,,
crepidula,26.934215,Pleistocene,,,,
crepidula,26.934215,Pleistocene,,,,
chama,26.934215,Pleistocene,,,,
parvilucina,27.7009,Pleistocene,,,,
mulinia,27.7009,Pleistocene,,,,
parvilucina,27.7009,Pleistocene,,,,
crepidula,27.7009,Pleistocene,,,,
mulinia,27.7009,Pleistocene,,,,
noetia,27.7009,Pleistocene,,,,
crepidula,27.7009,Pleistocene,,,,
crepidula,27.7009,Pleistocene,,,,
crepidula,27.7009,Pleistocene,,,,
crepidula,27.7009,Pleistocene,,,,
mulinia,27.7009,Pleistocene,,,,
chama,27.7009,Pleistocene,,,,
parvilucina,27.7009,Pleistocene,,,,
noetia,27.692967,Pleistocene,,,,
parvilucina,27.692967,Pleistocene,,,,
mulinia,27.692967,Pleistocene,,,,
crepidula,27.692967,Pleistocene,,,,
crepidula,26.934215,Pleistocene,,,,
mulinia,26.934215,Pleistocene,,,,
parvilucina,26.934215,Pleistocene,,,,
crepidula,27.7009,Pleistocene,,,,
chama,26.934215,Pleistocene,,,,
chama,26.934215,Pleistocene,,,,
parvilucina,27.7009,Pleistocene,,,,
crepidula,27.7009,Pleistocene,,,,
chama,27.7009,Pleistocene,,,,
noetia,27.7009,Pleistocene,,,,
parvilucina,26.934215,Pleistocene,,,,
parvilucina,26.934215,Pleistocene,,,,
astarte,26.934215,Pleistocene,,,,
crepidula,27.038599,Pleistocene,,,,
crepidula,27.038599,Pleistocene,,,,
chama,27.038599,Pleistocene,,,,
noetia,27.038599,Pleistocene,,,,
parvilucina,27.038599,Pleistocene,,,,
parvilucina,27.038599,Pleistocene,,,,
noetia,27.038599,Pleistocene,,,,
parvilucina,27.038599,Pleistocene,,,,
crepidula,27.038599,Pleistocene,,,,
mulinia,27.038599,Pleistocene,,,,
parvilucina,27.038599,Pleistocene,,,,
crepidula,27.038599,Pleistocene,,,,
crepidula,27.038599,Pleistocene,,,,
mulinia,27.038599,Pleistocene,,,,
crepidula,27.038599,Pleistocene,,,,
crepidula,27.038599,Pleistocene,,,,
noetia,27.038599,Pleistocene,,,,
mulinia,27.038599,Pleistocene,,,,
crepidula,27.038599,Pleistocene,,,,
parvilucina,27.038599,Pleistocene,,,,
chama,27.038599,Pleistocene,,,,
noetia,27.038599,Pleistocene,,,,
noetia,27.038599,Pleistocene,,,,
crepidula,27.038599,Pleistocene,,,,
parvilucina,27.038599,Pleistocene,,,,
crepidula,27.038599,Pleistocene,,,,
crepidula,27.038599,Pleistocene,,,,
crepidula,27.038599,Pleistocene,,,,
crepidula,27.038599,Pleistocene,,,,
crepidula,27.038599,Pleistocene,,,,
crepidula,27.038599,Pleistocene,,,,
noetia,27.038599,Pleistocene,,,,
mulinia,27.038599,Pleistocene,,,,
crepidula,27.038599,Pleistocene,,,,
noetia,27.038599,Pleistocene,,,,
crepidula,27.038599,Pleistocene,,,,
chama,26.3387,Pleistocene,,,,
chama,26.3387,Pleistocene,,,,
crepidula,26.3387,Pleistocene,,,,
chama,26.3387,Pleistocene,,,,
crepidula,26.3387,Pleistocene,,,,
crepidula,26.3387,Pleistocene,,,,
crepidula,26.3387,Pleistocene,,,,
crepidula,26.3387,Pleistocene,,,,
parvilucina,26.963382,Pleistocene,,,,
crepidula,26.963382,Pleistocene,,,,
crepidula,26.963382,Pleistocene,,,,
crepidula,26.963382,Pleistocene,,,,
chama,26.963382,Pleistocene,,,,
mulinia,26.963382,Pleistocene,,,,
mulinia,26.963382,Pleistocene,,,,
crepidula,26.963382,Pleistocene,,,,
crepidula,26.963382,Pleistocene,,,,
chama,26.963382,Pleistocene,,,,
chama,26.963382,Pleistocene,,,,
chama,26.963382,Pleistocene,,,,
chama,26.963382,Pleistocene,,,,
chama,26.963382,Pleistocene,,,,
noetia,26.963382,Pleistocene,,,,
noetia,26.963382,Pleistocene,,,,
noetia,26.963382,Pleistocene,,,,
chama,26.963382,Pleistocene,,,,
crepidula,26.963382,Pleistocene,,,,
crepidula,26.963382,Pleistocene,,,,
chama,26.963382,Pleistocene,,,,
crepidula,26.963382,Pleistocene,,,,
crepidula,26.963382,Pleistocene,,,,
chama,26.963382,Pleistocene,,,,
chama,27.8346,Pleistocene,,,,
chama,27.8346,Pleistocene,,,,
chama,27.8346,Pleistocene,,,,
astarte,27.8346,Pleistocene,,,,
mulinia,27.8346,Pleistocene,,,,
chama,27.8346,Pleistocene,,,,
chama,27.8346,Pleistocene,,,,
crepidula,27.8346,Pleistocene,,,,
crepidula,27.8346,Pleistocene,,,,
crepidula,27.8346,Pleistocene,,,,
crepidula,27.8346,Pleistocene,,,,
crepidula,27.8346,Pleistocene,,,,
crepidula,27.8346,Pleistocene,,,,
crepidula,27.8346,Pleistocene,,,,
crepidula,29.51988,Pleistocene,,,,
crepidula,29.51988,Pleistocene,,,,
crepidula,29.51988,Pleistocene,,,,
crepidula,29.51988,Pleistocene,,,,
mulinia,29.51988,Pleistocene,,,,
crepidula,29.51988,Pleistocene,,,,
mulinia,29.51988,Pleistocene,,,,
parvilucina,29.51988,Pleistocene,,,,
parvilucina,29.51988,Pleistocene,,,,
parvilucina,29.51988,Pleistocene,,,,
astarte,29.51988,Pleistocene,,,,
mulinia,29.51988,Pleistocene,,,,
mulinia,29.51988,Pleistocene,,,,
mulinia,29.51988,Pleistocene,,,,
parvilucina,29.51988,Pleistocene,,,,
noetia,29.51988,Pleistocene,,,,
noetia,29.51988,Pleistocene,,,,
crepidula,29.51988,Pleistocene,,,,
crepidula,29.51988,Pleistocene,,,,
crepidula,29.51988,Pleistocene,,,,
crepidula,29.51988,Pleistocene,,,,
crepidula,29.51988,Pleistocene,,,,
noetia,29.51988,Pleistocene,,,,
mulinia,29.51988,Pleistocene,,,,
parvilucina,29.51988,Pleistocene,,,,
astarte,29.51988,Pleistocene,,,,
parvilucina,29.51988,Pleistocene,,,,
parvilucina,29.51988,Pleistocene,,,,
mulinia,29.51988,Pleistocene,,,,
mulinia,26.743702,Pleistocene,,,,
parvilucina,26.743702,Pleistocene,,,,
parvilucina,26.743702,Pleistocene,,,,
mulinia,26.743702,Pleistocene,,,,
mulinia,26.743702,Pleistocene,,,,
mulinia,26.743702,Pleistocene,,,,
parvilucina,26.743702,Pleistocene,,,,
parvilucina,26.743702,Pleistocene,,,,
parvilucina,26.743702,Pleistocene,,,,
parvilucina,26.743702,Pleistocene,,,,
parvilucina,26.886,Pleistocene,,,,
crepidula,26.886,Pleistocene,,,,
parvilucina,26.886,Pleistocene,,,,
chama,26.886,Pleistocene,,,,
parvilucina,26.886,Pleistocene,,,,
chama,26.886,Pleistocene,,,,
crepidula,26.740047,Pleistocene,,,,
chama,26.740047,Pleistocene,,,,
mulinia,26.740047,Pleistocene,,,,
crepidula,26.740047,Pleistocene,,,,
crepidula,26.740047,Pleistocene,,,,
crepidula,26.740047,Pleistocene,,,,
chama,26.740047,Pleistocene,,,,
crepidula,26.740047,Pleistocene,,,,
mulinia,26.740047,Pleistocene,,,,
mulinia,26.740047,Pleistocene,,,,
mulinia,26.740047,Pleistocene,,,,
parvilucina,26.740047,Pleistocene,,,,
mulinia,26.740047,Pleistocene,,,,
crepidula,28.757588,Pleistocene,,,,
crepidula,28.757588,Pleistocene,,,,
crepidula,28.757588,Pleistocene,,,,
crepidula,28.757588,Pleistocene,,,,
parvilucina,28.757588,Pleistocene,,,,
mulinia,28.757588,Pleistocene,,,,
mulinia,28.757588,Pleistocene,,,,
crepidula,28.757588,Pleistocene,,,,
crepidula,28.757588,Pleistocene,,,,
noetia,28.757588,Pleistocene,,,,
noetia,28.757588,Pleistocene,,,,
noetia,28.757588,Pleistocene,,,,
parvilucina,28.757588,Pleistocene,,,,
mulinia,28.757588,Pleistocene,,,,
mulinia,28.757588,Pleistocene,,,,
mulinia,28.757588,Pleistocene,,,,
crepidula,26.765403,Pleistocene,,,,
noetia,26.765403,Pleistocene,,,,
crepidula,26.765403,Pleistocene,,,,
crepidula,26.765403,Pleistocene,,,,
crepidula,26.765403,Pleistocene,,,,
mulinia,26.765403,Pleistocene,,,,
parvilucina,26.765403,Pleistocene,,,,
noetia,26.884339,Pleistocene,,,,
mulinia,26.884339,Pleistocene,,,,
crepidula,26.884339,Pleistocene,,,,
crepidula,26.884339,Pleistocene,,,,
parvilucina,26.745484,Pleistocene,,,,
parvilucina,26.745484,Pleistocene,,,,
mulinia,26.745484,Pleistocene,,,,
crepidula,26.745484,Pleistocene,,,,
crepidula,26.749249,Pleistocene,,,,
mulinia,26.749249,Pleistocene,,,,
chama,26.749249,Pleistocene,,,,
crepidula,26.749249,Pleistocene,,,,
chama,26.757358,Pleistocene,,,,
mulinia,26.757358,Pleistocene,,,,
mulinia,26.749249,Pleistocene,,,,
parvilucina,26.749249,Pleistocene,,,,
mulinia,26.749249,Pleistocene,,,,
chama,26.757358,Pleistocene,,,,
chama,26.757358,Pleistocene,,,,
chama,26.757358,Pleistocene,,,,
chama,26.757358,Pleistocene,,,,
chama,26.753565,Pleistocene,,,,
chama,26.753565,Pleistocene,,,,
parvilucina,26.753565,Pleistocene,,,,
chama,26.753565,Pleistocene,,,,
crepidula,26.753565,Pleistocene,,,,
crepidula,26.753565,Pleistocene,,,,
crepidula,26.753565,Pleistocene,,,,
noetia,26.753565,Pleistocene,,,,
chama,26.765403,Pleistocene,,,,
mulinia,26.765403,Pleistocene,,,,
mulinia,26.765403,Pleistocene,,,,
noetia,26.765403,Pleistocene,,,,
mulinia,26.765403,Pleistocene,,,,
chama,26.765403,Pleistocene,,,,
crepidula,26.765403,Pleistocene,,,,
crepidula,26.765403,Pleistocene,,,,
parvilucina,26.887079,Pleistocene,,,,
parvilucina,26.887079,Pleistocene,,,,
chama,26.886716,Pleistocene,,,,
mulinia,26.886716,Pleistocene,,,,
crepidula,26.887079,Pleistocene,,,,
mulinia,26.886716,Pleistocene,,,,
crepidula,26.886716,Pleistocene,,,,
chama,26.886716,Pleistocene,,,,
parvilucina,26.886716,Pleistocene,,,,
mulinia,26.765545,Pleistocene,,,,
chama,26.765545,Pleistocene,,,,
chama,26.765545,Pleistocene,,,,
chama,26.765545,Pleistocene,,,,
parvilucina,26.745083,Pleistocene,,,,
parvilucina,26.765545,Pleistocene,,,,
mulinia,26.745083,Pleistocene,,,,
chama,26.745083,Pleistocene,,,,
parvilucina,26.745083,Pleistocene,,,,
parvilucina,26.745083,Pleistocene,,,,
parvilucina,26.768477,Pleistocene,,,,
parvilucina,26.887079,Pleistocene,,,,
chama,26.744725,Pleistocene,,,,
chama,26.744725,Pleistocene,,,,
crepidula,29.697247,Pleistocene,,,,
crepidula,29.697247,Pleistocene,,,,
crepidula,29.697247,Pleistocene,,,,
parvilucina,29.697247,Pleistocene,,,,
chama,29.697247,Pleistocene,,,,
chama,29.697247,Pleistocene,,,,
chama,29.697247,Pleistocene,,,,
chama,29.697247,Pleistocene,,,,
astarte,29.697247,Pleistocene,,,,
crepidula,29.697247,Pleistocene,,,,
crepidula,29.697247,Pleistocene,,,,
crepidula,29.697247,Pleistocene,,,,
modiolus,29.697247,Pleistocene,,,,
noetia,29.697247,Pleistocene,,,,
chama,29.697247,Pleistocene,,,,
parvilucina,29.697247,Pleistocene,,,,
crepidula,29.697247,Pleistocene,,,,
mulinia,29.697247,Pleistocene,,,,
crepidula,27.5253,Pleistocene,,,,
crepidula,27.5253,Pleistocene,,,,
crepidula,27.5253,Pleistocene,,,,
crepidula,27.201965,Pleistocene,,,,
crepidula,27.201965,Pleistocene,,,,
crepidula,27.201965,Pleistocene,,,,
modiolus,27.201965,Pleistocene,,,,
mulinia,27.5256,Pleistocene,,,,
crepidula,27.201965,Pleistocene,,,,
noetia,29.481431,Pleistocene,,,,
crepidula,29.481431,Pleistocene,,,,
crepidula,29.481431,Pleistocene,,,,
crepidula,29.481431,Pleistocene,,,,
mulinia,29.481431,Pleistocene,,,,
mulinia,29.481431,Pleistocene,,,,
mulinia,29.481431,Pleistocene,,,,
mulinia,29.481431,Pleistocene,,,,
mulinia,29.481431,Pleistocene,,,,
mulinia,29.481431,Pleistocene,,,,
mulinia,29.481431,Pleistocene,,,,
mulinia,29.481431,Pleistocene,,,,
mulinia,29.481431,Pleistocene,,,,
mulinia,29.481431,Pleistocene,,,,
mulinia,29.481431,Pleistocene,,,,
parvilucina,29.481431,Pleistocene,,,,
parvilucina,29.481431,Pleistocene,,,,
parvilucina,29.481431,Pleistocene,,,,
parvilucina,29.481431,Pleistocene,,,,
parvilucina,29.481431,Pleistocene,,,,
parvilucina,29.481431,Pleistocene,,,,
parvilucina,29.481431,Pleistocene,,,,
parvilucina,29.481431,Pleistocene,,,,
parvilucina,29.481431,Pleistocene,,,,
parvilucina,29.481431,Pleistocene,,,,
parvilucina,29.481431,Pleistocene,,,,
parvilucina,29.481431,Pleistocene,,,,
crepidula,29.481431,Pleistocene,,,,
crepidula,29.481431,Pleistocene,,,,
chama,26.788779,Pleistocene,,,,
chama,26.788779,Pleistocene,,,,
chama,26.788779,Pleistocene,,,,
chama,26.788779,Pleistocene,,,,
chama,26.788779,Pleistocene,,,,
chama,26.788779,Pleistocene,,,,
chama,26.788779,Pleistocene,,,,
chama,26.788779,Pleistocene,,,,
crepidula,33.9876,Pleistocene,,,,
crepidula,33.9876,Pleistocene,,,,
noetia,33.9876,Pleistocene,,,,
astarte,33.9876,Pleistocene,,,,
noetia,26.780479,Pleistocene,,,,
crepidula,26.780479,Pleistocene,,,,
mulinia,26.659514,Pleistocene,,,,
chama,26.659514,Pleistocene,,,,
chama,26.659514,Pleistocene,,,,
chama,26.659514,Pleistocene,,,,
parvilucina,26.659514,Pleistocene,,,,
modiolus,26.659514,Pleistocene,,,,
crepidula,26.659514,Pleistocene,,,,
crepidula,26.659514,Pleistocene,,,,
crepidula,26.659514,Pleistocene,,,,
crepidula,26.659514,Pleistocene,,,,
spisula,33.9876,Pleistocene,,,,
parvilucina,29.481431,Pleistocene,,,,
crepidula,29.481431,Pleistocene,,,,
crepidula,27.000793,Pleistocene,,,,
mulinia,34.198641,Pleistocene,,,,
mulinia,34.198641,Pleistocene,,,,
spisula,34.198641,Pleistocene,,,,
astarte,34.198641,Pleistocene,,,,
astarte,34.198641,Pleistocene,,,,
astarte,34.198641,Pleistocene,,,,
astarte,34.198641,Pleistocene,,,,
crepidula,34.198641,Pleistocene,,,,
crepidula,34.198641,Pleistocene,,,,
chama,34.198641,Pleistocene,,,,
chama,34.198641,Pleistocene,,,,
chama,34.198641,Pleistocene,,,,
chama,34.198641,Pleistocene,,,,
modiolus,34.198641,Pleistocene,,,,
spisula,34.198641,Pleistocene,,,,
crepidula,34.352642,Pleistocene,,,,
chama,34.352642,Pleistocene,,,,
astarte,34.352642,Pleistocene,,,,
astarte,34.352642,Pleistocene,,,,
astarte,34.352642,Pleistocene,,,,
astarte,34.352642,Pleistocene,,,,
crepidula,34.352642,Pleistocene,,,,
crepidula,34.352642,Pleistocene,,,,
crepidula,34.352642,Pleistocene,,,,
noetia,26.788779,Pleistocene,,,,
crepidula,35.0426,Pleistocene,,,,
crepidula,35.0426,Pleistocene,,,,
crepidula,35.0426,Pleistocene,,,,
crepidula,35.0426,Pleistocene,,,,
crepidula,35.0426,Pleistocene,,,,
crepidula,35.0426,Pleistocene,,,,
crepidula,35.0426,Pleistocene,,,,
crepidula,35.0426,Pleistocene,,,,
crepidula,35.0426,Pleistocene,,,,
crepidula,35.0426,Pleistocene,,,,
crepidula,35.0426,Pleistocene,,,,
crepidula,35.0426,Pleistocene,,,,
crepidula,35.0426,Pleistocene,,,,
crepidula,35.0426,Pleistocene,,,,
crepidula,35.0426,Pleistocene,,,,
crepidula,35.0426,Pleistocene,,,,
crepidula,35.0426,Pleistocene,,,,
crepidula,35.0426,Pleistocene,,,,
crepidula,35.0426,Pleistocene,,,,
crepidula,35.0426,Pleistocene,,,,
crepidula,35.0426,Pleistocene,,,,
crepidula,35.0426,Pleistocene,,,,
crepidula,35.0426,Pleistocene,,,,
crepidula,35.0426,Pleistocene,,,,
crepidula,35.0426,Pleistocene,,,,
crepidula,35.0426,Pleistocene,,,,
crepidula,35.0426,Pleistocene,,,,
crepidula,35.0426,Pleistocene,,,,
crepidula,35.0426,Pleistocene,,,,
crepidula,35.0426,Pleistocene,,,,
crepidula,35.0426,Pleistocene,,,,
crepidula,35.0426,Pleistocene,,,,
crepidula,35.0426,Pleistocene,,,,
crepidula,35.0426,Pleistocene,,,,
crepidula,35.0426,Pleistocene,,,,
crepidula,35.0426,Pleistocene,,,,
crepidula,35.0426,Pleistocene,,,,
crepidula,35.0426,Pleistocene,,,,
crepidula,35.0426,Pleistocene,,,,
crepidula,35.0426,Pleistocene,,,,
crepidula,35.0426,Pleistocene,,,,
crepidula,35.0426,Pleistocene,,,,
crepidula,35.0426,Pleistocene,,,,
crepidula,35.0426,Pleistocene,,,,
crepidula,35.0426,Pleistocene,,,,
crepidula,35.0426,Pleistocene,,,,
crepidula,35.0426,Pleistocene,,,,
crepidula,35.0426,Pleistocene,,,,
crepidula,35.0426,Pleistocene,,,,
crepidula,35.0426,Pleistocene,,,,
crepidula,35.0426,Pleistocene,,,,
crepidula,35.0426,Pleistocene,,,,
crepidula,35.0426,Pleistocene,,,,
crepidula,35.0426,Pleistocene,,,,
crepidula,35.0426,Pleistocene,,,,
crepidula,35.0426,Pleistocene,,,,
crepidula,35.0426,Pleistocene,,,,
crepidula,35.0426,Pleistocene,,,,
crepidula,35.0426,Pleistocene,,,,
crepidula,35.0426,Pleistocene,,,,
crepidula,35.0426,Pleistocene,,,,
crepidula,35.0426,Pleistocene,,,,
crepidula,35.0426,Pleistocene,,,,
crepidula,35.0426,Pleistocene,,,,
crepidula,35.0426,Pleistocene,,,,
crepidula,35.0426,Pleistocene,,,,
crepidula,35.0426,Pleistocene,,,,
crepidula,35.0426,Pleistocene,,,,
crepidula,35.0426,Pleistocene,,,,
crepidula,35.0426,Pleistocene,,,,
crepidula,35.0426,Pleistocene,,,,
crepidula,35.0426,Pleistocene,,,,
crepidula,35.0426,Pleistocene,,,,
crepidula,35.0426,Pleistocene,,,,
crepidula,35.0426,Pleistocene,,,,
crepidula,35.0426,Pleistocene,,,,
crepidula,35.0426,Pleistocene,,,,
crepidula,35.0426,Pleistocene,,,,
crepidula,35.0426,Pleistocene,,,,
crepidula,35.0426,Pleistocene,,,,
crepidula,35.0426,Pleistocene,,,,
crepidula,35.0426,Pleistocene,,,,
crepidula,35.0426,Pleistocene,,,,
crepidula,35.0426,Pleistocene,,,,
crepidula,35.0426,Pleistocene,,,,
crepidula,35.0426,Pleistocene,,,,
crepidula,35.0426,Pleistocene,,,,
crepidula,35.0426,Pleistocene,,,,
crepidula,35.0426,Pleistocene,,,,
crepidula,35.0426,Pleistocene,,,,
crepidula,35.0426,Pleistocene,,,,
crepidula,35.0426,Pleistocene,,,,
crepidula,35.0426,Pleistocene,,,,
crepidula,35.0426,Pleistocene,,,,
crepidula,35.0426,Pleistocene,,,,
crepidula,35.0426,Pleistocene,,,,
crepidula,35.0426,Pleistocene,,,,
crepidula,35.0426,Pleistocene,,,,
crepidula,35.0426,Pleistocene,,,,
crepidula,35.0426,Pleistocene,,,,
crepidula,35.0426,Pleistocene,,,,
crepidula,35.0426,Pleistocene,,,,
crepidula,35.0426,Pleistocene,,,,
crepidula,35.0426,Pleistocene,,,,
crepidula,35.0426,Pleistocene,,,,
crepidula,35.0426,Pleistocene,,,,
crepidula,35.0426,Pleistocene,,,,
crepidula,35.0426,Pleistocene,,,,
crepidula,35.0426,Pleistocene,,,,
crepidula,35.0426,Pleistocene,,,,
crepidula,35.0426,Pleistocene,,,,
crepidula,35.0426,Pleistocene,,,,
crepidula,35.0426,Pleistocene,,,,
crepidula,35.0426,Pleistocene,,,,
crepidula,35.0426,Pleistocene,,,,
crepidula,35.0426,Pleistocene,,,,
crepidula,35.0426,Pleistocene,,,,
crepidula,35.0426,Pleistocene,,,,
crepidula,35.0426,Pleistocene,,,,
crepidula,35.0426,Pleistocene,,,,
crepidula,35.0426,Pleistocene,,,,
crepidula,35.0426,Pleistocene,,,,
crepidula,35.0426,Pleistocene,,,,
crepidula,35.0426,Pleistocene,,,,
crepidula,35.0426,Pleistocene,,,,
crepidula,35.0426,Pleistocene,,,,
crepidula,35.0426,Pleistocene,,,,
crepidula,35.0426,Pleistocene,,,,
crepidula,35.0426,Pleistocene,,,,
crepidula,35.0426,Pleistocene,,,,
crepidula,35.0426,Pleistocene,,,,
crepidula,35.0426,Pleistocene,,,,
crepidula,35.0426,Pleistocene,,,,
crepidula,35.0426,Pleistocene,,,,
crepidula,35.0426,Pleistocene,,,,
crepidula,35.0426,Pleistocene,,,,
crepidula,35.0426,Pleistocene,,,,
crepidula,35.0426,Pleistocene,,,,
crepidula,35.0426,Pleistocene,,,,
crepidula,35.0426,Pleistocene,,,,
crepidula,35.0426,Pleistocene,,,,
crepidula,35.0426,Pleistocene,,,,
crepidula,35.0426,Pleistocene,,,,
crepidula,35.0426,Pleistocene,,,,
crepidula,35.0426,Pleistocene,,,,
crepidula,35.0426,Pleistocene,,,,
crepidula,35.0426,Pleistocene,,,,
crepidula,35.0426,Pleistocene,,,,
crepidula,35.0426,Pleistocene,,,,
crepidula,35.0426,Pleistocene,,,,
crepidula,35.0426,Pleistocene,,,,
crepidula,35.0426,Pleistocene,,,,
crepidula,35.0426,Pleistocene,,,,
crepidula,35.0426,Pleistocene,,,,
crepidula,35.0426,Pleistocene,,,,
crepidula,35.0426,Pleistocene,,,,
crepidula,35.0426,Pleistocene,,,,
crepidula,35.0426,Pleistocene,,,,
crepidula,35.0426,Pleistocene,,,,
crepidula,35.0426,Pleistocene,,,,
crepidula,35.0426,Pleistocene,,,,
crepidula,35.0426,Pleistocene,,,,
crepidula,35.0426,Pleistocene,,,,
crepidula,35.0426,Pleistocene,,,,
crepidula,35.0426,Pleistocene,,,,
crepidula,35.0426,Pleistocene,,,,
crepidula,35.0426,Pleistocene,,,,
crepidula,35.0426,Pleistocene,,,,
crepidula,35.0426,Pleistocene,,,,
crepidula,35.0426,Pleistocene,,,,
crepidula,35.0426,Pleistocene,,,,
crepidula,35.0426,Pleistocene,,,,
crepidula,35.0426,Pleistocene,,,,
crepidula,35.0426,Pleistocene,,,,
crepidula,35.0426,Pleistocene,,,,
crepidula,35.0426,Pleistocene,,,,
crepidula,35.0426,Pleistocene,,,,
crepidula,35.0426,Pleistocene,,,,
crepidula,35.0426,Pleistocene,,,,
crepidula,35.0426,Pleistocene,,,,
crepidula,35.0426,Pleistocene,,,,
crepidula,35.0426,Pleistocene,,,,
crepidula,35.0426,Pleistocene,,,,
crepidula,35.0426,Pleistocene,,,,
crepidula,35.0426,Pleistocene,,,,
crepidula,35.0426,Pleistocene,,,,
crepidula,35.0426,Pleistocene,,,,
crepidula,35.0426,Pleistocene,,,,
crepidula,35.0426,Pleistocene,,,,
crepidula,35.0426,Pleistocene,,,,
crepidula,35.0426,Pleistocene,,,,
crepidula,35.0426,Pleistocene,,,,
crepidula,35.0426,Pleistocene,,,,
crepidula,35.0426,Pleistocene,,,,
crepidula,35.0426,Pleistocene,,,,
crepidula,35.0426,Pleistocene,,,,
crepidula,35.0426,Pleistocene,,,,
crepidula,35.0426,Pleistocene,,,,
crepidula,35.0426,Pleistocene,,,,
crepidula,35.0426,Pleistocene,,,,
crepidula,35.0426,Pleistocene,,,,
crepidula,35.0426,Pleistocene,,,,
crepidula,35.0426,Pleistocene,,,,
crepidula,35.0426,Pleistocene,,,,
crepidula,35.0426,Pleistocene,,,,
crepidula,35.0426,Pleistocene,,,,
crepidula,35.0426,Pleistocene,,,,
crepidula,35.0426,Pleistocene,,,,
crepidula,35.0426,Pleistocene,,,,
crepidula,35.0426,Pleistocene,,,,
crepidula,35.0426,Pleistocene,,,,
crepidula,35.0426,Pleistocene,,,,
crepidula,35.0426,Pleistocene,,,,
crepidula,35.0426,Pleistocene,,,,
crepidula,35.0426,Pleistocene,,,,
crepidula,35.0426,Pleistocene,,,,
crepidula,35.0426,Pleistocene,,,,
crepidula,35.0426,Pleistocene,,,,
crepidula,35.0426,Pleistocene,,,,
crepidula,35.0426,Pleistocene,,,,
crepidula,35.0426,Pleistocene,,,,
crepidula,35.0426,Pleistocene,,,,
crepidula,35.0426,Pleistocene,,,,
crepidula,35.0426,Pleistocene,,,,
crepidula,35.0426,Pleistocene,,,,
crepidula,35.0426,Pleistocene,,,,
crepidula,35.0426,Pleistocene,,,,
crepidula,35.0426,Pleistocene,,,,
crepidula,35.0426,Pleistocene,,,,
crepidula,35.0426,Pleistocene,,,,
crepidula,35.0426,Pleistocene,,,,
crepidula,35.0426,Pleistocene,,,,
crepidula,35.0426,Pleistocene,,,,
crepidula,35.0426,Pleistocene,,,,
crepidula,35.0426,Pleistocene,,,,
crepidula,35.0426,Pleistocene,,,,
crepidula,35.0426,Pleistocene,,,,
crepidula,35.0426,Pleistocene,,,,
chama,26.852167,Pleistocene,,,,
chama,26.7105,Pleistocene,,,,
chama,26.659514,Pleistocene,,,,
crepidula,27.5253,Pleistocene,,,,
parvilucina,27.5253,Pleistocene,,,,
crepidula,27.5253,Pleistocene,,,,
parvilucina,27.5253,Pleistocene,,,,
parvilucina,27.5253,Pleistocene,,,,
chama,27.5253,Pleistocene,,,,
crepidula,27.5253,Pleistocene,,,,
crepidula,27.5253,Pleistocene,,,,
crepidula,27.5253,Pleistocene,,,,
crepidula,27.5253,Pleistocene,,,,
crepidula,27.5253,Pleistocene,,,,
crepidula,27.5253,Pleistocene,,,,
noetia,27.5253,Pleistocene,,,,
parvilucina,27.5253,Pleistocene,,,,
chama,27.5253,Pleistocene,,,,
parvilucina,27.5253,Pleistocene,,,,
crepidula,27.5253,Pleistocene,,,,
crepidula,27.5253,Pleistocene,,,,
crepidula,27.5253,Pleistocene,,,,
parvilucina,27.5253,Pleistocene,,,,
crepidula,27.5253,Pleistocene,,,,
crepidula,27.5253,Pleistocene,,,,
parvilucina,27.5253,Pleistocene,,,,
crepidula,27.5253,Pleistocene,,,,
crepidula,27.5253,Pleistocene,,,,
crepidula,27.5253,Pleistocene,,,,
crepidula,27.5253,Pleistocene,,,,
crepidula,27.5253,Pleistocene,,,,
crepidula,27.5253,Pleistocene,,,,
crepidula,27.5253,Pleistocene,,,,
chama,27.5253,Pleistocene,,,,
crepidula,27.5253,Pleistocene,,,,
crepidula,27.5253,Pleistocene,,,,
chama,27.5253,Pleistocene,,,,
parvilucina,27.5253,Pleistocene,,,,
chama,27.5253,Pleistocene,,,,
crepidula,27.5253,Pleistocene,,,,
crepidula,27.5253,Pleistocene,,,,
crepidula,27.5253,Pleistocene,,,,
crepidula,27.5253,Pleistocene,,,,
crepidula,27.5253,Pleistocene,,,,
chama,27.5253,Pleistocene,,,,
parvilucina,27.5253,Pleistocene,,,,
chama,27.5253,Pleistocene,,,,
chama,27.5253,Pleistocene,,,,
crepidula,27.5253,Pleistocene,,,,
crepidula,27.5253,Pleistocene,,,,
chama,27.5253,Pleistocene,,,,
crepidula,27.5253,Pleistocene,,,,
chama,27.5253,Pleistocene,,,,
parvilucina,27.5253,Pleistocene,,,,
crepidula,27.5253,Pleistocene,,,,
chama,27.5253,Pleistocene,,,,
crepidula,27.5253,Pleistocene,,,,
crepidula,27.5253,Pleistocene,,,,
parvilucina,27.5253,Pleistocene,,,,
chama,27.5253,Pleistocene,,,,
crepidula,27.5253,Pleistocene,,,,
crepidula,27.5253,Pleistocene,,,,
crepidula,27.5253,Pleistocene,,,,
crepidula,27.5253,Pleistocene,,,,
parvilucina,27.5253,Pleistocene,,,,
crepidula,27.5253,Pleistocene,,,,
crepidula,27.5253,Pleistocene,,,,
crepidula,27.5253,Pleistocene,,,,
chama,27.5253,Pleistocene,,,,
crepidula,27.5253,Pleistocene,,,,
crepidula,27.5242,Pleistocene,,,,
crepidula,27.5242,Pleistocene,,,,
noetia,27.5242,Pleistocene,,,,
mulinia,27.5242,Pleistocene,,,,
crepidula,27.5253,Pleistocene,,,,
crepidula,27.5253,Pleistocene,,,,
parvilucina,27.5253,Pleistocene,,,,
chama,27.5253,Pleistocene,,,,
chama,27.5253,Pleistocene,,,,
crepidula,27.5253,Pleistocene,,,,
chama,27.5253,Pleistocene,,,,
parvilucina,27.5253,Pleistocene,,,,
crepidula,27.5253,Pleistocene,,,,
crepidula,27.5253,Pleistocene,,,,
crepidula,27.5253,Pleistocene,,,,
crepidula,27.5253,Pleistocene,,,,
parvilucina,27.5253,Pleistocene,,,,
chama,27.5253,Pleistocene,,,,
crepidula,27.5253,Pleistocene,,,,
crepidula,27.5253,Pleistocene,,,,
crepidula,27.5253,Pleistocene,,,,
noetia,27.5253,Pleistocene,,,,
chama,27.5253,Pleistocene,,,,
crepidula,27.5253,Pleistocene,,,,
crepidula,27.5253,Pleistocene,,,,
chama,27.5253,Pleistocene,,,,
chama,26.733905,Pleistocene,,,,
crepidula,26.733905,Pleistocene,,,,
parvilucina,26.733905,Pleistocene,,,,
astarte,26.733905,Pleistocene,,,,
crepidula,27.5253,Pleistocene,,,,
crepidula,27.5253,Pleistocene,,,,
crepidula,27.5253,Pleistocene,,,,
crepidula,27.5253,Pleistocene,,,,
crepidula,27.5253,Pleistocene,,,,
crepidula,27.5253,Pleistocene,,,,
crepidula,27.5253,Pleistocene,,,,
crepidula,27.5253,Pleistocene,,,,
crepidula,27.5253,Pleistocene,,,,
crepidula,27.5253,Pleistocene,,,,
crepidula,27.5253,Pleistocene,,,,
astarte,26.733905,Pleistocene,,,,
chama,27.5253,Pleistocene,,,,
crepidula,27.5253,Pleistocene,,,,
parvilucina,27.5253,Pleistocene,,,,
chama,27.5253,Pleistocene,,,,
chama,26.3632,Pleistocene,,,,
spisula,26.787085,Pleistocene,,,,
crepidula,27.570321,Pleistocene,,,,
crepidula,26.500512,Pleistocene,,,,
chama,26.791737,Pleistocene,,,,
chama,26.852167,Pleistocene,,,,
chama,26.852167,Pleistocene,,,,
modiolus,26.657645,Pleistocene,,,,
chama,26.7461,Pleistocene,,,,
spisula,34.198641,Pleistocene,,,,
crepidula,34.198641,Pleistocene,,,,
crepidula,26.81234,Pleistocene,,,,
mulinia,29.22963,Pleistocene,,,,
mulinia,29.22963,Pleistocene,,,,
crepidula,27.2017,Pleistocene,,,,
noetia,26.683702,Pleistocene,,,,
noetia,26.81234,Pleistocene,,,,
noetia,26.81234,Pleistocene,,,,
noetia,27.731716,Pleistocene,,,,
noetia,26.737028,Pleistocene,,,,
noetia,26.737028,Pleistocene,,,,
noetia,26.6837,Pleistocene,,,,
noetia,26.715597,Pleistocene,,,,
noetia,26.715597,Pleistocene,,,,
chama,26.7462,Pleistocene,,,,
chama,26.7462,Pleistocene,,,,
chama,26.780479,Pleistocene,,,,
chama,26.780479,Pleistocene,,,,
chama,26.780479,Pleistocene,,,,
chama,26.7461,Pleistocene,,,,
chama,26.568421,Pleistocene,,,,
chama,26.568421,Pleistocene,,,,
crepidula,26.780479,Pleistocene,,,,
chama,27.010841,Pleistocene,,,,
spisula,27.4472,Pleistocene,,,,
chama,26.737684,Pleistocene,,,,
chama,26.737684,Pleistocene,,,,
chama,26.737684,Pleistocene,,,,
chama,26.737684,Pleistocene,,,,
crepidula,26.737684,Pleistocene,,,,
chama,26.737684,Pleistocene,,,,
chama,26.737684,Pleistocene,,,,
noetia,26.780479,Pleistocene,,,,
crepidula,29.697247,Pleistocene,,,,
crepidula,29.697247,Pleistocene,,,,
chama,29.697247,Pleistocene,,,,
parvilucina,29.697247,Pleistocene,,,,
chama,29.697247,Pleistocene,,,,
parvilucina,29.697247,Pleistocene,,,,
crepidula,26.788458,Pleistocene,,,,
crepidula,26.788458,Pleistocene,,,,
parvilucina,26.684842,Pleistocene,,,,
crepidula,26.684842,Pleistocene,,,,
crepidula,26.765443,Pleistocene,,,,
crepidula,26.765443,Pleistocene,,,,
crepidula,26.767757,Pleistocene,,,,
crepidula,26.765443,Pleistocene,,,,
mulinia,26.7878,Pleistocene,,,,
noetia,26.7878,Pleistocene,,,,
crepidula,26.767757,Pleistocene,,,,
crepidula,26.7878,Pleistocene,,,,
crepidula,26.7878,Pleistocene,,,,
spisula,27.683787,Pleistocene,,,,
crepidula,26.500512,Pleistocene,,,,
crepidula,26.788779,Pleistocene,,,,
noetia,26.788779,Pleistocene,,,,
chama,26.765403,Pleistocene,,,,
chama,26.385355,Pleistocene,,,,
crepidula,26.385355,Pleistocene,,,,
chama,26.385355,Pleistocene,,,,
crepidula,26.657645,Pleistocene,,,,
crepidula,27.731716,Pleistocene,,,,
crepidula,27.731716,Pleistocene,,,,
noetia,27.731716,Pleistocene,,,,
chama,26.472352,Pleistocene,,,,
crepidula,27.4404,Pleistocene,,,,
noetia,27.4404,Pleistocene,,,,
crepidula,27.4404,Pleistocene,,,,
crepidula,27.2017,Pleistocene,,,,
noetia,27.0002,Pleistocene,,,,
crepidula,27.2017,Pleistocene,,,,
chama,27.2017,Pleistocene,,,,
crepidula,27.2017,Pleistocene,,,,
crepidula,27.2017,Pleistocene,,,,
chama,26.7781,Pleistocene,,,,
chama,26.7781,Pleistocene,,,,
chama,26.7781,Pleistocene,,,,
crepidula,26.681925,Pleistocene,,,,
noetia,26.747289,Pleistocene,,,,
chama,26.747289,Pleistocene,,,,
chama,26.747289,Pleistocene,,,,
crepidula,26.747289,Pleistocene,,,,
crepidula,26.747289,Pleistocene,,,,
chama,26.747289,Pleistocene,,,,
chama,26.747289,Pleistocene,,,,
chama,26.747289,Pleistocene,,,,
chama,26.747289,Pleistocene,,,,
chama,26.747289,Pleistocene,,,,
crepidula,26.747289,Pleistocene,,,,
chama,27.010841,Pleistocene,,,,
crepidula,27.010841,Pleistocene,,,,
crepidula,27.010841,Pleistocene,,,,
crepidula,27.010841,Pleistocene,,,,
chama,26.7749,Pleistocene,,,,
chama,26.7749,Pleistocene,,,,
chama,26.7749,Pleistocene,,,,
chama,26.7749,Pleistocene,,,,
chama,26.7749,Pleistocene,,,,
chama,26.737028,Pleistocene,,,,
chama,26.737028,Pleistocene,,,,
chama,26.737028,Pleistocene,,,,
chama,26.737028,Pleistocene,,,,
chama,26.737028,Pleistocene,,,,
chama,26.737028,Pleistocene,,,,
chama,26.737028,Pleistocene,,,,
chama,26.737028,Pleistocene,,,,
chama,26.737028,Pleistocene,,,,
chama,26.737028,Pleistocene,,,,
chama,26.737028,Pleistocene,,,,
chama,27.000793,Pleistocene,,,,
chama,27.000793,Pleistocene,,,,
noetia,27.000793,Pleistocene,,,,
crepidula,26.699744,Pleistocene,,,,
crepidula,26.699744,Pleistocene,,,,
crepidula,26.699744,Pleistocene,,,,
crepidula,26.699744,Pleistocene,,,,
noetia,26.699744,Pleistocene,,,,
noetia,26.699744,Pleistocene,,,,
noetia,26.699744,Pleistocene,,,,
chama,26.699744,Pleistocene,,,,
noetia,26.683702,Pleistocene,,,,
chama,26.683702,Pleistocene,,,,
chama,26.683702,Pleistocene,,,,
crepidula,26.683702,Pleistocene,,,,
crepidula,26.683702,Pleistocene,,,,
crepidula,26.683702,Pleistocene,,,,
crepidula,26.683702,Pleistocene,,,,
cyclocardia,26.683702,Pleistocene,,,,
mulinia,26.591238,Pleistocene,,,,
crepidula,26.591238,Pleistocene,,,,
chama,26.7749,Pleistocene,,,,
chama,26.7749,Pleistocene,,,,
noetia,26.9679,Pleistocene,,,,
noetia,26.9679,Pleistocene,,,,
noetia,26.9679,Pleistocene,,,,
noetia,26.9679,Pleistocene,,,,
noetia,26.9679,Pleistocene,,,,
chama,26.9679,Pleistocene,,,,
chama,26.9679,Pleistocene,,,,
chama,26.9679,Pleistocene,,,,
chama,26.9679,Pleistocene,,,,
chama,26.9679,Pleistocene,,,,
chama,26.9679,Pleistocene,,,,
chama,26.427418,Pleistocene,,,,
crepidula,26.679469,Pleistocene,,,,
chama,26.679469,Pleistocene,,,,
crepidula,26.679469,Pleistocene,,,,
chama,26.679469,Pleistocene,,,,
noetia,26.679469,Pleistocene,,,,
noetia,26.474889,Pleistocene,,,,
crepidula,27.008886,Pleistocene,,,,
mulinia,27.008886,Pleistocene,,,,
chama,27.000793,Pleistocene,,,,
mulinia,27.485,Pleistocene,,,,
noetia,27.485,Pleistocene,,,,
crepidula,26.474889,Pleistocene,,,,
noetia,26.427418,Pleistocene,,,,
chama,26.427418,Pleistocene,,,,
chama,26.427418,Pleistocene,,,,
chama,26.427418,Pleistocene,,,,
mulinia,26.325877,Pleistocene,,,,
chama,26.747742,Pleistocene,,,,
chama,26.747742,Pleistocene,,,,
chama,26.715597,Pleistocene,,,,
chama,26.715597,Pleistocene,,,,
chama,26.715597,Pleistocene,,,,
chama,26.715597,Pleistocene,,,,
chama,26.715597,Pleistocene,,,,
chama,26.715597,Pleistocene,,,,
chama,26.715597,Pleistocene,,,,
chama,26.715597,Pleistocene,,,,
noetia,26.715597,Pleistocene,,,,
modiolus,26.715597,Pleistocene,,,,
chama,26.715597,Pleistocene,,,,
chama,26.715597,Pleistocene,,,,
mulinia,26.715597,Pleistocene,,,,
mulinia,26.715597,Pleistocene,,,,
mulinia,26.715597,Pleistocene,,,,
mulinia,26.715597,Pleistocene,,,,
mulinia,26.715597,Pleistocene,,,,
mulinia,26.715597,Pleistocene,,,,
mulinia,26.715597,Pleistocene,,,,
mulinia,26.715597,Pleistocene,,,,
mulinia,26.653646,Pleistocene,,,,
modiolus,26.653646,Pleistocene,,,,
mulinia,26.653646,Pleistocene,,,,
crepidula,26.715597,Pleistocene,,,,
crepidula,26.715597,Pleistocene,,,,
crepidula,26.715597,Pleistocene,,,,
crepidula,26.715597,Pleistocene,,,,
crepidula,26.715597,Pleistocene,,,,
mulinia,26.715597,Pleistocene,,,,
chama,26.715597,Pleistocene,,,,
chama,26.653646,Pleistocene,,,,
chama,26.653646,Pleistocene,,,,
chama,26.653646,Pleistocene,,,,
chama,26.653646,Pleistocene,,,,
chama,26.653646,Pleistocene,,,,
chama,26.653646,Pleistocene,,,,
chama,26.653646,Pleistocene,,,,
chama,26.653646,Pleistocene,,,,
crepidula,26.653646,Pleistocene,,,,
crepidula,26.653646,Pleistocene,,,,
chama,26.747742,Pleistocene,,,,
crepidula,26.747742,Pleistocene,,,,
crepidula,26.747742,Pleistocene,,,,
noetia,26.81234,Pleistocene,,,,
noetia,26.81234,Pleistocene,,,,
crepidula,26.81234,Pleistocene,,,,
crepidula,26.81234,Pleistocene,,,,
crepidula,26.7462,Pleistocene,,,,
noetia,26.787085,Pleistocene,,,,
chama,26.788779,Pleistocene,,,,
chama,26.788779,Pleistocene,,,,
chama,26.788779,Pleistocene,,,,
chama,26.788779,Pleistocene,,,,
chama,26.788779,Pleistocene,,,,
chama,26.788779,Pleistocene,,,,
chama,26.635024,Pleistocene,,,,
chama,26.635024,Pleistocene,,,,
chama,26.635024,Pleistocene,,,,
crepidula,26.737028,Pleistocene,,,,
crepidula,26.737028,Pleistocene,,,,
crepidula,26.737028,Pleistocene,,,,
chama,26.747742,Pleistocene,,,,
chama,26.81234,Pleistocene,,,,
chama,26.642219,Pleistocene,,,,
chama,26.642219,Pleistocene,,,,
crepidula,26.642219,Pleistocene,,,,
chama,26.500512,Pleistocene,,,,
crepidula,26.635024,Pleistocene,,,,
crepidula,26.635024,Pleistocene,,,,
chama,26.7946,Pleistocene,,,,
chama,26.7946,Pleistocene,,,,
chama,26.7946,Pleistocene,,,,
chama,26.7946,Pleistocene,,,,
chama,26.7946,Pleistocene,,,,
chama,26.7946,Pleistocene,,,,
chama,26.7946,Pleistocene,,,,
chama,26.7946,Pleistocene,,,,
chama,27.000793,Pleistocene,,,,
chama,27.000793,Pleistocene,,,,
crepidula,26.737028,Pleistocene,,,,
mulinia,26.737028,Pleistocene,,,,
chama,26.737028,Pleistocene,,,,
chama,26.737028,Pleistocene,,,,
modiolus,26.7946,Pleistocene,,,,
chama,26.793546,Pleistocene,,,,
chama,26.793546,Pleistocene,,,,
chama,26.793546,Pleistocene,,,,
chama,26.793546,Pleistocene,,,,
crepidula,26.793546,Pleistocene,,,,
chama,26.793546,Pleistocene,,,,
noetia,26.793546,Pleistocene,,,,
crepidula,26.793546,Pleistocene,,,,
noetia,26.793546,Pleistocene,,,,
crepidula,26.7946,Pleistocene,,,,
crepidula,26.7946,Pleistocene,,,,
mulinia,28.055648,Pleistocene,,,,
mulinia,28.055648,Pleistocene,,,,
mulinia,28.055648,Pleistocene,,,,
noetia,26.9708,Pleistocene,,,,
mulinia,26.9708,Pleistocene,,,,
mulinia,26.9708,Pleistocene,,,,
noetia,27.731716,Pleistocene,,,,
mulinia,26.7454,Pleistocene,,,,
mulinia,26.7454,Pleistocene,,,,
crepidula,26.7454,Pleistocene,,,,
crepidula,26.9708,Pleistocene,,,,
crepidula,26.9708,Pleistocene,,,,
noetia,38.00893,Pleistocene,,,,
crepidula,27.321403,Pleistocene,,,,
noetia,27.321403,Pleistocene,,,,
noetia,27.321403,Pleistocene,,,,
crepidula,27.321403,Pleistocene,,,,
crepidula,27.321403,Pleistocene,,,,
crepidula,27.321403,Pleistocene,,,,
crepidula,27.321403,Pleistocene,,,,
mulinia,31.120863,Pleistocene,,,,
chama,31.120863,Pleistocene,,,,
crepidula,31.120863,Pleistocene,,,,
parvilucina,31.120863,Pleistocene,,,,
mulinia,31.120863,Pleistocene,,,,
crepidula,31.120863,Pleistocene,,,,
parvilucina,31.120863,Pleistocene,,,,
mulinia,31.120863,Pleistocene,,,,
mulinia,31.120863,Pleistocene,,,,
mulinia,31.120863,Pleistocene,,,,
parvilucina,31.120863,Pleistocene,,,,
crepidula,31.120863,Pleistocene,,,,
crepidula,31.120863,Pleistocene,,,,
chama,31.120863,Pleistocene,,,,
mulinia,31.120863,Pleistocene,,,,
chama,26.7462,Pleistocene,,,,
chama,26.7462,Pleistocene,,,,
chama,26.7462,Pleistocene,,,,
chama,26.7462,Pleistocene,,,,
chama,26.7462,Pleistocene,,,,
crepidula,31.108353,Pleistocene,,,,
mulinia,31.108353,Pleistocene,,,,
noetia,31.108353,Pleistocene,,,,
crepidula,26.500512,Pleistocene,,,,
crepidula,26.500512,Pleistocene,,,,
chama,26.500512,Pleistocene,,,,
spisula,31.120863,Pleistocene,,,,
mulinia,31.120863,Pleistocene,,,,
mulinia,31.120863,Pleistocene,,,,
mulinia,31.120863,Pleistocene,,,,
mulinia,31.120863,Pleistocene,,,,
mulinia,31.120863,Pleistocene,,,,
mulinia,31.120863,Pleistocene,,,,
mulinia,31.120863,Pleistocene,,,,
mulinia,31.120863,Pleistocene,,,,
mulinia,31.120863,Pleistocene,,,,
crepidula,26.7135,Pleistocene,,,,
noetia,31.120863,Pleistocene,,,,
crepidula,26.7135,Pleistocene,,,,
chama,33.82152,Pleistocene,,,,
chama,33.82152,Pleistocene,,,,
chama,33.82152,Pleistocene,,,,
chama,33.82152,Pleistocene,,,,
chama,33.82152,Pleistocene,,,,
cyclocardia,33.82152,Pleistocene,,,,
astarte,34.198641,Pleistocene,,,,
noetia,26.793546,Pleistocene,,,,
noetia,26.793546,Pleistocene,,,,
noetia,26.793546,Pleistocene,,,,
mulinia,26.793546,Pleistocene,,,,
crepidula,26.7402,Pleistocene,,,,
crepidula,26.7402,Pleistocene,,,,
crepidula,26.793546,Pleistocene,,,,
chama,26.7454,Pleistocene,,,,
chama,26.7454,Pleistocene,,,,
noetia,26.7454,Pleistocene,,,,
noetia,26.7454,Pleistocene,,,,
chama,34.198641,Pleistocene,,,,
astarte,34.198641,Pleistocene,,,,
spisula,34.198641,Pleistocene,,,,
crepidula,34.198641,Pleistocene,,,,
crepidula,34.198641,Pleistocene,,,,
crepidula,29.8759,Pleistocene,,,,
crepidula,29.8759,Pleistocene,,,,
mulinia,26.987334,Pleistocene,,,,
chama,26.384706,Pleistocene,,,,
chama,26.384706,Pleistocene,,,,
chama,26.384706,Pleistocene,,,,
mulinia,33.7141,Pleistocene,,,,
crepidula,33.7141,Pleistocene,,,,
spisula,33.7141,Pleistocene,,,,
noetia,33.7141,Pleistocene,,,,
cyclocardia,34.198641,Pleistocene,,,,
chama,34.198641,Pleistocene,,,,
astarte,34.198641,Pleistocene,,,,
astarte,34.198641,Pleistocene,,,,
noetia,26.500512,Pleistocene,,,,
chama,26.7135,Pleistocene,,,,
chama,26.7135,Pleistocene,,,,
parvilucina,26.7135,Pleistocene,,,,
crepidula,26.7135,Pleistocene,,,,
chama,26.780479,Pleistocene,,,,
chama,26.780479,Pleistocene,,,,
chama,26.780479,Pleistocene,,,,
chama,26.780479,Pleistocene,,,,
noetia,26.659514,Pleistocene,,,,
noetia,26.659514,Pleistocene,,,,
noetia,26.659514,Pleistocene,,,,
noetia,26.384706,Pleistocene,,,,
noetia,26.384706,Pleistocene,,,,
noetia,26.384706,Pleistocene,,,,
noetia,26.384706,Pleistocene,,,,
chama,26.733905,Pleistocene,,,,
chama,26.733905,Pleistocene,,,,
noetia,26.733905,Pleistocene,,,,
parvilucina,29.5849,Pleistocene,,,,
crepidula,29.5849,Pleistocene,,,,
parvilucina,29.5849,Pleistocene,,,,
noetia,29.5849,Pleistocene,,,,
crepidula,29.5849,Pleistocene,,,,
crepidula,29.5849,Pleistocene,,,,
chama,27.1708,Pleistocene,,,,
crepidula,26.714952,Pleistocene,,,,
noetia,26.500512,Pleistocene,,,,
noetia,26.500512,Pleistocene,,,,
crepidula,26.759819,Pleistocene,,,,
chama,26.568421,Pleistocene,,,,
noetia,28.45048,Pleistocene,,,,
mulinia,28.45048,Pleistocene,,,,
mulinia,26.500512,Pleistocene,,,,
crepidula,29.332711,Pleistocene,,,,
crepidula,26.914014,Pleistocene,,,,
noetia,26.914014,Pleistocene,,,,
mulinia,26.914014,Pleistocene,,,,
crepidula,26.914014,Pleistocene,,,,
crepidula,26.472352,Pleistocene,,,,
crepidula,26.472352,Pleistocene,,,,
mulinia,26.472352,Pleistocene,,,,
chama,26.472352,Pleistocene,,,,
chama,26.472352,Pleistocene,,,,
chama,26.472352,Pleistocene,,,,
crepidula,26.568421,Pleistocene,,,,
crepidula,26.568421,Pleistocene,,,,
noetia,29.162987,Pleistocene,,,,
crepidula,29.162987,Pleistocene,,,,
mulinia,29.162987,Pleistocene,,,,
crepidula,29.162987,Pleistocene,,,,
crepidula,26.705166,Pleistocene,,,,
crepidula,26.759819,Pleistocene,,,,
chama,27.038599,Pleistocene,,,,
mulinia,28.068492,Pleistocene,,,,
crepidula,27.0941,Pleistocene,,,,
noetia,27.047708,Pleistocene,,,,
noetia,27.047708,Pleistocene,,,,
crepidula,27.047708,Pleistocene,,,,
noetia,27.047708,Pleistocene,,,,
crepidula,27.047708,Pleistocene,,,,
mulinia,28.068355,Pleistocene,,,,
crepidula,28.068492,Pleistocene,,,,
noetia,29.474776,Pleistocene,,,,
noetia,29.474776,Pleistocene,,,,
mulinia,29.474776,Pleistocene,,,,
mulinia,29.474776,Pleistocene,,,,
crepidula,26.757903,Pleistocene,,,,
chama,26.759819,Pleistocene,,,,
crepidula,26.759819,Pleistocene,,,,
crepidula,26.759819,Pleistocene,,,,
crepidula,29.481989,Pleistocene,,,,
crepidula,29.481989,Pleistocene,,,,
noetia,27.192969,Pleistocene,,,,
crepidula,27.056207,Pleistocene,,,,
chama,26.7135,Pleistocene,,,,
mulinia,26.7135,Pleistocene,,,,
noetia,26.7135,Pleistocene,,,,
chama,26.659514,Pleistocene,,,,
mulinia,26.659514,Pleistocene,,,,
parvilucina,26.659514,Pleistocene,,,,
mulinia,26.659514,Pleistocene,,,,
chama,26.7135,Pleistocene,,,,
chama,26.7135,Pleistocene,,,,
mulinia,26.7135,Pleistocene,,,,
noetia,29.697247,Pleistocene,,,,
mulinia,29.697247,Pleistocene,,,,
crepidula,26.7462,Pleistocene,,,,
mulinia,26.7462,Pleistocene,,,,
crepidula,26.7462,Pleistocene,,,,
crepidula,29.294543,Pleistocene,,,,
parvilucina,29.294543,Pleistocene,,,,
parvilucina,29.294543,Pleistocene,,,,
crepidula,29.294543,Pleistocene,,,,
noetia,29.294543,Pleistocene,,,,
crepidula,29.294543,Pleistocene,,,,
modiolus,26.852167,Pleistocene,,,,
noetia,26.852167,Pleistocene,,,,
noetia,26.852167,Pleistocene,,,,
chama,27.0439,Pleistocene,,,,
chama,29.294543,Pleistocene,,,,
chama,29.294543,Pleistocene,,,,
chama,29.294543,Pleistocene,,,,
chama,26.9679,Pleistocene,,,,
chama,26.9679,Pleistocene,,,,
chama,26.7135,Pleistocene,,,,
crepidula,26.7135,Pleistocene,,,,
crepidula,26.7135,Pleistocene,,,,
crepidula,26.7135,Pleistocene,,,,
crepidula,27.0941,Pleistocene,,,,
chama,27.0941,Pleistocene,,,,
noetia,27.0941,Pleistocene,,,,
crepidula,27.0941,Pleistocene,,,,
chama,27.0941,Pleistocene,,,,
crepidula,27.0941,Pleistocene,,,,
crepidula,27.0941,Pleistocene,,,,
chama,27.0941,Pleistocene,,,,
chama,26.698198,Pleistocene,,,,
mulinia,29.482366,Pleistocene,,,,
noetia,29.482366,Pleistocene,,,,
noetia,27.678391,Pleistocene,,,,
crepidula,27.678391,Pleistocene,,,,
crepidula,27.678391,Pleistocene,,,,
mulinia,27.678391,Pleistocene,,,,
parvilucina,26.7483,Pleistocene,,,,
parvilucina,26.7483,Pleistocene,,,,
mulinia,26.7483,Pleistocene,,,,
crepidula,26.7483,Pleistocene,,,,
crepidula,26.7483,Pleistocene,,,,
crepidula,26.7483,Pleistocene,,,,
crepidula,26.35639,Pleistocene,,,,
crepidula,26.35639,Pleistocene,,,,
chama,26.35639,Pleistocene,,,,
crepidula,26.35639,Pleistocene,,,,
crepidula,26.35639,Pleistocene,,,,
crepidula,26.35639,Pleistocene,,,,
chama,26.35639,Pleistocene,,,,
chama,26.35639,Pleistocene,,,,
parvilucina,26.35639,Pleistocene,,,,
crepidula,26.35639,Pleistocene,,,,
crepidula,26.35639,Pleistocene,,,,
crepidula,26.35639,Pleistocene,,,,
chama,26.35639,Pleistocene,,,,
chama,26.35639,Pleistocene,,,,
parvilucina,26.35639,Pleistocene,,,,
parvilucina,26.35639,Pleistocene,,,,
chama,26.35639,Pleistocene,,,,
crepidula,26.35639,Pleistocene,,,,
crepidula,26.35639,Pleistocene,,,,
crepidula,26.35639,Pleistocene,,,,
parvilucina,26.35639,Pleistocene,,,,
chama,26.35639,Pleistocene,,,,
modiolus,26.35639,Pleistocene,,,,
chama,26.35639,Pleistocene,,,,
parvilucina,26.35639,Pleistocene,,,,
crepidula,26.35639,Pleistocene,,,,
crepidula,26.35639,Pleistocene,,,,
crepidula,26.35639,Pleistocene,,,,
crepidula,26.943163,Pleistocene,,,,
chama,26.708467,Pleistocene,,,,
chama,26.708467,Pleistocene,,,,
chama,26.708467,Pleistocene,,,,
chama,26.396467,Pleistocene,,,,
chama,26.708467,Pleistocene,,,,
chama,26.708467,Pleistocene,,,,
chama,26.396467,Pleistocene,,,,
chama,26.396467,Pleistocene,,,,
chama,26.708467,Pleistocene,,,,
chama,26.780984,Pleistocene,,,,
chama,26.780984,Pleistocene,,,,
noetia,26.780984,Pleistocene,,,,
chama,26.780984,Pleistocene,,,,
chama,26.500512,Pleistocene,,,,
mulinia,27.15746,Pleistocene,,,,
parvilucina,27.15746,Pleistocene,,,,
crepidula,27.15746,Pleistocene,,,,
crepidula,27.15746,Pleistocene,,,,
crepidula,26.852167,Pleistocene,,,,
crepidula,26.852167,Pleistocene,,,,
crepidula,26.852167,Pleistocene,,,,
chama,26.733905,Pleistocene,,,,
noetia,27.05696,Pleistocene,,,,
noetia,27.05696,Pleistocene,,,,
parvilucina,27.05696,Pleistocene,,,,
parvilucina,27.05696,Pleistocene,,,,
parvilucina,27.05696,Pleistocene,,,,
crepidula,27.05696,Pleistocene,,,,
crepidula,27.05696,Pleistocene,,,,
parvilucina,27.05696,Pleistocene,,,,
parvilucina,27.05696,Pleistocene,,,,
parvilucina,27.05696,Pleistocene,,,,
parvilucina,27.05696,Pleistocene,,,,
parvilucina,27.05696,Pleistocene,,,,
parvilucina,27.05696,Pleistocene,,,,
noetia,27.05696,Pleistocene,,,,
crepidula,27.05696,Pleistocene,,,,
crepidula,27.05696,Pleistocene,,,,
noetia,27.05696,Pleistocene,,,,
chama,27.05696,Pleistocene,,,,
parvilucina,27.05696,Pleistocene,,,,
chama,26.358593,Pleistocene,,,,
chama,26.358593,Pleistocene,,,,
noetia,26.35639,Pleistocene,,,,
crepidula,26.35639,Pleistocene,,,,
noetia,26.35639,Pleistocene,,,,
chama,26.35639,Pleistocene,,,,
chama,26.35639,Pleistocene,,,,
crepidula,26.35639,Pleistocene,,,,
crepidula,26.35639,Pleistocene,,,,
crepidula,26.6837,Pleistocene,,,,
chama,26.6837,Pleistocene,,,,
chama,26.6837,Pleistocene,,,,
crepidula,26.568421,Pleistocene,,,,
noetia,26.568421,Pleistocene,,,,
chama,26.568421,Pleistocene,,,,
crepidula,26.9679,Pleistocene,,,,
crepidula,26.9679,Pleistocene,,,,
chama,26.9679,Pleistocene,,,,
chama,26.9679,Pleistocene,,,,
modiolus,26.9679,Pleistocene,,,,
noetia,26.653037,Pleistocene,,,,
crepidula,26.653037,Pleistocene,,,,
mulinia,26.427418,Pleistocene,,,,
crepidula,26.427418,Pleistocene,,,,
noetia,26.653646,Pleistocene,,,,
crepidula,26.788779,Pleistocene,,,,
crepidula,26.788779,Pleistocene,,,,
crepidula,26.7749,Pleistocene,,,,
spisula,33.82152,Pleistocene,,,,
crepidula,33.82152,Pleistocene,,,,
crepidula,33.82152,Pleistocene,,,,
parvilucina,26.35639,Pleistocene,,,,
noetia,33.82152,Pleistocene,,,,
noetia,33.82152,Pleistocene,,,,
noetia,33.82152,Pleistocene,,,,
spisula,33.82152,Pleistocene,,,,
crepidula,33.82152,Pleistocene,,,,
crepidula,33.82152,Pleistocene,,,,
parvilucina,26.35639,Pleistocene,,,,
parvilucina,26.35639,Pleistocene,,,,
parvilucina,26.35639,Pleistocene,,,,
parvilucina,26.35639,Pleistocene,,,,
parvilucina,26.35639,Pleistocene,,,,
parvilucina,26.35639,Pleistocene,,,,
parvilucina,26.35639,Pleistocene,,,,
chama,33.82152,Pleistocene,,,,
mulinia,26.765403,Pleistocene,,,,
crepidula,26.9679,Pleistocene,,,,
crepidula,26.9679,Pleistocene,,,,
crepidula,26.384706,Pleistocene,,,,
crepidula,26.384706,Pleistocene,,,,
crepidula,26.6837,Pleistocene,,,,
parvilucina,26.35639,Pleistocene,,,,
parvilucina,26.35639,Pleistocene,,,,
parvilucina,26.35639,Pleistocene,,,,
chama,26.35639,Pleistocene,,,,
parvilucina,26.35639,Pleistocene,,,,
crepidula,26.35639,Pleistocene,,,,
parvilucina,26.35639,Pleistocene,,,,
crepidula,26.35639,Pleistocene,,,,
crepidula,26.35639,Pleistocene,,,,
crepidula,26.35639,Pleistocene,,,,
parvilucina,26.35639,Pleistocene,,,,
parvilucina,26.35639,Pleistocene,,,,
crepidula,33.886442,Pleistocene,,,,
crepidula,33.886442,Pleistocene,,,,
crepidula,33.886442,Pleistocene,,,,
crepidula,33.886442,Pleistocene,,,,
mulinia,35.0426,Pleistocene,,,,
crepidula,35.0426,Pleistocene,,,,
mulinia,35.0426,Pleistocene,,,,
noetia,35.0426,Pleistocene,,,,
crepidula,35.0426,Pleistocene,,,,
astarte,36.831365,Pleistocene,,,,
astarte,33.886442,Pleistocene,,,,
astarte,33.886442,Pleistocene,,,,
crepidula,36.790118,Pleistocene,,,,
crepidula,35.057,Pleistocene,,,,
mulinia,35.057,Pleistocene,,,,
parvilucina,35.057,Pleistocene,,,,
noetia,35.057,Pleistocene,,,,
crepidula,35.057,Pleistocene,,,,
crepidula,33.9876,Pleistocene,,,,
chama,33.9876,Pleistocene,,,,
cyclocardia,33.9876,Pleistocene,,,,
mulinia,33.9876,Pleistocene,,,,
crepidula,33.9876,Pleistocene,,,,
mulinia,33.9876,Pleistocene,,,,
spisula,33.9876,Pleistocene,,,,
parvilucina,34.982062,Pleistocene,,,,
crepidula,34.982062,Pleistocene,,,,
crepidula,34.982062,Pleistocene,,,,
cyclocardia,34.195865,Pleistocene,,,,
crepidula,34.982062,Pleistocene,,,,
mulinia,34.982062,Pleistocene,,,,
astarte,34.198641,Pleistocene,,,,
astarte,34.198641,Pleistocene,,,,
astarte,34.198641,Pleistocene,,,,
astarte,34.198641,Pleistocene,,,,
astarte,34.198641,Pleistocene,,,,
astarte,34.198641,Pleistocene,,,,
crepidula,34.198641,Pleistocene,,,,
crepidula,34.198641,Pleistocene,,,,
crepidula,34.198641,Pleistocene,,,,
crepidula,34.198641,Pleistocene,,,,
chama,33.886442,Pleistocene,,,,
noetia,36.790118,Pleistocene,,,,
noetia,34.198641,Pleistocene,,,,
crepidula,26.733905,Pleistocene,,,,
crepidula,26.733905,Pleistocene,,,,
modiolus,26.35639,Pleistocene,,,,
modiolus,26.35639,Pleistocene,,,,
noetia,26.609391,Pleistocene,,,,
chama,26.747289,Pleistocene,,,,
noetia,35.0426,Pleistocene,,,,
noetia,35.0426,Pleistocene,,,,
mulinia,35.057,Pleistocene,,,,
mulinia,35.057,Pleistocene,,,,
mulinia,35.057,Pleistocene,,,,
mulinia,35.057,Pleistocene,,,,
mulinia,35.057,Pleistocene,,,,
mulinia,35.057,Pleistocene,,,,
mulinia,35.057,Pleistocene,,,,
mulinia,35.057,Pleistocene,,,,
noetia,34.982062,Pleistocene,,,,
mulinia,34.982062,Pleistocene,,,,
mulinia,34.982062,Pleistocene,,,,
mulinia,34.982062,Pleistocene,,,,
mulinia,34.982062,Pleistocene,,,,
mulinia,34.982062,Pleistocene,,,,
mulinia,34.982062,Pleistocene,,,,
mulinia,34.982062,Pleistocene,,,,
mulinia,34.982062,Pleistocene,,,,
mulinia,34.982062,Pleistocene,,,,
mulinia,34.982062,Pleistocene,,,,
crepidula,35.057,Pleistocene,,,,
mulinia,35.057,Pleistocene,,,,
mulinia,35.057,Pleistocene,,,,
mulinia,35.057,Pleistocene,,,,
mulinia,35.057,Pleistocene,,,,
mulinia,35.057,Pleistocene,,,,
mulinia,35.057,Pleistocene,,,,
mulinia,35.057,Pleistocene,,,,
mulinia,35.057,Pleistocene,,,,
mulinia,35.057,Pleistocene,,,,
mulinia,35.057,Pleistocene,,,,
mulinia,35.057,Pleistocene,,,,
mulinia,35.057,Pleistocene,,,,
mulinia,35.057,Pleistocene,,,,
mulinia,35.057,Pleistocene,,,,
mulinia,35.057,Pleistocene,,,,
chama,26.7462,Pleistocene,,,,
mulinia,26.7462,Pleistocene,,,,
parvilucina,26.7462,Pleistocene,,,,
crepidula,26.7462,Pleistocene,,,,
noetia,32.6953,Pleistocene,,,,
crepidula,32.6953,Pleistocene,,,,
crepidula,28.804374,Pleistocene,,,,
crepidula,28.804374,Pleistocene,,,,
mulinia,28.804374,Pleistocene,,,,
parvilucina,28.804374,Pleistocene,,,,
mulinia,27.648334,Pleistocene,,,,
crepidula,27.648334,Pleistocene,,,,
noetia,27.648334,Pleistocene,,,,
mulinia,27.648334,Pleistocene,,,,
crepidula,27.648334,Pleistocene,,,,
noetia,27.648334,Pleistocene,,,,
mulinia,27.648334,Pleistocene,,,,
crepidula,27.648334,Pleistocene,,,,
mulinia,27.648334,Pleistocene,,,,
modiolus,26.6837,Pleistocene,,,,
mulinia,26.780479,Pleistocene,,,,
modiolus,26.780479,Pleistocene,,,,
crepidula,26.35895,Pleistocene,,,,
crepidula,26.35895,Pleistocene,,,,
chama,26.35895,Pleistocene,,,,
crepidula,26.35895,Pleistocene,,,,
crepidula,26.35895,Pleistocene,,,,
crepidula,26.35895,Pleistocene,,,,
chama,26.35895,Pleistocene,,,,
crepidula,26.35895,Pleistocene,,,,
crepidula,26.35895,Pleistocene,,,,
crepidula,26.7749,Pleistocene,,,,
chama,26.7749,Pleistocene,,,,
crepidula,26.7462,Pleistocene,,,,
crepidula,26.7462,Pleistocene,,,,
astarte,34.561863,Pleistocene,,,,
spisula,34.561863,Pleistocene,,,,
cyclocardia,34.561863,Pleistocene,,,,
noetia,34.561863,Pleistocene,,,,
noetia,29.697247,Pleistocene,,,,
noetia,29.697247,Pleistocene,,,,
noetia,29.697247,Pleistocene,,,,
crepidula,29.697247,Pleistocene,,,,
crepidula,26.500512,Pleistocene,,,,
chama,26.500512,Pleistocene,,,,
chama,26.500512,Pleistocene,,,,
chama,26.500512,Pleistocene,,,,
chama,26.500512,Pleistocene,,,,
chama,26.500512,Pleistocene,,,,
noetia,26.780479,Pleistocene,,,,
chama,26.358593,Pleistocene,,,,
crepidula,26.358593,Pleistocene,,,,
mulinia,34.198641,Pleistocene,,,,
chama,34.198641,Pleistocene,,,,
parvilucina,34.352642,Pleistocene,,,,
astarte,34.352642,Pleistocene,,,,
mulinia,34.352642,Pleistocene,,,,
astarte,34.352642,Pleistocene,,,,
noetia,34.352642,Pleistocene,,,,
noetia,26.357456,Pleistocene,,,,
noetia,26.7946,Pleistocene,,,,
noetia,26.7946,Pleistocene,,,,
noetia,26.7946,Pleistocene,,,,
noetia,26.7946,Pleistocene,,,,
chama,26.609391,Pleistocene,,,,
chama,26.609391,Pleistocene,,,,
chama,33.82152,Pleistocene,,,,
chama,33.82152,Pleistocene,,,,
chama,26.753952,Pleistocene,,,,
chama,26.659514,Pleistocene,,,,
noetia,26.659514,Pleistocene,,,,
chama,26.659514,Pleistocene,,,,
modiolus,26.659514,Pleistocene,,,,
chama,26.659514,Pleistocene,,,,
noetia,26.659514,Pleistocene,,,,
noetia,26.659514,Pleistocene,,,,
crepidula,26.659514,Pleistocene,,,,
crepidula,26.659514,Pleistocene,,,,
crepidula,28.804374,Pleistocene,,,,
mulinia,28.804374,Pleistocene,,,,
mulinia,26.750024,Pleistocene,,,,
crepidula,26.753952,Pleistocene,,,,
chama,27.05696,Pleistocene,,,,
crepidula,27.05696,Pleistocene,,,,
modiolus,25.792615,Pleistocene,,,,
noetia,27.4472,Pleistocene,,,,
crepidula,27.4472,Pleistocene,,,,
chama,26.7946,Pleistocene,,,,
chama,26.7946,Pleistocene,,,,
mulinia,26.7749,Pleistocene,,,,
crepidula,27.05696,Pleistocene,,,,
chama,27.05696,Pleistocene,,,,
noetia,26.500512,Pleistocene,,,,
mulinia,29.697247,Pleistocene,,,,
crepidula,29.697247,Pleistocene,,,,
cyclocardia,33.820618,Pleistocene,,,,
chama,26.8145,Pleistocene,,,,
crepidula,26.737684,Pleistocene,,,,
chama,26.737684,Pleistocene,,,,
crepidula,26.737684,Pleistocene,,,,
crepidula,26.737684,Pleistocene,,,,
parvilucina,26.737684,Pleistocene,,,,
chama,33.820618,Pleistocene,,,,
chama,33.820618,Pleistocene,,,,
spisula,33.886442,Pleistocene,,,,
spisula,33.886442,Pleistocene,,,,
chama,33.820618,Pleistocene,,,,
chama,33.820618,Pleistocene,,,,
cyclocardia,33.886442,Pleistocene,,,,
cyclocardia,33.820618,Pleistocene,,,,
parvilucina,33.886442,Pleistocene,,,,
cyclocardia,33.886442,Pleistocene,,,,
cyclocardia,33.886442,Pleistocene,,,,
chama,27.201965,Pleistocene,,,,
chama,27.201965,Pleistocene,,,,
parvilucina,27.201965,Pleistocene,,,,
chama,27.201965,Pleistocene,,,,
chama,27.201965,Pleistocene,,,,
crepidula,27.201965,Pleistocene,,,,
chama,26.765957,Pleistocene,,,,
chama,33.820618,Pleistocene,,,,
noetia,33.820618,Pleistocene,,,,
cyclocardia,33.820618,Pleistocene,,,,
parvilucina,26.788351,Pleistocene,,,,
chama,26.788351,Pleistocene,,,,
chama,33.820618,Pleistocene,,,,
parvilucina,26.765957,Pleistocene,,,,
chama,34.198641,Pleistocene,,,,
astarte,34.198641,Pleistocene,,,,
chama,33.820618,Pleistocene,,,,
chama,33.820618,Pleistocene,,,,
chama,33.820618,Pleistocene,,,,
astarte,33.820618,Pleistocene,,,,
mulinia,33.820618,Pleistocene,,,,
cyclocardia,33.820618,Pleistocene,,,,
chama,33.820618,Pleistocene,,,,
chama,33.820618,Pleistocene,,,,
crepidula,33.761946,Pleistocene,,,,
crepidula,33.761946,Pleistocene,,,,
parvilucina,33.761946,Pleistocene,,,,
mulinia,33.761946,Pleistocene,,,,
crepidula,33.761946,Pleistocene,,,,
spisula,33.761946,Pleistocene,,,,
chama,33.820618,Pleistocene,,,,
chama,33.820618,Pleistocene,,,,
chama,33.820618,Pleistocene,,,,
cyclocardia,33.820618,Pleistocene,,,,
chama,34.198641,Pleistocene,,,,
spisula,33.761946,Pleistocene,,,,
astarte,34.198641,Pleistocene,,,,
astarte,34.198641,Pleistocene,,,,
astarte,34.198641,Pleistocene,,,,
astarte,34.198641,Pleistocene,,,,
astarte,34.198641,Pleistocene,,,,
chama,33.820618,Pleistocene,,,,
noetia,33.886442,Pleistocene,,,,
spisula,33.886442,Pleistocene,,,,
astarte,33.886442,Pleistocene,,,,
chama,26.745145,Pleistocene,,,,
chama,26.745145,Pleistocene,,,,
chama,26.745145,Pleistocene,,,,
cyclocardia,33.820618,Pleistocene,,,,
astarte,34.198641,Pleistocene,,,,
astarte,34.198641,Pleistocene,,,,
chama,34.198641,Pleistocene,,,,
crepidula,33.886442,Pleistocene,,,,
mulinia,33.886442,Pleistocene,,,,
chama,26.745145,Pleistocene,,,,
spisula,33.886442,Pleistocene,,,,
spisula,34.198641,Pleistocene,,,,
crepidula,33.820618,Pleistocene,,,,
spisula,33.886442,Pleistocene,,,,
mulinia,34.116314,Pleistocene,,,,
noetia,34.116314,Pleistocene,,,,
chama,33.820618,Pleistocene,,,,
chama,33.820618,Pleistocene,,,,
chama,33.820618,Pleistocene,,,,
chama,33.820618,Pleistocene,,,,
chama,33.820618,Pleistocene,,,,
chama,33.820618,Pleistocene,,,,
chama,33.820618,Pleistocene,,,,
chama,33.820618,Pleistocene,,,,
chama,33.820618,Pleistocene,,,,
chama,33.820618,Pleistocene,,,,
chama,33.820618,Pleistocene,,,,
chama,33.820618,Pleistocene,,,,
chama,33.820618,Pleistocene,,,,
chama,33.820618,Pleistocene,,,,
chama,33.820618,Pleistocene,,,,
chama,33.820618,Pleistocene,,,,
chama,33.820618,Pleistocene,,,,
chama,33.820618,Pleistocene,,,,
chama,33.820618,Pleistocene,,,,
chama,33.820618,Pleistocene,,,,
chama,33.820618,Pleistocene,,,,
chama,33.820618,Pleistocene,,,,
chama,33.820618,Pleistocene,,,,
chama,33.820618,Pleistocene,,,,
chama,33.820618,Pleistocene,,,,
chama,33.820618,Pleistocene,,,,
chama,33.820618,Pleistocene,,,,
chama,33.820618,Pleistocene,,,,
chama,33.820618,Pleistocene,,,,
chama,33.820618,Pleistocene,,,,
chama,33.820618,Pleistocene,,,,
chama,33.820618,Pleistocene,,,,
chama,33.820618,Pleistocene,,,,
chama,33.820618,Pleistocene,,,,
mulinia,33.820618,Pleistocene,,,,
spisula,34.116314,Pleistocene,,,,
spisula,34.116314,Pleistocene,,,,
crepidula,33.899438,Pleistocene,,,,
chama,33.899438,Pleistocene,,,,
astarte,34.445885,Pleistocene,,,,
astarte,34.445885,Pleistocene,,,,
spisula,33.82624,Pleistocene,,,,
crepidula,33.886442,Pleistocene,,,,
cyclocardia,33.886442,Pleistocene,,,,
crepidula,33.886442,Pleistocene,,,,
cyclocardia,33.82595,Pleistocene,,,,
crepidula,33.82595,Pleistocene,,,,
chama,33.82595,Pleistocene,,,,
crepidula,33.886442,Pleistocene,,,,
crepidula,33.820618,Pleistocene,,,,
crepidula,34.325451,Pleistocene,,,,
crepidula,34.445885,Pleistocene,,,,
crepidula,34.059008,Pleistocene,,,,
crepidula,34.116314,Pleistocene,,,,
crepidula,33.886442,Pleistocene,,,,
crepidula,34.445885,Pleistocene,,,,
crepidula,33.886442,Pleistocene,,,,
cyclocardia,33.886442,Pleistocene,,,,
chama,26.745145,Pleistocene,,,,
astarte,33.886442,Pleistocene,,,,
mulinia,33.886442,Pleistocene,,,,
cyclocardia,33.886442,Pleistocene,,,,
cyclocardia,33.886442,Pleistocene,,,,
crepidula,33.886442,Pleistocene,,,,
cyclocardia,34.325451,Pleistocene,,,,
cyclocardia,34.116314,Pleistocene,,,,
crepidula,34.116314,Pleistocene,,,,
crepidula,34.116314,Pleistocene,,,,
crepidula,26.768477,Pleistocene,,,,
cyclocardia,34.198641,Pleistocene,,,,
crepidula,34.198641,Pleistocene,,,,
cyclocardia,33.82595,Pleistocene,,,,
noetia,34.00656,Pleistocene,,,,
chama,26.733905,Pleistocene,,,,
parvilucina,26.963722,Pleistocene,,,,
noetia,26.789011,Pleistocene,,,,
crepidula,26.967466,Pleistocene,,,,
crepidula,34.445885,Pleistocene,,,,
chama,33.886442,Pleistocene,,,,
cyclocardia,34.116314,Pleistocene,,,,
crepidula,34.116314,Pleistocene,,,,
crepidula,26.808512,Pleistocene,,,,
crepidula,33.820618,Pleistocene,,,,
noetia,26.963722,Pleistocene,,,,
parvilucina,26.964128,Pleistocene,,,,
cyclocardia,33.783408,Pleistocene,,,,
chama,33.821127,Pleistocene,,,,
cyclocardia,33.821127,Pleistocene,,,,
noetia,26.967466,Pleistocene,,,,
spisula,33.825827,Pleistocene,,,,
chama,33.864416,Pleistocene,,,,
spisula,33.781677,Pleistocene,,,,
crepidula,26.788351,Pleistocene,,,,
crepidula,26.788351,Pleistocene,,,,
crepidula,27.078259,Pleistocene,,,,
chama,26.745145,Pleistocene,,,,
crepidula,26.963382,Pleistocene,,,,
crepidula,26.963382,Pleistocene,,,,
crepidula,26.808512,Pleistocene,,,,
chama,26.788947,Pleistocene,,,,
chama,26.751356,Pleistocene,,,,
crepidula,26.963382,Pleistocene,,,,
crepidula,26.963382,Pleistocene,,,,
spisula,33.761151,Pleistocene,,,,
crepidula,33.761429,Pleistocene,,,,
noetia,33.761429,Pleistocene,,,,
chama,33.761429,Pleistocene,,,,
crepidula,33.761429,Pleistocene,,,,
noetia,33.657776,Pleistocene,,,,
noetia,33.793196,Pleistocene,,,,
astarte,33.822296,Pleistocene,,,,
crepidula,34.198641,Pleistocene,,,,
mulinia,27.8346,Pleistocene,,,,
mulinia,26.948883,Pleistocene,,,,
mulinia,26.751356,Pleistocene,,,,
mulinia,26.745083,Pleistocene,,,,
crepidula,34.198641,Pleistocene,,,,
crepidula,34.198641,Pleistocene,,,,
crepidula,34.198641,Pleistocene,,,,
crepidula,33.820618,Pleistocene,,,,
mulinia,26.963722,Pleistocene,,,,
mulinia,26.964128,Pleistocene,,,,
mulinia,26.948883,Pleistocene,,,,
mulinia,33.886442,Pleistocene,,,,
crepidula,32.822576,Pleistocene,,,,
mulinia,34.116314,Pleistocene,,,,
crepidula,33.761946,Pleistocene,,,,
crepidula,33.761946,Pleistocene,,,,
mulinia,34.445885,Pleistocene,,,,
mulinia,34.116314,Pleistocene,,,,
mulinia,34.116314,Pleistocene,,,,
mulinia,33.82595,Pleistocene,,,,
spisula,33.770462,Pleistocene,,,,
mulinia,35.074704,Pleistocene,,,,
crepidula,33.820618,Pleistocene,,,,
crepidula,33.820618,Pleistocene,,,,
crepidula,33.820618,Pleistocene,,,,
spisula,33.820618,Pleistocene,,,,
crepidula,33.820618,Pleistocene,,,,
mulinia,33.886442,Pleistocene,,,,
cyclocardia,33.821127,Pleistocene,,,,
chama,33.821127,Pleistocene,,,,
astarte,34.198641,Pleistocene,,,,
chama,34.116314,Pleistocene,,,,
mulinia,33.820618,Pleistocene,,,,
mulinia,33.820618,Pleistocene,,,,
crepidula,34.116314,Pleistocene,,,,
crepidula,33.820618,Pleistocene,,,,
crepidula,33.820618,Pleistocene,,,,
crepidula,33.886442,Pleistocene,,,,
parvilucina,33.899438,Pleistocene,,,,
parvilucina,33.82595,Pleistocene,,,,
astarte,33.770462,Pleistocene,,,,
parvilucina,33.794678,Pleistocene,,,,
parvilucina,34.198641,Pleistocene,,,,
crepidula,33.886442,Pleistocene,,,,
mulinia,33.886442,Pleistocene,,,,
crepidula,33.886442,Pleistocene,,,,
crepidula,26.967466,Pleistocene,,,,
crepidula,33.820618,Pleistocene,,,,
crepidula,35.063718,Pleistocene,,,,
mulinia,26.743702,Pleistocene,,,,
crepidula,33.761946,Pleistocene,,,,
crepidula,27.078259,Pleistocene,,,,
crepidula,34.404873,Pleistocene,,,,
astarte,33.886442,Pleistocene,,,,
astarte,34.445885,Pleistocene,,,,
astarte,34.325451,Pleistocene,,,,
astarte,33.886442,Pleistocene,,,,
astarte,33.886442,Pleistocene,,,,
astarte,33.886442,Pleistocene,,,,
astarte,33.770462,Pleistocene,,,,
astarte,33.82595,Pleistocene,,,,
astarte,33.82595,Pleistocene,,,,
astarte,33.899438,Pleistocene,,,,
spisula,33.761151,Pleistocene,,,,
mulinia,34.116314,Pleistocene,,,,
spisula,34.116314,Pleistocene,,,,
astarte,33.820618,Pleistocene,,,,
crepidula,33.82595,Pleistocene,,,,
crepidula,33.799145,Pleistocene,,,,
crepidula,33.793196,Pleistocene,,,,
crepidula,33.821127,Pleistocene,,,,
mulinia,33.821127,Pleistocene,,,,
mulinia,33.799145,Pleistocene,,,,
mulinia,33.930761,Pleistocene,,,,
noetia,33.930761,Pleistocene,,,,
chama,34.198641,Pleistocene,,,,
mulinia,35.072947,Pleistocene,,,,
crepidula,33.855065,Pleistocene,,,,
crepidula,33.886442,Pleistocene,,,,
crepidula,33.886442,Pleistocene,,,,
spisula,33.886442,Pleistocene,,,,
crepidula,34.116314,Pleistocene,,,,
crepidula,34.116314,Pleistocene,,,,
astarte,33.822296,Pleistocene,,,,
crepidula,34.445885,Pleistocene,,,,
spisula,34.059008,Pleistocene,,,,
mulinia,33.761946,Pleistocene,,,,
mulinia,26.757358,Pleistocene,,,,
noetia,26.789023,Pleistocene,,,,
chama,26.788955,Pleistocene,,,,
noetia,26.788955,Pleistocene,,,,
noetia,26.789023,Pleistocene,,,,
chama,33.930761,Pleistocene,,,,
spisula,33.930761,Pleistocene,,,,
cyclocardia,33.930761,Pleistocene,,,,
chama,33.930761,Pleistocene,,,,
cyclocardia,33.930761,Pleistocene,,,,
mulinia,33.930761,Pleistocene,,,,
crepidula,33.930761,Pleistocene,,,,
chama,33.930761,Pleistocene,,,,
astarte,33.930761,Pleistocene,,,,
crepidula,33.930761,Pleistocene,,,,
spisula,33.930761,Pleistocene,,,,
crepidula,33.930761,Pleistocene,,,,
noetia,33.930761,Pleistocene,,,,
crepidula,33.930761,Pleistocene,,,,
astarte,26.963382,Pleistocene,,,,
crepidula,29.024357,Pleistocene,,,,
noetia,29.021734,Pleistocene,,,,
noetia,29.021734,Pleistocene,,,,
crepidula,29.021734,Pleistocene,,,,
crepidula,29.021734,Pleistocene,,,,
parvilucina,29.021734,Pleistocene,,,,
chama,29.021734,Pleistocene,,,,
chama,25.817807,Pleistocene,,,,
mulinia,34.059008,Pleistocene,,,,
parvilucina,26.963722,Pleistocene,,,,
chama,26.963722,Pleistocene,,,,
mulinia,33.930761,Pleistocene,,,,
chama,26.767037,Pleistocene,,,,
mulinia,26.767037,Pleistocene,,,,
chama,26.767037,Pleistocene,,,,
mulinia,26.767037,Pleistocene,,,,
parvilucina,33.793196,Pleistocene,,,,
chama,26.766297,Pleistocene,,,,
chama,26.766297,Pleistocene,,,,
crepidula,33.886442,Pleistocene,,,,
crepidula,33.886442,Pleistocene,,,,
mulinia,26.733905,Pleistocene,,,,
mulinia,29.021734,Pleistocene,,,,
mulinia,29.021734,Pleistocene,,,,
noetia,29.021734,Pleistocene,,,,
crepidula,29.021734,Pleistocene,,,,
mulinia,29.024357,Pleistocene,,,,
noetia,29.024357,Pleistocene,,,,
mulinia,29.024357,Pleistocene,,,,
crepidula,26.781694,Pleistocene,,,,
chama,26.751356,Pleistocene,,,,
crepidula,26.963522,Pleistocene,,,,
crepidula,33.886442,Pleistocene,,,,
crepidula,35.063718,Pleistocene,,,,
crepidula,35.063718,Pleistocene,,,,
crepidula,26.765545,Pleistocene,,,,
crepidula,33.761151,Pleistocene,,,,
crepidula,34.116314,Pleistocene,,,,
spisula,33.793196,Pleistocene,,,,
crepidula,33.986498,Pleistocene,,,,
cyclocardia,26.803827,Pleistocene,,,,
chama,26.803827,Pleistocene,,,,
modiolus,33.820618,Pleistocene,,,,
mulinia,26.715597,Pleistocene,,,,
crepidula,33.886442,Pleistocene,,,,
cyclocardia,34.351818,Pleistocene,,,,
noetia,33.864416,Pleistocene,,,,
noetia,33.825827,Pleistocene,,,,
noetia,34.198641,Pleistocene,,,,
noetia,33.886442,Pleistocene,,,,
noetia,33.855065,Pleistocene,,,,
noetia,35.072947,Pleistocene,,,,
noetia,33.82595,Pleistocene,,,,
noetia,33.820618,Pleistocene,,,,
noetia,33.825827,Pleistocene,,,,
spisula,27.891775,Pleistocene,,,,
spisula,32.822576,Pleistocene,,,,
mulinia,33.766825,Pleistocene,,,,
chama,33.864416,Pleistocene,,,,
noetia,33.761429,Pleistocene,,,,
noetia,33.761429,Pleistocene,,,,
noetia,33.761429,Pleistocene,,,,
noetia,33.761429,Pleistocene,,,,
noetia,33.886442,Pleistocene,,,,
noetia,33.886442,Pleistocene,,,,
noetia,33.886442,Pleistocene,,,,
noetia,34.116314,Pleistocene,,,,
noetia,34.116314,Pleistocene,,,,
noetia,34.116314,Pleistocene,,,,
noetia,33.886442,Pleistocene,,,,
noetia,33.886442,Pleistocene,,,,
noetia,33.886442,Pleistocene,,,,
noetia,33.886442,Pleistocene,,,,
chama,26.803827,Pleistocene,,,,
chama,33.886442,Pleistocene,,,,
chama,26.765593,Pleistocene,,,,
mulinia,33.886442,Pleistocene,,,,
astarte,33.886442,Pleistocene,,,,
crepidula,33.886442,Pleistocene,,,,
cyclocardia,33.886442,Pleistocene,,,,
cyclocardia,33.886442,Pleistocene,,,,
crepidula,33.820618,Pleistocene,,,,
crepidula,33.820618,Pleistocene,,,,
crepidula,33.820618,Pleistocene,,,,
crepidula,33.820618,Pleistocene,,,,
crepidula,33.820618,Pleistocene,,,,
crepidula,33.820618,Pleistocene,,,,
crepidula,33.820618,Pleistocene,,,,
crepidula,33.820618,Pleistocene,,,,
crepidula,33.820618,Pleistocene,,,,
crepidula,33.820618,Pleistocene,,,,
crepidula,33.820618,Pleistocene,,,,
crepidula,33.820618,Pleistocene,,,,
crepidula,33.820618,Pleistocene,,,,
crepidula,33.820618,Pleistocene,,,,
chama,35.063718,Pleistocene,,,,
chama,33.825827,Pleistocene,,,,
chama,26.733905,Pleistocene,,,,
chama,26.965954,Pleistocene,,,,
chama,26.965954,Pleistocene,,,,
chama,26.964128,Pleistocene,,,,
chama,26.965954,Pleistocene,,,,
noetia,34.116314,Pleistocene,,,,
noetia,34.445885,Pleistocene,,,,
chama,34.445885,Pleistocene,,,,
crepidula,26.884339,Pleistocene,,,,
noetia,35.063718,Pleistocene,,,,
chama,33.761429,Pleistocene,,,,
cyclocardia,33.899438,Pleistocene,,,,
cyclocardia,33.899438,Pleistocene,,,,
chama,33.82595,Pleistocene,,,,
chama,33.82595,Pleistocene,,,,
chama,33.886442,Pleistocene,,,,
chama,33.886442,Pleistocene,,,,
chama,33.886442,Pleistocene,,,,
chama,33.886442,Pleistocene,,,,
chama,33.886442,Pleistocene,,,,
chama,33.886442,Pleistocene,,,,
crepidula,33.761429,Pleistocene,,,,
chama,34.325451,Pleistocene,,,,
chama,26.765957,Pleistocene,,,,
chama,26.788351,Pleistocene,,,,
chama,26.788351,Pleistocene,,,,
chama,26.803827,Pleistocene,,,,
chama,26.964128,Pleistocene,,,,
chama,33.821127,Pleistocene,,,,
chama,33.770462,Pleistocene,,,,
chama,33.770462,Pleistocene,,,,
chama,26.733905,Pleistocene,,,,
chama,34.198641,Pleistocene,,,,
chama,33.886442,Pleistocene,,,,
noetia,33.822296,Pleistocene,,,,
chama,26.733905,Pleistocene,,,,
chama,26.745145,Pleistocene,,,,
noetia,33.82624,Pleistocene,,,,
noetia,33.820618,Pleistocene,,,,
noetia,35.063718,Pleistocene,,,,
crepidula,33.864416,Pleistocene,,,,
crepidula,33.886442,Pleistocene,,,,
crepidula,33.886442,Pleistocene,,,,
crepidula,33.886442,Pleistocene,,,,
crepidula,33.886442,Pleistocene,,,,
crepidula,33.886442,Pleistocene,,,,
spisula,33.886442,Pleistocene,,,,
chama,33.886442,Pleistocene,,,,
parvilucina,26.765545,Pleistocene,,,,
parvilucina,26.964128,Pleistocene,,,,
spisula,33.761151,Pleistocene,,,,
spisula,34.116314,Pleistocene,,,,
parvilucina,33.821127,Pleistocene,,,,
chama,26.7461,Pleistocene,,,,
chama,26.7461,Pleistocene,,,,
cyclocardia,33.82595,Pleistocene,,,,
crepidula,33.761946,Pleistocene,,,,
cyclocardia,33.820618,Pleistocene,,,,
crepidula,33.820618,Pleistocene,,,,
noetia,33.820618,Pleistocene,,,,
crepidula,26.967706,Pleistocene,,,,
crepidula,26.967706,Pleistocene,,,,
crepidula,33.930761,Pleistocene,,,,
astarte,33.930761,Pleistocene,,,,
chama,33.930761,Pleistocene,,,,
mulinia,33.930761,Pleistocene,,,,
crepidula,33.930761,Pleistocene,,,,
astarte,33.930761,Pleistocene,,,,
parvilucina,33.820618,Pleistocene,,,,
noetia,28.375618,Pleistocene,,,,
mulinia,28.375618,Pleistocene,,,,
chama,26.788947,Pleistocene,,,,
modiolus,26.967466,Pleistocene,,,,
crepidula,27.0934,Pleistocene,,,,
parvilucina,27.0934,Pleistocene,,,,
noetia,27.0934,Pleistocene,,,,
noetia,27.0934,Pleistocene,,,,
crepidula,27.0934,Pleistocene,,,,
crepidula,26.834068,Pleistocene,,,,
noetia,33.761946,Pleistocene,,,,
noetia,34.198641,Pleistocene,,,,
noetia,27.891775,Pleistocene,,,,
noetia,28.375618,Pleistocene,,,,
noetia,33.761429,Pleistocene,,,,
noetia,33.766825,Pleistocene,,,,
noetia,34.059008,Pleistocene,,,,
noetia,34.059008,Pleistocene,,,,
noetia,33.886442,Pleistocene,,,,
noetia,33.886442,Pleistocene,,,,
noetia,26.972303,Pleistocene,,,,
noetia,33.820618,Pleistocene,,,,
noetia,33.886442,Pleistocene,,,,
noetia,26.967466,Pleistocene,,,,
noetia,28.375618,Pleistocene,,,,
noetia,27.952987,Pleistocene,,,,
noetia,35.063718,Pleistocene,,,,
noetia,33.886442,Pleistocene,,,,
noetia,26.963722,Pleistocene,,,,
noetia,26.967706,Pleistocene,,,,
noetia,33.761429,Pleistocene,,,,
noetia,26.886716,Pleistocene,,,,
noetia,33.886442,Pleistocene,,,,
noetia,33.886442,Pleistocene,,,,
noetia,33.886442,Pleistocene,,,,
noetia,34.561863,Pleistocene,,,,
noetia,26.788351,Pleistocene,,,,
noetia,26.749249,Pleistocene,,,,
noetia,26.789011,Pleistocene,,,,
noetia,26.963382,Pleistocene,,,,
noetia,26.789011,Pleistocene,,,,
chama,34.392965,Pleistocene,,,,
noetia,33.793196,Pleistocene,,,,
noetia,33.793196,Pleistocene,,,,
noetia,33.82595,Pleistocene,,,,
parvilucina,34.198641,Pleistocene,,,,
parvilucina,35.074704,Pleistocene,,,,
parvilucina,26.972303,Pleistocene,,,,
noetia,34.116314,Pleistocene,,,,
noetia,27.952987,Pleistocene,,,,
noetia,34.198641,Pleistocene,,,,
noetia,35.063718,Pleistocene,,,,
noetia,33.82624,Pleistocene,,,,
noetia,26.788955,Pleistocene,,,,
noetia,33.82595,Pleistocene,,,,
noetia,27.148921,Pleistocene,,,,
noetia,34.198641,Pleistocene,,,,
crepidula,26.984872,Pleistocene,,,,
chama,26.984872,Pleistocene,,,,
crepidula,26.976678,Pleistocene,,,,
noetia,26.976678,Pleistocene,,,,
crepidula,26.976678,Pleistocene,,,,
mulinia,27.5256,Pleistocene,,,,
crepidula,27.5256,Pleistocene,,,,
noetia,27.5256,Pleistocene,,,,
parvilucina,33.886442,Pleistocene,,,,
cyclocardia,33.886442,Pleistocene,,,,
astarte,33.886442,Pleistocene,,,,
crepidula,33.886442,Pleistocene,,,,
astarte,33.886442,Pleistocene,,,,
parvilucina,33.82595,Pleistocene,,,,
modiolus,26.967706,Pleistocene,,,,
parvilucina,26.984872,Pleistocene,,,,
crepidula,27.5256,Pleistocene,,,,
crepidula,27.5256,Pleistocene,,,,
spisula,27.5256,Pleistocene,,,,
crepidula,27.5256,Pleistocene,,,,
crepidula,27.5256,Pleistocene,,,,
noetia,33.820618,Pleistocene,,,,
noetia,33.761946,Pleistocene,,,,
crepidula,33.761946,Pleistocene,,,,
parvilucina,33.761946,Pleistocene,,,,
crepidula,33.761946,Pleistocene,,,,
crepidula,33.761946,Pleistocene,,,,
chama,26.757358,Pleistocene,,,,
spisula,31.915917,Pleistocene,,,,
mulinia,31.915917,Pleistocene,,,,
parvilucina,31.915917,Pleistocene,,,,
parvilucina,27.5256,Pleistocene,,,,
spisula,27.5256,Pleistocene,,,,
mulinia,27.5256,Pleistocene,,,,
mulinia,27.5256,Pleistocene,,,,
spisula,33.886442,Pleistocene,,,,
chama,26.765403,Pleistocene,,,,
mulinia,26.765403,Pleistocene,,,,
crepidula,26.765403,Pleistocene,,,,
mulinia,27.8346,Pleistocene,,,,
parvilucina,27.8346,Pleistocene,,,,
chama,27.8346,Pleistocene,,,,
mulinia,27.4404,Pleistocene,,,,
mulinia,27.4404,Pleistocene,,,,
mulinia,27.4404,Pleistocene,,,,
mulinia,27.4404,Pleistocene,,,,
mulinia,27.4404,Pleistocene,,,,
mulinia,27.4404,Pleistocene,,,,
mulinia,27.4404,Pleistocene,,,,
mulinia,27.4404,Pleistocene,,,,
mulinia,27.4404,Pleistocene,,,,
mulinia,27.4404,Pleistocene,,,,
mulinia,27.4404,Pleistocene,,,,
crepidula,33.930761,Pleistocene,,,,
cyclocardia,33.930761,Pleistocene,,,,
chama,33.930761,Pleistocene,,,,
parvilucina,33.930761,Pleistocene,,,,
noetia,33.930761,Pleistocene,,,,
crepidula,33.930761,Pleistocene,,,,
chama,33.930761,Pleistocene,,,,
chama,33.930761,Pleistocene,,,,
cyclocardia,33.930761,Pleistocene,,,,
mulinia,28.410068,Pleistocene,,,,
noetia,26.912553,Pleistocene,,,,
crepidula,26.912553,Pleistocene,,,,
crepidula,26.912553,Pleistocene,,,,
noetia,26.912553,Pleistocene,,,,
noetia,26.912553,Pleistocene,,,,
mulinia,26.912553,Pleistocene,,,,
mulinia,26.912553,Pleistocene,,,,
mulinia,26.912553,Pleistocene,,,,
crepidula,26.912553,Pleistocene,,,,
spisula,26.912553,Pleistocene,,,,
parvilucina,26.912553,Pleistocene,,,,
crepidula,26.912553,Pleistocene,,,,
modiolus,25.792615,Pleistocene,,,,
chama,25.792615,Pleistocene,,,,
crepidula,25.792615,Pleistocene,,,,
parvilucina,33.886442,Pleistocene,,,,
noetia,25.817807,Pleistocene,,,,
chama,25.817807,Pleistocene,,,,
chama,25.817807,Pleistocene,,,,
crepidula,26.500512,Pleistocene,,,,
crepidula,25.817807,Pleistocene,,,,
mulinia,26.500512,Pleistocene,,,,
mulinia,26.733905,Pleistocene,,,,
noetia,26.52805,Pleistocene,,,,
crepidula,26.568421,Pleistocene,,,,
crepidula,26.568421,Pleistocene,,,,
chama,26.568421,Pleistocene,,,,
chama,26.52805,Pleistocene,,,,
mulinia,26.52805,Pleistocene,,,,
mulinia,26.733905,Pleistocene,,,,
chama,26.733905,Pleistocene,,,,
parvilucina,26.733905,Pleistocene,,,,
noetia,27.4472,Pleistocene,,,,
crepidula,27.4472,Pleistocene,,,,
mulinia,27.4472,Pleistocene,,,,
parvilucina,26.753952,Pleistocene,,,,
noetia,26.753952,Pleistocene,,,,
mulinia,26.753952,Pleistocene,,,,
mulinia,26.753952,Pleistocene,,,,
crepidula,26.753952,Pleistocene,,,,
mulinia,27.4472,Pleistocene,,,,
noetia,27.683787,Pleistocene,,,,
crepidula,26.358593,Pleistocene,,,,
chama,26.472352,Pleistocene,,,,
chama,27.050637,Pleistocene,,,,
noetia,27.050637,Pleistocene,,,,
chama,27.050637,Pleistocene,,,,
chama,27.050637,Pleistocene,,,,
noetia,27.050637,Pleistocene,,,,
chama,27.050192,Pleistocene,,,,
noetia,27.050192,Pleistocene,,,,
noetia,27.050192,Pleistocene,,,,
parvilucina,26.500512,Pleistocene,,,,
mulinia,29.87891,Pleistocene,,,,
mulinia,29.87891,Pleistocene,,,,
crepidula,29.87891,Pleistocene,,,,
mulinia,29.87891,Pleistocene,,,,
crepidula,29.87891,Pleistocene,,,,
crepidula,29.87891,Pleistocene,,,,
parvilucina,29.87891,Pleistocene,,,,
mulinia,29.87891,Pleistocene,,,,
noetia,29.87891,Pleistocene,,,,
crepidula,26.7402,Pleistocene,,,,
chama,26.735583,Pleistocene,,,,
parvilucina,26.735583,Pleistocene,,,,
mulinia,26.500512,Pleistocene,,,,
crepidula,27.733,Pleistocene,,,,
crepidula,27.733,Pleistocene,,,,
parvilucina,27.7375,Pleistocene,,,,
crepidula,27.7375,Pleistocene,,,,
noetia,27.733,Pleistocene,,,,
crepidula,26.7886,Pleistocene,,,,
crepidula,26.7886,Pleistocene,,,,
noetia,26.780479,Pleistocene,,,,
noetia,26.786961,Pleistocene,,,,
chama,26.786961,Pleistocene,,,,
mulinia,26.786961,Pleistocene,,,,
noetia,26.683145,Pleistocene,,,,
crepidula,26.683145,Pleistocene,,,,
chama,26.683145,Pleistocene,,,,
chama,26.683145,Pleistocene,,,,
noetia,26.683145,Pleistocene,,,,
spisula,26.7749,Pleistocene,,,,
chama,26.7749,Pleistocene,,,,
noetia,26.7749,Pleistocene,,,,
crepidula,26.7749,Pleistocene,,,,
crepidula,26.7749,Pleistocene,,,,
mulinia,26.7749,Pleistocene,,,,
chama,27.055408,Pleistocene,,,,
chama,26.884339,Pleistocene,,,,
chama,26.884339,Pleistocene,,,,
chama,26.884339,Pleistocene,,,,
chama,26.427418,Pleistocene,,,,
chama,26.9679,Pleistocene,,,,
mulinia,26.659514,Pleistocene,,,,
chama,26.3632,Pleistocene,,,,
chama,26.683145,Pleistocene,,,,
chama,26.471977,Pleistocene,,,,
chama,26.733905,Pleistocene,,,,
chama,26.733905,Pleistocene,,,,
chama,26.786961,Pleistocene,,,,
chama,26.472352,Pleistocene,,,,
chama,26.472352,Pleistocene,,,,
mulinia,26.786961,Pleistocene,,,,
crepidula,26.786961,Pleistocene,,,,
crepidula,26.733905,Pleistocene,,,,
noetia,26.500512,Pleistocene,,,,
chama,27.69662,Pleistocene,,,,
chama,26.750024,Pleistocene,,,,
crepidula,26.52805,Pleistocene,,,,
crepidula,27.7009,Pleistocene,,,,
crepidula,27.7009,Pleistocene,,,,
parvilucina,27.7009,Pleistocene,,,,
parvilucina,27.7009,Pleistocene,,,,
mulinia,27.7009,Pleistocene,,,,
crepidula,27.5246,Pleistocene,,,,
crepidula,27.69662,Pleistocene,,,,
crepidula,27.69662,Pleistocene,,,,
chama,27.69662,Pleistocene,,,,
parvilucina,27.7009,Pleistocene,,,,
crepidula,27.5256,Pleistocene,,,,
crepidula,27.5256,Pleistocene,,,,
noetia,27.5256,Pleistocene,,,,
spisula,27.5256,Pleistocene,,,,
mulinia,26.793142,Pleistocene,,,,
crepidula,26.683145,Pleistocene,,,,
crepidula,26.683145,Pleistocene,,,,
noetia,26.786961,Pleistocene,,,,
noetia,26.786961,Pleistocene,,,,
modiolus,26.683145,Pleistocene,,,,
noetia,26.683145,Pleistocene,,,,
noetia,26.659514,Pleistocene,,,,
noetia,26.659514,Pleistocene,,,,
crepidula,35.344367,Pleistocene,,,,
astarte,35.344367,Pleistocene,,,,
cyclocardia,35.344367,Pleistocene,,,,
crepidula,35.344367,Pleistocene,,,,
mulinia,35.344367,Pleistocene,,,,
chama,26.770515,Pleistocene,,,,
chama,26.683145,Pleistocene,,,,
chama,26.683145,Pleistocene,,,,
chama,26.683145,Pleistocene,,,,
chama,26.683145,Pleistocene,,,,
chama,26.683145,Pleistocene,,,,
chama,26.765443,Pleistocene,,,,
mulinia,26.659514,Pleistocene,,,,
chama,26.733905,Pleistocene,,,,
chama,26.756815,Pleistocene,,,,
parvilucina,28.683825,Pleistocene,,,,
noetia,28.683825,Pleistocene,,,,
mulinia,28.683825,Pleistocene,,,,
mulinia,28.683825,Pleistocene,,,,
mulinia,28.683825,Pleistocene,,,,
mulinia,28.683825,Pleistocene,,,,
mulinia,28.683825,Pleistocene,,,,
mulinia,28.683825,Pleistocene,,,,
crepidula,28.863753,Pleistocene,,,,
parvilucina,28.863753,Pleistocene,,,,
mulinia,28.863753,Pleistocene,,,,
crepidula,28.863753,Pleistocene,,,,
mulinia,28.863753,Pleistocene,,,,
parvilucina,26.74415,Pleistocene,,,,
noetia,27.014265,Pleistocene,,,,
modiolus,27.014265,Pleistocene,,,,
crepidula,27.014265,Pleistocene,,,,
crepidula,27.014265,Pleistocene,,,,
crepidula,27.014265,Pleistocene,,,,
parvilucina,27.014265,Pleistocene,,,,
chama,26.3632,Pleistocene,,,,
parvilucina,26.95065,Pleistocene,,,,
crepidula,26.95065,Pleistocene,,,,
parvilucina,27.02274,Pleistocene,,,,
crepidula,27.055408,Pleistocene,,,,
parvilucina,27.055408,Pleistocene,,,,
parvilucina,26.35639,Pleistocene,,,,
chama,27.055408,Pleistocene,,,,
noetia,27.055408,Pleistocene,,,,
chama,27.055408,Pleistocene,,,,
mulinia,26.767115,Pleistocene,,,,
mulinia,26.786961,Pleistocene,,,,
modiolus,26.683145,Pleistocene,,,,
mulinia,26.733905,Pleistocene,,,,
mulinia,26.733905,Pleistocene,,,,
mulinia,26.7883,Pleistocene,,,,
chama,26.3632,Pleistocene,,,,
chama,26.3632,Pleistocene,,,,
chama,27.014265,Pleistocene,,,,
parvilucina,27.014265,Pleistocene,,,,
parvilucina,27.014265,Pleistocene,,,,
parvilucina,28.03096,Pleistocene,,,,
chama,26.3632,Pleistocene,,,,
noetia,27.02274,Pleistocene,,,,
chama,27.02274,Pleistocene,,,,
crepidula,26.95065,Pleistocene,,,,
modiolus,26.95065,Pleistocene,,,,
crepidula,26.95065,Pleistocene,,,,
parvilucina,26.95065,Pleistocene,,,,
chama,26.95065,Pleistocene,,,,
noetia,26.95065,Pleistocene,,,,
crepidula,27.02274,Pleistocene,,,,
cyclocardia,34.561863,Pleistocene,,,,
mulinia,34.561863,Pleistocene,,,,
mulinia,34.561863,Pleistocene,,,,
mulinia,34.561863,Pleistocene,,,,
mulinia,34.561863,Pleistocene,,,,
crepidula,34.561863,Pleistocene,,,,
noetia,34.561863,Pleistocene,,,,
cyclocardia,34.561863,Pleistocene,,,,
astarte,34.561863,Pleistocene,,,,
crepidula,34.561863,Pleistocene,,,,
mulinia,34.561863,Pleistocene,,,,
parvilucina,34.561863,Pleistocene,,,,
mulinia,34.561863,Pleistocene,,,,
mulinia,34.561863,Pleistocene,,,,
crepidula,34.561863,Pleistocene,,,,
noetia,34.561863,Pleistocene,,,,
spisula,34.561863,Pleistocene,,,,
mulinia,34.561863,Pleistocene,,,,
crepidula,34.561863,Pleistocene,,,,
crepidula,34.561863,Pleistocene,,,,
cyclocardia,34.561863,Pleistocene,,,,
crepidula,34.561863,Pleistocene,,,,
noetia,34.561863,Pleistocene,,,,
crepidula,34.561863,Pleistocene,,,,
astarte,34.561863,Pleistocene,,,,
crepidula,34.561863,Pleistocene,,,,
crepidula,34.561863,Pleistocene,,,,
noetia,34.561863,Pleistocene,,,,
modiolus,26.35639,Pleistocene,,,,
chama,26.35639,Pleistocene,,,,
chama,26.35639,Pleistocene,,,,
chama,26.733905,Pleistocene,,,,
chama,26.733905,Pleistocene,,,,
chama,26.733905,Pleistocene,,,,
crepidula,26.733905,Pleistocene,,,,
astarte,34.198641,Pleistocene,,,,
astarte,34.198641,Pleistocene,,,,
cyclocardia,34.198641,Pleistocene,,,,
chama,34.198641,Pleistocene,,,,
chama,34.198641,Pleistocene,,,,
noetia,34.198641,Pleistocene,,,,
noetia,34.198641,Pleistocene,,,,
chama,34.198641,Pleistocene,,,,
crepidula,34.198641,Pleistocene,,,,
crepidula,34.198641,Pleistocene,,,,
mulinia,34.198641,Pleistocene,,,,
chama,34.198641,Pleistocene,,,,
cyclocardia,34.198641,Pleistocene,,,,
parvilucina,34.198641,Pleistocene,,,,
chama,34.198641,Pleistocene,,,,
mulinia,34.198641,Pleistocene,,,,
crepidula,34.198641,Pleistocene,,,,
mulinia,34.198641,Pleistocene,,,,
mulinia,27.539559,Pleistocene,,,,
mulinia,27.539559,Pleistocene,,,,
mulinia,27.539559,Pleistocene,,,,
mulinia,27.539559,Pleistocene,,,,
mulinia,27.539559,Pleistocene,,,,
mulinia,27.539559,Pleistocene,,,,
mulinia,27.539559,Pleistocene,,,,
mulinia,27.539559,Pleistocene,,,,
mulinia,27.539559,Pleistocene,,,,
mulinia,27.539559,Pleistocene,,,,
mulinia,27.539559,Pleistocene,,,,
mulinia,27.539559,Pleistocene,,,,
mulinia,27.539559,Pleistocene,,,,
mulinia,27.539559,Pleistocene,,,,
mulinia,27.539559,Pleistocene,,,,
mulinia,27.539559,Pleistocene,,,,
mulinia,27.539559,Pleistocene,,,,
mulinia,27.539559,Pleistocene,,,,
mulinia,27.539559,Pleistocene,,,,
mulinia,27.539559,Pleistocene,,,,
mulinia,27.539559,Pleistocene,,,,
mulinia,27.539559,Pleistocene,,,,
mulinia,27.539559,Pleistocene,,,,
mulinia,27.539559,Pleistocene,,,,
mulinia,27.539559,Pleistocene,,,,
mulinia,27.539559,Pleistocene,,,,
mulinia,27.539559,Pleistocene,,,,
mulinia,27.539559,Pleistocene,,,,
mulinia,27.539559,Pleistocene,,,,
mulinia,27.539559,Pleistocene,,,,
mulinia,27.539559,Pleistocene,,,,
mulinia,27.539559,Pleistocene,,,,
mulinia,27.539559,Pleistocene,,,,
mulinia,27.539559,Pleistocene,,,,
mulinia,27.539559,Pleistocene,,,,
mulinia,27.539559,Pleistocene,,,,
mulinia,27.539559,Pleistocene,,,,
mulinia,27.539559,Pleistocene,,,,
mulinia,27.539559,Pleistocene,,,,
mulinia,27.539559,Pleistocene,,,,
mulinia,27.539559,Pleistocene,,,,
mulinia,27.539559,Pleistocene,,,,
mulinia,27.539559,Pleistocene,,,,
mulinia,27.539559,Pleistocene,,,,
mulinia,27.539559,Pleistocene,,,,
mulinia,27.539559,Pleistocene,,,,
mulinia,27.539559,Pleistocene,,,,
mulinia,27.539559,Pleistocene,,,,
mulinia,27.539559,Pleistocene,,,,
mulinia,27.539559,Pleistocene,,,,
mulinia,27.539559,Pleistocene,,,,
mulinia,27.539559,Pleistocene,,,,
mulinia,27.539559,Pleistocene,,,,
mulinia,27.539559,Pleistocene,,,,
mulinia,27.539559,Pleistocene,,,,
mulinia,27.539559,Pleistocene,,,,
mulinia,27.539559,Pleistocene,,,,
mulinia,27.539559,Pleistocene,,,,
mulinia,27.539559,Pleistocene,,,,
mulinia,27.539559,Pleistocene,,,,
mulinia,27.539559,Pleistocene,,,,
mulinia,27.539559,Pleistocene,,,,
mulinia,27.539559,Pleistocene,,,,
mulinia,27.539559,Pleistocene,,,,
mulinia,27.539559,Pleistocene,,,,
mulinia,27.539559,Pleistocene,,,,
mulinia,27.539559,Pleistocene,,,,
mulinia,27.539559,Pleistocene,,,,
mulinia,27.539559,Pleistocene,,,,
mulinia,27.539559,Pleistocene,,,,
mulinia,27.539559,Pleistocene,,,,
mulinia,27.539559,Pleistocene,,,,
mulinia,27.539559,Pleistocene,,,,
mulinia,27.539559,Pleistocene,,,,
mulinia,27.539559,Pleistocene,,,,
mulinia,27.539559,Pleistocene,,,,
mulinia,27.539559,Pleistocene,,,,
mulinia,27.539559,Pleistocene,,,,
mulinia,27.539559,Pleistocene,,,,
mulinia,27.539559,Pleistocene,,,,
mulinia,27.539559,Pleistocene,,,,
mulinia,27.539559,Pleistocene,,,,
mulinia,27.539559,Pleistocene,,,,
mulinia,27.539559,Pleistocene,,,,
mulinia,27.539559,Pleistocene,,,,
mulinia,27.539559,Pleistocene,,,,
mulinia,27.539559,Pleistocene,,,,
mulinia,27.539559,Pleistocene,,,,
mulinia,27.539559,Pleistocene,,,,
mulinia,27.539559,Pleistocene,,,,
mulinia,27.539559,Pleistocene,,,,
mulinia,27.539559,Pleistocene,,,,
mulinia,27.539559,Pleistocene,,,,
mulinia,27.539559,Pleistocene,,,,
mulinia,27.539559,Pleistocene,,,,
mulinia,27.539559,Pleistocene,,,,
mulinia,27.539559,Pleistocene,,,,
mulinia,27.539559,Pleistocene,,,,
mulinia,27.539559,Pleistocene,,,,
mulinia,27.539559,Pleistocene,,,,
mulinia,27.539559,Pleistocene,,,,
mulinia,27.539559,Pleistocene,,,,
mulinia,27.539559,Pleistocene,,,,
mulinia,27.539559,Pleistocene,,,,
mulinia,27.539559,Pleistocene,,,,
mulinia,27.539559,Pleistocene,,,,
mulinia,27.539559,Pleistocene,,,,
mulinia,27.539559,Pleistocene,,,,
mulinia,27.539559,Pleistocene,,,,
mulinia,27.539559,Pleistocene,,,,
mulinia,27.539559,Pleistocene,,,,
mulinia,27.539559,Pleistocene,,,,
mulinia,27.539559,Pleistocene,,,,
mulinia,27.539559,Pleistocene,,,,
mulinia,27.539559,Pleistocene,,,,
mulinia,27.539559,Pleistocene,,,,
mulinia,27.539559,Pleistocene,,,,
mulinia,27.539559,Pleistocene,,,,
mulinia,27.539559,Pleistocene,,,,
mulinia,27.539559,Pleistocene,,,,
mulinia,27.539559,Pleistocene,,,,
mulinia,27.539559,Pleistocene,,,,
mulinia,27.539559,Pleistocene,,,,
mulinia,27.539559,Pleistocene,,,,
mulinia,27.539559,Pleistocene,,,,
mulinia,27.539559,Pleistocene,,,,
mulinia,27.539559,Pleistocene,,,,
mulinia,27.539559,Pleistocene,,,,
mulinia,27.539559,Pleistocene,,,,
mulinia,27.539559,Pleistocene,,,,
mulinia,27.539559,Pleistocene,,,,
mulinia,27.539559,Pleistocene,,,,
mulinia,27.539559,Pleistocene,,,,
mulinia,27.539559,Pleistocene,,,,
mulinia,27.539559,Pleistocene,,,,
mulinia,27.539559,Pleistocene,,,,
mulinia,27.539559,Pleistocene,,,,
mulinia,27.539559,Pleistocene,,,,
mulinia,27.539559,Pleistocene,,,,
mulinia,27.539559,Pleistocene,,,,
mulinia,27.539559,Pleistocene,,,,
mulinia,27.539559,Pleistocene,,,,
mulinia,27.539559,Pleistocene,,,,
mulinia,27.539559,Pleistocene,,,,
mulinia,27.539559,Pleistocene,,,,
mulinia,27.539559,Pleistocene,,,,
mulinia,27.539559,Pleistocene,,,,
mulinia,27.539559,Pleistocene,,,,
mulinia,27.539559,Pleistocene,,,,
mulinia,27.539559,Pleistocene,,,,
mulinia,27.539559,Pleistocene,,,,
mulinia,27.539559,Pleistocene,,,,
mulinia,27.539559,Pleistocene,,,,
mulinia,27.539559,Pleistocene,,,,
mulinia,27.539559,Pleistocene,,,,
mulinia,27.539559,Pleistocene,,,,
mulinia,27.539559,Pleistocene,,,,
mulinia,27.539559,Pleistocene,,,,
mulinia,27.539559,Pleistocene,,,,
mulinia,27.539559,Pleistocene,,,,
mulinia,27.539559,Pleistocene,,,,
mulinia,27.539559,Pleistocene,,,,
mulinia,27.539559,Pleistocene,,,,
mulinia,27.539559,Pleistocene,,,,
mulinia,27.539559,Pleistocene,,,,
mulinia,27.539559,Pleistocene,,,,
mulinia,27.539559,Pleistocene,,,,
mulinia,27.539559,Pleistocene,,,,
mulinia,27.539559,Pleistocene,,,,
mulinia,27.539559,Pleistocene,,,,
mulinia,27.539559,Pleistocene,,,,
mulinia,27.539559,Pleistocene,,,,
mulinia,27.539559,Pleistocene,,,,
mulinia,27.539559,Pleistocene,,,,
mulinia,27.539559,Pleistocene,,,,
mulinia,27.539559,Pleistocene,,,,
mulinia,27.539559,Pleistocene,,,,
mulinia,27.539559,Pleistocene,,,,
mulinia,27.539559,Pleistocene,,,,
mulinia,27.539559,Pleistocene,,,,
mulinia,27.539559,Pleistocene,,,,
mulinia,27.539559,Pleistocene,,,,
mulinia,27.539559,Pleistocene,,,,
mulinia,27.539559,Pleistocene,,,,
mulinia,27.539559,Pleistocene,,,,
mulinia,27.539559,Pleistocene,,,,
mulinia,27.539559,Pleistocene,,,,
mulinia,27.539559,Pleistocene,,,,
mulinia,27.539559,Pleistocene,,,,
mulinia,27.539559,Pleistocene,,,,
mulinia,27.539559,Pleistocene,,,,
mulinia,27.539559,Pleistocene,,,,
mulinia,27.539559,Pleistocene,,,,
mulinia,27.539559,Pleistocene,,,,
mulinia,27.539559,Pleistocene,,,,
mulinia,27.539559,Pleistocene,,,,
mulinia,27.539559,Pleistocene,,,,
mulinia,27.539559,Pleistocene,,,,
mulinia,27.539559,Pleistocene,,,,
mulinia,27.539559,Pleistocene,,,,
mulinia,27.539559,Pleistocene,,,,
mulinia,27.539559,Pleistocene,,,,
mulinia,27.539559,Pleistocene,,,,
mulinia,27.539559,Pleistocene,,,,
mulinia,27.539559,Pleistocene,,,,
mulinia,27.539559,Pleistocene,,,,
mulinia,27.539559,Pleistocene,,,,
mulinia,27.539559,Pleistocene,,,,
mulinia,27.539559,Pleistocene,,,,
mulinia,27.539559,Pleistocene,,,,
mulinia,27.539559,Pleistocene,,,,
mulinia,27.539559,Pleistocene,,,,
mulinia,27.539559,Pleistocene,,,,
mulinia,27.539559,Pleistocene,,,,
mulinia,27.539559,Pleistocene,,,,
mulinia,27.539559,Pleistocene,,,,
mulinia,27.539559,Pleistocene,,,,
mulinia,27.539559,Pleistocene,,,,
mulinia,27.539559,Pleistocene,,,,
mulinia,27.539559,Pleistocene,,,,
mulinia,27.539559,Pleistocene,,,,
mulinia,27.539559,Pleistocene,,,,
mulinia,27.539559,Pleistocene,,,,
mulinia,27.539559,Pleistocene,,,,
mulinia,27.539559,Pleistocene,,,,
mulinia,27.539559,Pleistocene,,,,
mulinia,27.539559,Pleistocene,,,,
mulinia,27.539559,Pleistocene,,,,
mulinia,27.539559,Pleistocene,,,,
mulinia,27.539559,Pleistocene,,,,
mulinia,27.539559,Pleistocene,,,,
mulinia,27.539559,Pleistocene,,,,
mulinia,27.539559,Pleistocene,,,,
mulinia,27.539559,Pleistocene,,,,
mulinia,27.539559,Pleistocene,,,,
mulinia,27.539559,Pleistocene,,,,
mulinia,27.539559,Pleistocene,,,,
mulinia,27.539559,Pleistocene,,,,
mulinia,27.539559,Pleistocene,,,,
mulinia,27.539559,Pleistocene,,,,
mulinia,27.539559,Pleistocene,,,,
mulinia,27.539559,Pleistocene,,,,
mulinia,27.539559,Pleistocene,,,,
mulinia,27.539559,Pleistocene,,,,
mulinia,27.539559,Pleistocene,,,,
mulinia,27.539559,Pleistocene,,,,
mulinia,27.539559,Pleistocene,,,,
mulinia,27.539559,Pleistocene,,,,
mulinia,27.539559,Pleistocene,,,,
mulinia,27.539559,Pleistocene,,,,
mulinia,27.539559,Pleistocene,,,,
mulinia,27.539559,Pleistocene,,,,
mulinia,27.539559,Pleistocene,,,,
mulinia,27.539559,Pleistocene,,,,
mulinia,27.539559,Pleistocene,,,,
mulinia,27.539559,Pleistocene,,,,
mulinia,27.539559,Pleistocene,,,,
mulinia,27.539559,Pleistocene,,,,
mulinia,27.539559,Pleistocene,,,,
mulinia,27.539559,Pleistocene,,,,
mulinia,27.539559,Pleistocene,,,,
mulinia,27.539559,Pleistocene,,,,
mulinia,27.539559,Pleistocene,,,,
mulinia,27.539559,Pleistocene,,,,
mulinia,27.539559,Pleistocene,,,,
mulinia,27.539559,Pleistocene,,,,
mulinia,27.539559,Pleistocene,,,,
mulinia,27.539559,Pleistocene,,,,
mulinia,27.539559,Pleistocene,,,,
mulinia,27.539559,Pleistocene,,,,
mulinia,27.539559,Pleistocene,,,,
mulinia,27.539559,Pleistocene,,,,
mulinia,27.539559,Pleistocene,,,,
mulinia,27.539559,Pleistocene,,,,
mulinia,27.539559,Pleistocene,,,,
mulinia,27.539559,Pleistocene,,,,
mulinia,27.539559,Pleistocene,,,,
mulinia,27.539559,Pleistocene,,,,
mulinia,27.539559,Pleistocene,,,,
mulinia,27.539559,Pleistocene,,,,
mulinia,27.539559,Pleistocene,,,,
mulinia,27.539559,Pleistocene,,,,
mulinia,27.539559,Pleistocene,,,,
mulinia,27.539559,Pleistocene,,,,
mulinia,27.539559,Pleistocene,,,,
mulinia,27.539559,Pleistocene,,,,
mulinia,27.539559,Pleistocene,,,,
mulinia,27.539559,Pleistocene,,,,
mulinia,27.539559,Pleistocene,,,,
mulinia,27.539559,Pleistocene,,,,
mulinia,27.539559,Pleistocene,,,,
mulinia,27.539559,Pleistocene,,,,
mulinia,27.539559,Pleistocene,,,,
mulinia,27.539559,Pleistocene,,,,
mulinia,27.539559,Pleistocene,,,,
mulinia,27.539559,Pleistocene,,,,
mulinia,27.539559,Pleistocene,,,,
mulinia,27.539559,Pleistocene,,,,
mulinia,27.539559,Pleistocene,,,,
mulinia,27.539559,Pleistocene,,,,
mulinia,27.539559,Pleistocene,,,,
crepidula,27.539559,Pleistocene,,,,
noetia,27.539559,Pleistocene,,,,
noetia,27.539559,Pleistocene,,,,
noetia,27.539559,Pleistocene,,,,
noetia,27.539559,Pleistocene,,,,
noetia,27.539559,Pleistocene,,,,
noetia,27.539559,Pleistocene,,,,
noetia,27.539559,Pleistocene,,,,
noetia,27.539559,Pleistocene,,,,
noetia,27.539559,Pleistocene,,,,
spisula,27.539559,Pleistocene,,,,
noetia,27.7009,Pleistocene,,,,
crepidula,27.366642,Pleistocene,,,,
crepidula,27.366642,Pleistocene,,,,
crepidula,27.366642,Pleistocene,,,,
crepidula,27.366642,Pleistocene,,,,
crepidula,27.366642,Pleistocene,,,,
mulinia,36.854377,Pleistocene,,,,
parvilucina,36.854377,Pleistocene,,,,
noetia,36.854377,Pleistocene,,,,
crepidula,36.854377,Pleistocene,,,,
crepidula,36.854377,Pleistocene,,,,
crepidula,36.854377,Pleistocene,,,,
crepidula,36.854377,Pleistocene,,,,
mulinia,36.795465,Pleistocene,,,,
spisula,36.795465,Pleistocene,,,,
astarte,36.831365,Pleistocene,,,,
spisula,36.831365,Pleistocene,,,,
mulinia,36.831365,Pleistocene,,,,
crepidula,36.831365,Pleistocene,,,,
crepidula,36.831365,Pleistocene,,,,
crepidula,36.790118,Pleistocene,,,,
crepidula,36.790118,Pleistocene,,,,
crepidula,36.790118,Pleistocene,,,,
noetia,36.790118,Pleistocene,,,,
spisula,36.790118,Pleistocene,,,,
mulinia,36.790118,Pleistocene,,,,
parvilucina,36.790118,Pleistocene,,,,
noetia,36.790118,Pleistocene,,,,
mulinia,36.790118,Pleistocene,,,,
spisula,36.790118,Pleistocene,,,,
mulinia,36.854377,Pleistocene,,,,
mulinia,36.854377,Pleistocene,,,,
chama,27.8346,Pleistocene,,,,
crepidula,27.8346,Pleistocene,,,,
mulinia,27.8346,Pleistocene,,,,
mulinia,27.8346,Pleistocene,,,,
mulinia,27.8346,Pleistocene,,,,
chama,27.8346,Pleistocene,,,,
chama,27.8346,Pleistocene,,,,
chama,27.8346,Pleistocene,,,,
crepidula,27.8346,Pleistocene,,,,
crepidula,27.8346,Pleistocene,,,,
astarte,27.8346,Pleistocene,,,,
crepidula,27.8346,Pleistocene,,,,
crepidula,27.8346,Pleistocene,,,,
crepidula,27.8346,Pleistocene,,,,
crepidula,27.8346,Pleistocene,,,,
chama,27.8346,Pleistocene,,,,
chama,27.8346,Pleistocene,,,,
mulinia,27.8346,Pleistocene,,,,
crepidula,27.842851,Pleistocene,,,,
crepidula,27.842851,Pleistocene,,,,
crepidula,26.95065,Pleistocene,,,,
chama,27.633726,Pleistocene,,,,
noetia,27.633726,Pleistocene,,,,
chama,27.633726,Pleistocene,,,,
crepidula,27.633726,Pleistocene,,,,
crepidula,34.982062,Pleistocene,,,,
crepidula,34.982062,Pleistocene,,,,
parvilucina,34.982062,Pleistocene,,,,
noetia,34.982062,Pleistocene,,,,
mulinia,34.982062,Pleistocene,,,,
mulinia,34.982062,Pleistocene,,,,
chama,26.765443,Pleistocene,,,,
chama,26.765443,Pleistocene,,,,
crepidula,26.765443,Pleistocene,,,,
mulinia,26.765443,Pleistocene,,,,
mulinia,26.765443,Pleistocene,,,,
chama,26.963382,Pleistocene,,,,
spisula,36.783802,Pleistocene,,,,
crepidula,36.790118,Pleistocene,,,,
crepidula,36.790118,Pleistocene,,,,
crepidula,36.790118,Pleistocene,,,,
spisula,36.790118,Pleistocene,,,,
mulinia,36.790118,Pleistocene,,,,
spisula,36.790118,Pleistocene,,,,
noetia,36.790118,Pleistocene,,,,
mulinia,34.982062,Pleistocene,,,,
mulinia,34.982062,Pleistocene,,,,
mulinia,35.603216,Pleistocene,,,,
crepidula,33.983267,Pleistocene,,,,
mulinia,33.983267,Pleistocene,,,,
spisula,33.983267,Pleistocene,,,,
mulinia,33.983267,Pleistocene,,,,
noetia,33.983267,Pleistocene,,,,
astarte,33.983267,Pleistocene,,,,
cyclocardia,33.983267,Pleistocene,,,,
spisula,36.783802,Pleistocene,,,,
modiolus,36.790118,Pleistocene,,,,
modiolus,36.790118,Pleistocene,,,,
modiolus,36.790118,Pleistocene,,,,
crepidula,35.0426,Pleistocene,,,,
crepidula,35.0426,Pleistocene,,,,
crepidula,34.94005,Pleistocene,,,,
crepidula,34.94005,Pleistocene,,,,
spisula,34.94005,Pleistocene,,,,
noetia,34.94005,Pleistocene,,,,
mulinia,34.94005,Pleistocene,,,,
chama,34.94005,Pleistocene,,,,
noetia,36.790118,Pleistocene,,,,
crepidula,36.790118,Pleistocene,,,,
modiolus,36.790118,Pleistocene,,,,
crepidula,36.790118,Pleistocene,,,,
crepidula,36.790118,Pleistocene,,,,
mulinia,36.790118,Pleistocene,,,,
parvilucina,36.827498,Pleistocene,,,,
mulinia,33.739748,Pleistocene,,,,
cyclocardia,33.739748,Pleistocene,,,,
noetia,33.739748,Pleistocene,,,,
noetia,33.886442,Pleistocene,,,,
crepidula,33.886442,Pleistocene,,,,
mulinia,33.886442,Pleistocene,,,,
astarte,33.886442,Pleistocene,,,,
spisula,35.344367,Pleistocene,,,,
parvilucina,35.344367,Pleistocene,,,,
parvilucina,33.886442,Pleistocene,,,,
spisula,36.790118,Pleistocene,,,,
mulinia,36.790118,Pleistocene,,,,
crepidula,33.886442,Pleistocene,,,,
astarte,35.344367,Pleistocene,,,,
crepidula,35.344367,Pleistocene,,,,
modiolus,35.344367,Pleistocene,,,,
astarte,35.344367,Pleistocene,,,,
crepidula,35.344367,Pleistocene,,,,
mulinia,35.344367,Pleistocene,,,,
astarte,35.344367,Pleistocene,,,,
cyclocardia,33.886442,Pleistocene,,,,
astarte,34.325451,Pleistocene,,,,
spisula,34.325451,Pleistocene,,,,
crepidula,34.325451,Pleistocene,,,,
mulinia,34.325451,Pleistocene,,,,
crepidula,34.325451,Pleistocene,,,,
cyclocardia,34.325451,Pleistocene,,,,
crepidula,34.325451,Pleistocene,,,,
cyclocardia,34.325451,Pleistocene,,,,
astarte,34.325451,Pleistocene,,,,
parvilucina,34.325451,Pleistocene,,,,
astarte,34.325451,Pleistocene,,,,
crepidula,34.325451,Pleistocene,,,,
mulinia,34.325451,Pleistocene,,,,
chama,34.325451,Pleistocene,,,,
parvilucina,34.325451,Pleistocene,,,,
chama,34.325451,Pleistocene,,,,
cyclocardia,35.344367,Pleistocene,,,,
astarte,35.344367,Pleistocene,,,,
crepidula,35.344367,Pleistocene,,,,
crepidula,35.344367,Pleistocene,,,,
cyclocardia,35.344367,Pleistocene,,,,
crepidula,35.344367,Pleistocene,,,,
noetia,35.344367,Pleistocene,,,,
mulinia,36.790118,Pleistocene,,,,
noetia,26.963382,Pleistocene,,,,
crepidula,35.344367,Pleistocene,,,,
mulinia,36.790118,Pleistocene,,,,
mulinia,36.790118,Pleistocene,,,,
crepidula,35.344367,Pleistocene,,,,
astarte,35.344367,Pleistocene,,,,
astarte,35.344367,Pleistocene,,,,
cyclocardia,35.344367,Pleistocene,,,,
noetia,35.344367,Pleistocene,,,,
cyclocardia,35.344367,Pleistocene,,,,
crepidula,35.344367,Pleistocene,,,,
cyclocardia,35.344367,Pleistocene,,,,
modiolus,35.344367,Pleistocene,,,,
crepidula,35.344367,Pleistocene,,,,
chesapecten,35.344367,Pleistocene,,,,
astarte,34.325451,Pleistocene,,,,
mulinia,34.982062,Pleistocene,,,,
mulinia,36.790118,Pleistocene,,,,
crepidula,36.790118,Pleistocene,,,,
mulinia,36.790118,Pleistocene,,,,
spisula,33.9333,Pleistocene,,,,
chama,34.198641,Pleistocene,,,,
noetia,30.700246,Pleistocene,,,,
modiolus,30.700246,Pleistocene,,,,
crepidula,28.398101,Pleistocene,,,,
crepidula,28.398101,Pleistocene,,,,
mulinia,36.790118,Pleistocene,,,,
mulinia,28.398101,Pleistocene,,,,
parvilucina,28.398101,Pleistocene,,,,
parvilucina,28.398101,Pleistocene,,,,
noetia,28.398101,Pleistocene,,,,
chama,28.398101,Pleistocene,,,,
spisula,36.745581,Pleistocene,,,,
spisula,36.745581,Pleistocene,,,,
spisula,36.745581,Pleistocene,,,,
spisula,36.745581,Pleistocene,,,,
spisula,36.745581,Pleistocene,,,,
spisula,36.745581,Pleistocene,,,,
spisula,36.745581,Pleistocene,,,,
spisula,36.745581,Pleistocene,,,,
spisula,36.745581,Pleistocene,,,,
spisula,36.745581,Pleistocene,,,,
spisula,36.745581,Pleistocene,,,,
spisula,36.745581,Pleistocene,,,,
spisula,36.745581,Pleistocene,,,,
spisula,36.745581,Pleistocene,,,,
spisula,36.745581,Pleistocene,,,,
spisula,36.745581,Pleistocene,,,,
spisula,36.745581,Pleistocene,,,,
spisula,36.745581,Pleistocene,,,,
spisula,36.745581,Pleistocene,,,,
spisula,36.745581,Pleistocene,,,,
spisula,36.745581,Pleistocene,,,,
spisula,36.745581,Pleistocene,,,,
spisula,36.745581,Pleistocene,,,,
spisula,36.745581,Pleistocene,,,,
spisula,36.745581,Pleistocene,,,,
spisula,36.745581,Pleistocene,,,,
spisula,36.745581,Pleistocene,,,,
spisula,36.745581,Pleistocene,,,,
spisula,36.745581,Pleistocene,,,,
spisula,36.745581,Pleistocene,,,,
spisula,36.745581,Pleistocene,,,,
spisula,36.745581,Pleistocene,,,,
spisula,36.745581,Pleistocene,,,,
chama,26.95065,Pleistocene,,,,
crepidula,26.95065,Pleistocene,,,,
chama,26.95065,Pleistocene,,,,
modiolus,26.95065,Pleistocene,,,,
chama,26.95065,Pleistocene,,,,
chama,26.95065,Pleistocene,,,,
crepidula,26.95065,Pleistocene,,,,
crepidula,26.95065,Pleistocene,,,,
chama,26.95065,Pleistocene,,,,
modiolus,26.95065,Pleistocene,,,,
crepidula,26.95065,Pleistocene,,,,
chama,26.95065,Pleistocene,,,,
noetia,26.95065,Pleistocene,,,,
crepidula,26.95065,Pleistocene,,,,
noetia,26.95065,Pleistocene,,,,
crepidula,26.95065,Pleistocene,,,,
crepidula,26.95065,Pleistocene,,,,
crepidula,26.95065,Pleistocene,,,,
noetia,26.95065,Pleistocene,,,,
crepidula,26.95065,Pleistocene,,,,
chama,26.95065,Pleistocene,,,,
noetia,26.95065,Pleistocene,,,,
crepidula,26.95065,Pleistocene,,,,
crepidula,26.95065,Pleistocene,,,,
chama,26.95065,Pleistocene,,,,
chama,26.95065,Pleistocene,,,,
chama,26.95065,Pleistocene,,,,
chama,26.95065,Pleistocene,,,,
crepidula,26.95065,Pleistocene,,,,
crepidula,26.95065,Pleistocene,,,,
noetia,26.95065,Pleistocene,,,,
parvilucina,26.95065,Pleistocene,,,,
chama,26.95065,Pleistocene,,,,
crepidula,26.95065,Pleistocene,,,,
noetia,26.95065,Pleistocene,,,,
chama,26.95065,Pleistocene,,,,
chama,26.95065,Pleistocene,,,,
chama,26.95065,Pleistocene,,,,
noetia,26.95065,Pleistocene,,,,
crepidula,26.95065,Pleistocene,,,,
parvilucina,26.95065,Pleistocene,,,,
parvilucina,26.95065,Pleistocene,,,,
mulinia,29.256349,Pleistocene,,,,
crepidula,29.256349,Pleistocene,,,,
noetia,29.256349,Pleistocene,,,,
chama,24.694556,Pleistocene,,,,
chama,24.694556,Pleistocene,,,,
chama,24.694556,Pleistocene,,,,
chama,24.694556,Pleistocene,,,,
crepidula,27.575417,Pleistocene,,,,
crepidula,27.575417,Pleistocene,,,,
mulinia,27.575417,Pleistocene,,,,
crepidula,27.575417,Pleistocene,,,,
crepidula,29.697247,Pleistocene,,,,
noetia,29.697247,Pleistocene,,,,
mulinia,29.697247,Pleistocene,,,,
parvilucina,29.697247,Pleistocene,,,,
chama,29.697247,Pleistocene,,,,
crepidula,26.310773,Pleistocene,,,,
chama,25.792615,Pleistocene,,,,
crepidula,27.69662,Pleistocene,,,,
crepidula,27.69662,Pleistocene,,,,
crepidula,27.69662,Pleistocene,,,,
crepidula,27.69662,Pleistocene,,,,
noetia,27.22852,Pleistocene,,,,
noetia,27.22852,Pleistocene,,,,
noetia,27.22852,Pleistocene,,,,
noetia,27.22852,Pleistocene,,,,
mulinia,27.22852,Pleistocene,,,,
spisula,27.575417,Pleistocene,,,,
noetia,27.22515,Pleistocene,,,,
spisula,27.539559,Pleistocene,,,,
chama,33.82152,Pleistocene,,,,
crepidula,33.82152,Pleistocene,,,,
crepidula,33.82152,Pleistocene,,,,
crepidula,33.82152,Pleistocene,,,,
crepidula,33.82152,Pleistocene,,,,
crepidula,33.82152,Pleistocene,,,,
crepidula,33.82152,Pleistocene,,,,
astarte,33.82152,Pleistocene,,,,
chama,33.82152,Pleistocene,,,,
mulinia,33.82152,Pleistocene,,,,
chama,34.198641,Pleistocene,,,,
mulinia,34.198641,Pleistocene,,,,
noetia,34.198641,Pleistocene,,,,
chama,34.198641,Pleistocene,,,,
chama,34.198641,Pleistocene,,,,
crepidula,34.198641,Pleistocene,,,,
crepidula,34.198641,Pleistocene,,,,
chama,34.198641,Pleistocene,,,,
parvilucina,34.198641,Pleistocene,,,,
chama,34.198641,Pleistocene,,,,
cyclocardia,34.198641,Pleistocene,,,,
noetia,34.198641,Pleistocene,,,,
astarte,34.198641,Pleistocene,,,,
chama,34.198641,Pleistocene,,,,
noetia,34.198641,Pleistocene,,,,
crepidula,34.20965,Pleistocene,,,,
noetia,34.20965,Pleistocene,,,,
chama,34.20965,Pleistocene,,,,
chama,34.198641,Pleistocene,,,,
astarte,34.198641,Pleistocene,,,,
astarte,34.198641,Pleistocene,,,,
noetia,34.198641,Pleistocene,,,,
noetia,34.198641,Pleistocene,,,,
crepidula,34.198641,Pleistocene,,,,
crepidula,34.198641,Pleistocene,,,,
crepidula,34.198641,Pleistocene,,,,
noetia,34.198641,Pleistocene,,,,
chama,34.198641,Pleistocene,,,,
noetia,34.198641,Pleistocene,,,,
astarte,34.198641,Pleistocene,,,,
crepidula,34.198641,Pleistocene,,,,
crepidula,33.82152,Pleistocene,,,,
crepidula,33.82152,Pleistocene,,,,
chama,33.82152,Pleistocene,,,,
chama,33.82152,Pleistocene,,,,
mulinia,33.82152,Pleistocene,,,,
chama,33.82152,Pleistocene,,,,
parvilucina,33.82152,Pleistocene,,,,
astarte,33.82152,Pleistocene,,,,
astarte,33.82152,Pleistocene,,,,
cyclocardia,33.82152,Pleistocene,,,,
noetia,33.82152,Pleistocene,,,,
crepidula,33.82152,Pleistocene,,,,
crepidula,33.82152,Pleistocene,,,,
crepidula,33.82152,Pleistocene,,,,
crepidula,33.82152,Pleistocene,,,,
noetia,33.82152,Pleistocene,,,,
noetia,33.82152,Pleistocene,,,,
noetia,33.82152,Pleistocene,,,,
chama,26.665295,Pleistocene,,,,
parvilucina,26.665295,Pleistocene,,,,
spisula,26.665295,Pleistocene,,,,
chama,26.665295,Pleistocene,,,,
crepidula,26.665295,Pleistocene,,,,
parvilucina,26.665295,Pleistocene,,,,
mulinia,26.733905,Pleistocene,,,,
spisula,36.831365,Pleistocene,,,,
noetia,33.886442,Pleistocene,,,,
crepidula,33.886442,Pleistocene,,,,
spisula,33.886442,Pleistocene,,,,
mulinia,33.886442,Pleistocene,,,,
chama,33.886442,Pleistocene,,,,
crepidula,33.886442,Pleistocene,,,,
crepidula,33.886442,Pleistocene,,,,
cyclocardia,33.886442,Pleistocene,,,,
astarte,33.886442,Pleistocene,,,,
chama,33.886442,Pleistocene,,,,
chama,33.886442,Pleistocene,,,,
chama,33.886442,Pleistocene,,,,
crepidula,33.886442,Pleistocene,,,,
crepidula,33.886442,Pleistocene,,,,
noetia,33.886442,Pleistocene,,,,
chama,33.886442,Pleistocene,,,,
chama,33.886442,Pleistocene,,,,
crepidula,33.886442,Pleistocene,,,,
crepidula,33.886442,Pleistocene,,,,
astarte,33.886442,Pleistocene,,,,
chama,33.886442,Pleistocene,,,,
chama,33.886442,Pleistocene,,,,
crepidula,33.886442,Pleistocene,,,,
crepidula,33.886442,Pleistocene,,,,
mulinia,27.63833,Pleistocene,,,,
parvilucina,27.63833,Pleistocene,,,,
crepidula,27.63833,Pleistocene,,,,
mulinia,27.63833,Pleistocene,,,,
spisula,27.63833,Pleistocene,,,,
noetia,27.63833,Pleistocene,,,,
mulinia,26.788779,Pleistocene,,,,
parvilucina,29.5849,Pleistocene,,,,
crepidula,27.649654,Pleistocene,,,,
mulinia,27.649654,Pleistocene,,,,
noetia,27.649654,Pleistocene,,,,
mulinia,27.649654,Pleistocene,,,,
crepidula,27.63833,Pleistocene,,,,
mulinia,27.63833,Pleistocene,,,,
parvilucina,26.987334,Pleistocene,,,,
mulinia,29.5849,Pleistocene,,,,
mulinia,29.5849,Pleistocene,,,,
crepidula,26.7878,Pleistocene,,,,
mulinia,26.788955,Pleistocene,,,,
mulinia,27.8346,Pleistocene,,,,
chama,26.7878,Pleistocene,,,,
chama,26.798044,Pleistocene,,,,
noetia,27.649654,Pleistocene,,,,
mulinia,27.649654,Pleistocene,,,,
noetia,27.649654,Pleistocene,,,,
parvilucina,27.649654,Pleistocene,,,,
noetia,27.649654,Pleistocene,,,,
crepidula,27.649654,Pleistocene,,,,
mulinia,27.649654,Pleistocene,,,,
crepidula,27.649654,Pleistocene,,,,
noetia,27.649654,Pleistocene,,,,
spisula,27.649654,Pleistocene,,,,
crepidula,27.649654,Pleistocene,,,,
chama,26.753067,Pleistocene,,,,
chama,26.753565,Pleistocene,,,,
crepidula,26.755976,Pleistocene,,,,
mulinia,29.481871,Pleistocene,,,,
crepidula,29.481871,Pleistocene,,,,
crepidula,27.8346,Pleistocene,,,,
chama,27.8346,Pleistocene,,,,
mulinia,33.886442,Pleistocene,,,,
parvilucina,33.886442,Pleistocene,,,,
noetia,33.886442,Pleistocene,,,,
chama,33.886442,Pleistocene,,,,
cyclocardia,33.886442,Pleistocene,,,,
mulinia,33.886442,Pleistocene,,,,
crepidula,33.886442,Pleistocene,,,,
crepidula,33.886442,Pleistocene,,,,
crepidula,33.886442,Pleistocene,,,,
crepidula,26.8823,Pleistocene,,,,
chama,26.744725,Pleistocene,,,,
parvilucina,26.765957,Pleistocene,,,,
mulinia,26.765957,Pleistocene,,,,
mulinia,26.751356,Pleistocene,,,,
mulinia,33.82152,Pleistocene,,,,
mulinia,26.745439,Pleistocene,,,,
noetia,27.059575,Pleistocene,,,,
crepidula,27.059575,Pleistocene,,,,
crepidula,27.059575,Pleistocene,,,,
mulinia,27.059575,Pleistocene,,,,
chama,26.7946,Pleistocene,,,,
chama,27.117478,Pleistocene,,,,
cyclocardia,30.3876,Pliocene,,,,
chama,30.3876,Pliocene,,,,
noetia,30.3876,Pliocene,,,,
parvilucina,30.3876,Pliocene,,,,
mulinia,30.3876,Pliocene,,,,
chama,30.3876,Pliocene,,,,
noetia,34.878384,Pliocene,,,,
parvilucina,30.410829,Pliocene,,,,
crepidula,30.410829,Pliocene,,,,
crepidula,30.410829,Pliocene,,,,
chama,27.366642,Pliocene,,,,
crepidula,27.366642,Pliocene,,,,
chama,27.366642,Pliocene,,,,
crepidula,27.366642,Pliocene,,,,
crepidula,26.9925,Pliocene,,,,
crepidula,26.9925,Pliocene,,,,
chama,26.9925,Pliocene,,,,
chama,26.9925,Pliocene,,,,
crepidula,27.3125,Pliocene,,,,
mulinia,27.3125,Pliocene,,,,
spisula,25.7655,Pliocene,,,,
parvilucina,30.3876,Pliocene,,,,
chama,30.3876,Pliocene,,,,
cyclocardia,30.3876,Pliocene,,,,
astarte,30.3876,Pliocene,,,,
crepidula,37.02972,Pliocene,,,,
crepidula,35.30528,Pliocene,,,,
crepidula,37.02972,Pliocene,,,,
chesapecten,37.02972,Pliocene,,,,
chama,27.3041,Pliocene,,,,
chama,27.3041,Pliocene,,,,
crepidula,27.3041,Pliocene,,,,
crepidula,27.3041,Pliocene,,,,
crepidula,27.3041,Pliocene,,,,
crepidula,30.410829,Pliocene,,,,
chama,30.410829,Pliocene,,,,
crepidula,30.410829,Pliocene,,,,
crepidula,30.410829,Pliocene,,,,
astarte,30.410829,Pliocene,,,,
astarte,30.391421,Pliocene,,,,
mulinia,30.391421,Pliocene,,,,
modiolus,30.391421,Pliocene,,,,
modiolus,30.391421,Pliocene,,,,
spisula,30.391421,Pliocene,,,,
astarte,30.391421,Pliocene,,,,
noetia,30.391421,Pliocene,,,,
chama,30.391421,Pliocene,,,,
cyclocardia,30.391421,Pliocene,,,,
cyclocardia,30.391421,Pliocene,,,,
noetia,30.391421,Pliocene,,,,
spisula,30.391421,Pliocene,,,,
chama,30.391421,Pliocene,,,,
astarte,30.391421,Pliocene,,,,
parvilucina,30.391421,Pliocene,,,,
crepidula,30.391421,Pliocene,,,,
crepidula,30.391421,Pliocene,,,,
astarte,30.391421,Pliocene,,,,
cyclocardia,30.391421,Pliocene,,,,
parvilucina,30.391421,Pliocene,,,,
mulinia,30.391421,Pliocene,,,,
chama,30.391421,Pliocene,,,,
crepidula,30.391421,Pliocene,,,,
astarte,30.391421,Pliocene,,,,
chama,30.391421,Pliocene,,,,
chama,30.391421,Pliocene,,,,
mulinia,30.391421,Pliocene,,,,
crepidula,30.391421,Pliocene,,,,
cyclocardia,30.391421,Pliocene,,,,
crepidula,30.391421,Pliocene,,,,
chesapecten,27.366642,Pliocene,,,,
chesapecten,27.366642,Pliocene,,,,
chesapecten,27.366642,Pliocene,,,,
chama,27.366642,Pliocene,,,,
chama,27.366642,Pliocene,,,,
chama,27.366642,Pliocene,,,,
chama,27.366642,Pliocene,,,,
mulinia,27.366642,Pliocene,,,,
mulinia,27.366642,Pliocene,,,,
mulinia,27.366642,Pliocene,,,,
parvilucina,27.366642,Pliocene,,,,
crepidula,30.391421,Pliocene,,,,
astarte,27.366642,Pliocene,,,,
noetia,27.366642,Pliocene,,,,
noetia,27.366642,Pliocene,,,,
crepidula,27.366642,Pliocene,,,,
crepidula,27.366642,Pliocene,,,,
crepidula,27.366642,Pliocene,,,,
cyclocardia,27.366642,Pliocene,,,,
noetia,27.366642,Pliocene,,,,
astarte,27.366642,Pliocene,,,,
chama,27.366642,Pliocene,,,,
chesapecten,27.366642,Pliocene,,,,
mulinia,27.366642,Pliocene,,,,
crepidula,27.366642,Pliocene,,,,
crepidula,27.366642,Pliocene,,,,
crepidula,27.366642,Pliocene,,,,
chama,27.366642,Pliocene,,,,
chama,27.366642,Pliocene,,,,
noetia,27.366642,Pliocene,,,,
chama,27.366642,Pliocene,,,,
chama,27.366642,Pliocene,,,,
chama,27.366642,Pliocene,,,,
chama,27.366642,Pliocene,,,,
spisula,37.0602,Pliocene,,,,
crepidula,37.0602,Pliocene,,,,
mulinia,27.366642,Pliocene,,,,
crepidula,27.375123,Pliocene,,,,
crepidula,34.878384,Pliocene,,,,
cyclocardia,34.878384,Pliocene,,,,
astarte,34.878384,Pliocene,,,,
mulinia,34.878384,Pliocene,,,,
parvilucina,30.391421,Pliocene,,,,
crepidula,25.725979,Pliocene,,,,
chama,25.725979,Pliocene,,,,
crepidula,25.725979,Pliocene,,,,
crepidula,25.725979,Pliocene,,,,
crepidula,25.725979,Pliocene,,,,
chama,27.366642,Pliocene,,,,
chesapecten,27.366642,Pliocene,,,,
chesapecten,27.366642,Pliocene,,,,
chama,27.366642,Pliocene,,,,
chama,27.366642,Pliocene,,,,
mulinia,27.366642,Pliocene,,,,
mulinia,27.366642,Pliocene,,,,
cyclocardia,27.366642,Pliocene,,,,
parvilucina,27.366642,Pliocene,,,,
mulinia,27.366642,Pliocene,,,,
noetia,27.3583,Pliocene,,,,
parvilucina,27.3583,Pliocene,,,,
chama,27.3583,Pliocene,,,,
crepidula,27.3583,Pliocene,,,,
crepidula,27.3583,Pliocene,,,,
chama,27.3583,Pliocene,,,,
mulinia,27.3583,Pliocene,,,,
mulinia,27.3583,Pliocene,,,,
chama,27.3583,Pliocene,,,,
chama,27.3583,Pliocene,,,,
mulinia,27.233526,Pliocene,,,,
chama,27.366642,Pliocene,,,,
chama,27.366642,Pliocene,,,,
chama,27.366642,Pliocene,,,,
crepidula,27.366642,Pliocene,,,,
crepidula,27.366642,Pliocene,,,,
mulinia,27.366642,Pliocene,,,,
chesapecten,27.366642,Pliocene,,,,
mulinia,27.366642,Pliocene,,,,
mulinia,27.366642,Pliocene,,,,
chesapecten,27.366642,Pliocene,,,,
chesapecten,27.366642,Pliocene,,,,
parvilucina,27.366642,Pliocene,,,,
chesapecten,27.366642,Pliocene,,,,
chesapecten,27.366642,Pliocene,,,,
chesapecten,27.366642,Pliocene,,,,
chesapecten,27.366642,Pliocene,,,,
chesapecten,27.366642,Pliocene,,,,
chesapecten,27.366642,Pliocene,,,,
astarte,37.229029,Pliocene,,,,
cyclocardia,37.229029,Pliocene,,,,
noetia,37.229029,Pliocene,,,,
chama,37.229029,Pliocene,,,,
chesapecten,37.229029,Pliocene,,,,
mulinia,37.229029,Pliocene,,,,
astarte,37.229029,Pliocene,,,,
crepidula,37.229029,Pliocene,,,,
chama,37.229029,Pliocene,,,,
chesapecten,26.878706,Pliocene,,,,
chama,25.7655,Pliocene,,,,
chama,25.7655,Pliocene,,,,
chesapecten,27.043546,Pliocene,,,,
chesapecten,27.043546,Pliocene,,,,
crepidula,30.410829,Pliocene,,,,
crepidula,27.3125,Pliocene,,,,
crepidula,27.366642,Pliocene,,,,
parvilucina,26.9651,Pliocene,,,,
crepidula,26.9651,Pliocene,,,,
parvilucina,27.361199,Pliocene,,,,
crepidula,27.361199,Pliocene,,,,
chama,27.361199,Pliocene,,,,
crepidula,27.361199,Pliocene,,,,
crepidula,27.361199,Pliocene,,,,
crepidula,27.361199,Pliocene,,,,
crepidula,27.361199,Pliocene,,,,
crepidula,27.361199,Pliocene,,,,
crepidula,27.361199,Pliocene,,,,
crepidula,27.361199,Pliocene,,,,
chesapecten,27.366642,Pliocene,,,,
chesapecten,27.366642,Pliocene,,,,
astarte,27.366642,Pliocene,,,,
cyclocardia,27.366642,Pliocene,,,,
astarte,27.366642,Pliocene,,,,
crepidula,27.366642,Pliocene,,,,
chama,27.366642,Pliocene,,,,
chama,27.366642,Pliocene,,,,
crepidula,27.366642,Pliocene,,,,
mulinia,27.366642,Pliocene,,,,
crepidula,27.366642,Pliocene,,,,
mulinia,27.366642,Pliocene,,,,
mulinia,27.366642,Pliocene,,,,
crepidula,27.366642,Pliocene,,,,
astarte,27.366642,Pliocene,,,,
astarte,27.366642,Pliocene,,,,
mulinia,27.366642,Pliocene,,,,
mulinia,27.366642,Pliocene,,,,
cyclocardia,27.366642,Pliocene,,,,
cyclocardia,27.366642,Pliocene,,,,
parvilucina,27.366642,Pliocene,,,,
cyclocardia,27.366642,Pliocene,,,,
noetia,27.366642,Pliocene,,,,
parvilucina,27.366642,Pliocene,,,,
chama,27.366642,Pliocene,,,,
chesapecten,27.366642,Pliocene,,,,
chama,27.366642,Pliocene,,,,
mulinia,27.366642,Pliocene,,,,
crepidula,27.366642,Pliocene,,,,
mulinia,27.366642,Pliocene,,,,
astarte,27.366642,Pliocene,,,,
mulinia,27.366642,Pliocene,,,,
mulinia,27.366642,Pliocene,,,,
noetia,27.366642,Pliocene,,,,
noetia,27.366642,Pliocene,,,,
noetia,27.366642,Pliocene,,,,
chama,27.366642,Pliocene,,,,
chesapecten,27.366642,Pliocene,,,,
cyclocardia,27.361199,Pliocene,,,,
chesapecten,27.361199,Pliocene,,,,
chama,27.361199,Pliocene,,,,
chama,27.366642,Pliocene,,,,
chesapecten,27.366642,Pliocene,,,,
crepidula,27.366642,Pliocene,,,,
chesapecten,27.361199,Pliocene,,,,
chesapecten,27.361199,Pliocene,,,,
crepidula,27.361199,Pliocene,,,,
mulinia,27.361199,Pliocene,,,,
chama,27.361199,Pliocene,,,,
chesapecten,27.361199,Pliocene,,,,
chesapecten,27.361199,Pliocene,,,,
chama,27.361199,Pliocene,,,,
crepidula,27.361199,Pliocene,,,,
mulinia,27.361199,Pliocene,,,,
crepidula,27.361199,Pliocene,,,,
cyclocardia,27.366642,Pliocene,,,,
chesapecten,27.366642,Pliocene,,,,
chama,27.366642,Pliocene,,,,
chama,27.366642,Pliocene,,,,
chama,27.366642,Pliocene,,,,
chama,27.366642,Pliocene,,,,
chama,27.366642,Pliocene,,,,
chama,27.366642,Pliocene,,,,
chama,27.366642,Pliocene,,,,
chama,27.366642,Pliocene,,,,
chama,27.366642,Pliocene,,,,
chama,27.366642,Pliocene,,,,
chesapecten,27.366642,Pliocene,,,,
astarte,27.366642,Pliocene,,,,
chesapecten,27.366642,Pliocene,,,,
chesapecten,27.366642,Pliocene,,,,
noetia,27.366642,Pliocene,,,,
chesapecten,27.366642,Pliocene,,,,
chama,27.366642,Pliocene,,,,
chama,27.366642,Pliocene,,,,
chesapecten,27.366642,Pliocene,,,,
chesapecten,27.366642,Pliocene,,,,
chesapecten,27.366642,Pliocene,,,,
chesapecten,27.366642,Pliocene,,,,
chesapecten,27.366642,Pliocene,,,,
chesapecten,27.366642,Pliocene,,,,
chesapecten,27.366642,Pliocene,,,,
chama,27.366642,Pliocene,,,,
noetia,27.366642,Pliocene,,,,
chesapecten,27.361199,Pliocene,,,,
chesapecten,27.361199,Pliocene,,,,
chesapecten,27.361199,Pliocene,,,,
chesapecten,27.361199,Pliocene,,,,
chesapecten,27.361199,Pliocene,,,,
chesapecten,27.361199,Pliocene,,,,
chesapecten,27.361199,Pliocene,,,,
chesapecten,27.361199,Pliocene,,,,
chesapecten,27.366642,Pliocene,,,,
chesapecten,27.361199,Pliocene,,,,
chesapecten,27.361199,Pliocene,,,,
chesapecten,27.361199,Pliocene,,,,
chesapecten,27.361199,Pliocene,,,,
crepidula,27.366642,Pliocene,,,,
mulinia,27.366642,Pliocene,,,,
chama,27.366642,Pliocene,,,,
mulinia,27.366642,Pliocene,,,,
mulinia,27.366642,Pliocene,,,,
crepidula,27.366642,Pliocene,,,,
crepidula,27.366642,Pliocene,,,,
mulinia,27.366642,Pliocene,,,,
mulinia,27.366642,Pliocene,,,,
chama,27.366642,Pliocene,,,,
chama,27.366642,Pliocene,,,,
chama,27.366642,Pliocene,,,,
mulinia,27.366642,Pliocene,,,,
mulinia,27.366642,Pliocene,,,,
mulinia,27.366642,Pliocene,,,,
mulinia,27.366642,Pliocene,,,,
mulinia,27.366642,Pliocene,,,,
mulinia,27.366642,Pliocene,,,,
mulinia,25.385039,Pliocene,,,,
chama,25.385039,Pliocene,,,,
chama,25.385039,Pliocene,,,,
crepidula,25.385039,Pliocene,,,,
chama,27.366642,Pliocene,,,,
crepidula,27.366642,Pliocene,,,,
chama,27.366642,Pliocene,,,,
chama,27.366642,Pliocene,,,,
crepidula,27.361199,Pliocene,,,,
noetia,27.366642,Pliocene,,,,
chama,27.366642,Pliocene,,,,
chama,27.366642,Pliocene,,,,
cyclocardia,27.366642,Pliocene,,,,
cyclocardia,27.366642,Pliocene,,,,
astarte,27.366642,Pliocene,,,,
astarte,27.366642,Pliocene,,,,
chama,27.366642,Pliocene,,,,
chama,27.366642,Pliocene,,,,
chama,27.366642,Pliocene,,,,
chama,27.366642,Pliocene,,,,
mulinia,27.366642,Pliocene,,,,
cyclocardia,27.366642,Pliocene,,,,
crepidula,27.366642,Pliocene,,,,
mulinia,27.366642,Pliocene,,,,
mulinia,27.366642,Pliocene,,,,
chama,27.366642,Pliocene,,,,
noetia,27.366642,Pliocene,,,,
mulinia,27.366642,Pliocene,,,,
chama,27.366642,Pliocene,,,,
chama,27.366642,Pliocene,,,,
crepidula,27.366642,Pliocene,,,,
mulinia,27.366642,Pliocene,,,,
mulinia,27.366642,Pliocene,,,,
mulinia,27.366642,Pliocene,,,,
mulinia,26.878706,Pliocene,,,,
crepidula,26.878706,Pliocene,,,,
chesapecten,27.366642,Pliocene,,,,
chesapecten,27.366642,Pliocene,,,,
mulinia,26.878706,Pliocene,,,,
crepidula,26.878706,Pliocene,,,,
mulinia,27.361199,Pliocene,,,,
chama,25.7655,Pliocene,,,,
cyclocardia,27.361199,Pliocene,,,,
crepidula,25.7655,Pliocene,,,,
crepidula,25.7655,Pliocene,,,,
chesapecten,27.366642,Pliocene,,,,
astarte,27.366642,Pliocene,,,,
astarte,26.285328,Pliocene,,,,
crepidula,26.285328,Pliocene,,,,
astarte,26.285328,Pliocene,,,,
crepidula,26.285328,Pliocene,,,,
cyclocardia,27.361199,Pliocene,,,,
astarte,27.361199,Pliocene,,,,
astarte,30.4642,Pliocene,,,,
crepidula,26.285328,Pliocene,,,,
crepidula,26.285328,Pliocene,,,,
parvilucina,26.285328,Pliocene,,,,
parvilucina,26.285328,Pliocene,,,,
chama,26.285328,Pliocene,,,,
crepidula,27.361199,Pliocene,,,,
crepidula,27.361199,Pliocene,,,,
chama,27.361199,Pliocene,,,,
noetia,27.361199,Pliocene,,,,
cyclocardia,27.361199,Pliocene,,,,
chesapecten,27.361199,Pliocene,,,,
crepidula,27.4,Pliocene,,,,
mulinia,27.4,Pliocene,,,,
crepidula,27.4,Pliocene,,,,
crepidula,27.4,Pliocene,,,,
crepidula,27.4,Pliocene,,,,
chama,27.366642,Pliocene,,,,
mulinia,27.366642,Pliocene,,,,
mulinia,27.366642,Pliocene,,,,
chama,27.366642,Pliocene,,,,
crepidula,27.366642,Pliocene,,,,
chama,27.366642,Pliocene,,,,
crepidula,27.366642,Pliocene,,,,
crepidula,27.366642,Pliocene,,,,
mulinia,27.366642,Pliocene,,,,
chama,27.366642,Pliocene,,,,
mulinia,27.366642,Pliocene,,,,
mulinia,27.366642,Pliocene,,,,
astarte,27.366642,Pliocene,,,,
chama,27.366642,Pliocene,,,,
mulinia,27.361199,Pliocene,,,,
chama,27.361199,Pliocene,,,,
mulinia,27.361199,Pliocene,,,,
chama,27.361199,Pliocene,,,,
chama,27.361199,Pliocene,,,,
chama,27.361199,Pliocene,,,,
chama,27.361199,Pliocene,,,,
chama,27.361199,Pliocene,,,,
chama,27.361199,Pliocene,,,,
chama,27.361199,Pliocene,,,,
chesapecten,27.361199,Pliocene,,,,
chesapecten,27.361199,Pliocene,,,,
chesapecten,27.366642,Pliocene,,,,
chesapecten,27.361199,Pliocene,,,,
noetia,27.029723,Pliocene,,,,
crepidula,27.029723,Pliocene,,,,
spisula,27.029723,Pliocene,,,,
chama,27.053626,Pliocene,,,,
noetia,27.053626,Pliocene,,,,
crepidula,27.053626,Pliocene,,,,
crepidula,27.053626,Pliocene,,,,
chama,26.2759,Pliocene,,,,
chesapecten,26.914218,Pliocene,,,,
chama,26.2759,Pliocene,,,,
chama,26.2759,Pliocene,,,,
chama,26.2759,Pliocene,,,,
chama,26.2759,Pliocene,,,,
chesapecten,27.3583,Pliocene,,,,
crepidula,27.038599,Pliocene,,,,
noetia,27.038599,Pliocene,,,,
modiolus,27.038599,Pliocene,,,,
crepidula,27.038599,Pliocene,,,,
modiolus,27.361199,Pliocene,,,,
crepidula,27.361199,Pliocene,,,,
chama,27.361199,Pliocene,,,,
cyclocardia,27.366642,Pliocene,,,,
modiolus,27.366642,Pliocene,,,,
chama,27.3583,Pliocene,,,,
chama,27.3583,Pliocene,,,,
chama,27.3583,Pliocene,,,,
chama,27.3583,Pliocene,,,,
modiolus,27.038599,Pliocene,,,,
chama,27.038599,Pliocene,,,,
cyclocardia,27.361199,Pliocene,,,,
chesapecten,27.361199,Pliocene,,,,
mulinia,27.361199,Pliocene,,,,
chesapecten,27.361199,Pliocene,,,,
chama,27.366642,Pliocene,,,,
crepidula,27.366642,Pliocene,,,,
chama,27.366642,Pliocene,,,,
crepidula,27.366642,Pliocene,,,,
cyclocardia,27.366642,Pliocene,,,,
mulinia,27.366642,Pliocene,,,,
astarte,27.366642,Pliocene,,,,
parvilucina,27.361199,Pliocene,,,,
parvilucina,27.361199,Pliocene,,,,
mulinia,27.361199,Pliocene,,,,
crepidula,26.1681,Pliocene,,,,
mulinia,26.1681,Pliocene,,,,
mulinia,26.1681,Pliocene,,,,
mulinia,26.1681,Pliocene,,,,
mulinia,26.1681,Pliocene,,,,
crepidula,26.1681,Pliocene,,,,
crepidula,26.1681,Pliocene,,,,
chama,26.1681,Pliocene,,,,
parvilucina,26.1681,Pliocene,,,,
mulinia,26.1681,Pliocene,,,,
mulinia,26.1681,Pliocene,,,,
crepidula,26.1681,Pliocene,,,,
mulinia,26.1681,Pliocene,,,,
mulinia,26.1681,Pliocene,,,,
parvilucina,26.1681,Pliocene,,,,
parvilucina,27.366642,Pliocene,,,,
chesapecten,27.366642,Pliocene,,,,
chesapecten,27.366642,Pliocene,,,,
parvilucina,27.366642,Pliocene,,,,
mulinia,27.366642,Pliocene,,,,
crepidula,26.878706,Pliocene,,,,
crepidula,26.878706,Pliocene,,,,
mulinia,26.878706,Pliocene,,,,
mulinia,26.878706,Pliocene,,,,
chesapecten,27.361199,Pliocene,,,,
crepidula,27.270925,Pliocene,,,,
mulinia,27.270925,Pliocene,,,,
mulinia,27.270925,Pliocene,,,,
mulinia,27.270925,Pliocene,,,,
parvilucina,27.270925,Pliocene,,,,
chama,27.270925,Pliocene,,,,
crepidula,27.270925,Pliocene,,,,
crepidula,27.270925,Pliocene,,,,
parvilucina,27.270925,Pliocene,,,,
crepidula,27.270925,Pliocene,,,,
crepidula,27.270925,Pliocene,,,,
crepidula,27.270925,Pliocene,,,,
crepidula,27.270925,Pliocene,,,,
parvilucina,27.270925,Pliocene,,,,
mulinia,27.366642,Pliocene,,,,
parvilucina,27.366642,Pliocene,,,,
crepidula,27.366642,Pliocene,,,,
parvilucina,27.366642,Pliocene,,,,
mulinia,27.366642,Pliocene,,,,
parvilucina,27.366642,Pliocene,,,,
parvilucina,27.361199,Pliocene,,,,
parvilucina,27.361199,Pliocene,,,,
mulinia,27.366642,Pliocene,,,,
parvilucina,27.366642,Pliocene,,,,
mulinia,27.366642,Pliocene,,,,
chesapecten,27.361199,Pliocene,,,,
crepidula,27.270925,Pliocene,,,,
chama,27.366642,Pliocene,,,,
mulinia,27.361199,Pliocene,,,,
mulinia,27.366642,Pliocene,,,,
crepidula,27.4,Pliocene,,,,
noetia,27.4,Pliocene,,,,
astarte,30.386591,Pliocene,,,,
cyclocardia,30.386591,Pliocene,,,,
crepidula,27.361199,Pliocene,,,,
mulinia,27.361199,Pliocene,,,,
parvilucina,27.361199,Pliocene,,,,
astarte,27.361199,Pliocene,,,,
mulinia,27.361199,Pliocene,,,,
chama,27.361199,Pliocene,,,,
astarte,27.361199,Pliocene,,,,
mulinia,27.361199,Pliocene,,,,
crepidula,27.361199,Pliocene,,,,
cyclocardia,27.361199,Pliocene,,,,
chama,27.361199,Pliocene,,,,
chama,27.361199,Pliocene,,,,
chama,27.361199,Pliocene,,,,
crepidula,27.361199,Pliocene,,,,
crepidula,27.361199,Pliocene,,,,
noetia,27.361199,Pliocene,,,,
parvilucina,27.361199,Pliocene,,,,
noetia,27.361199,Pliocene,,,,
parvilucina,27.361199,Pliocene,,,,
crepidula,35.344367,Pliocene,,,,
crepidula,35.344367,Pliocene,,,,
chesapecten,35.344367,Pliocene,,,,
chesapecten,35.344367,Pliocene,,,,
chesapecten,35.344367,Pliocene,,,,
noetia,35.344367,Pliocene,,,,
astarte,35.344367,Pliocene,,,,
cyclocardia,35.344367,Pliocene,,,,
modiolus,35.344367,Pliocene,,,,
cyclocardia,35.344367,Pliocene,,,,
chama,27.361199,Pliocene,,,,
mulinia,27.361199,Pliocene,,,,
chama,27.361199,Pliocene,,,,
chama,27.361199,Pliocene,,,,
crepidula,27.361199,Pliocene,,,,
crepidula,27.361199,Pliocene,,,,
chama,27.361199,Pliocene,,,,
parvilucina,27.361199,Pliocene,,,,
chesapecten,27.366642,Pliocene,,,,
chama,27.366642,Pliocene,,,,
chama,27.366642,Pliocene,,,,
crepidula,27.366642,Pliocene,,,,
crepidula,27.366642,Pliocene,,,,
crepidula,27.366642,Pliocene,,,,
chesapecten,35.344367,Pliocene,,,,
noetia,26.2759,Pliocene,,,,
noetia,26.2759,Pliocene,,,,
crepidula,26.2759,Pliocene,,,,
chama,26.724783,Pliocene,,,,
crepidula,26.724783,Pliocene,,,,
chama,27.038599,Pliocene,,,,
chama,27.038599,Pliocene,,,,
chama,27.038599,Pliocene,,,,
chama,27.038599,Pliocene,,,,
chama,27.038599,Pliocene,,,,
chama,27.366642,Pliocene,,,,
mulinia,27.366642,Pliocene,,,,
crepidula,27.366642,Pliocene,,,,
crepidula,27.366642,Pliocene,,,,
chama,27.366642,Pliocene,,,,
chama,27.366642,Pliocene,,,,
parvilucina,27.366642,Pliocene,,,,
crepidula,27.366642,Pliocene,,,,
crepidula,27.3125,Pliocene,,,,
crepidula,27.3125,Pliocene,,,,
crepidula,27.3125,Pliocene,,,,
mulinia,27.3125,Pliocene,,,,
mulinia,27.3125,Pliocene,,,,
cyclocardia,27.3125,Pliocene,,,,
crepidula,27.3125,Pliocene,,,,
crepidula,27.3125,Pliocene,,,,
noetia,27.3125,Pliocene,,,,
crepidula,27.3125,Pliocene,,,,
mulinia,27.3125,Pliocene,,,,
mulinia,27.3125,Pliocene,,,,
mulinia,27.3125,Pliocene,,,,
mulinia,27.3125,Pliocene,,,,
astarte,27.3125,Pliocene,,,,
crepidula,27.3125,Pliocene,,,,
chama,27.3125,Pliocene,,,,
crepidula,27.3125,Pliocene,,,,
crepidula,27.3125,Pliocene,,,,
crepidula,27.3125,Pliocene,,,,
crepidula,27.3125,Pliocene,,,,
mulinia,26.1681,Pliocene,,,,
crepidula,26.1681,Pliocene,,,,
chama,26.1681,Pliocene,,,,
mulinia,26.1681,Pliocene,,,,
mulinia,25.725979,Pliocene,,,,
crepidula,25.725979,Pliocene,,,,
crepidula,25.725979,Pliocene,,,,
crepidula,27.3041,Pliocene,,,,
crepidula,27.3041,Pliocene,,,,
crepidula,27.3125,Pliocene,,,,
crepidula,27.3041,Pliocene,,,,
crepidula,27.3041,Pliocene,,,,
crepidula,27.3041,Pliocene,,,,
crepidula,27.3041,Pliocene,,,,
crepidula,27.3041,Pliocene,,,,
mulinia,27.3041,Pliocene,,,,
crepidula,27.3041,Pliocene,,,,
crepidula,27.3041,Pliocene,,,,
crepidula,27.3041,Pliocene,,,,
crepidula,27.3041,Pliocene,,,,
noetia,27.3041,Pliocene,,,,
noetia,27.3041,Pliocene,,,,
astarte,27.3041,Pliocene,,,,
crepidula,27.3041,Pliocene,,,,
crepidula,27.3041,Pliocene,,,,
crepidula,27.3041,Pliocene,,,,
chama,27.3041,Pliocene,,,,
mulinia,27.3125,Pliocene,,,,
noetia,27.292966,Pliocene,,,,
mulinia,27.292966,Pliocene,,,,
crepidula,26.1681,Pliocene,,,,
mulinia,26.1681,Pliocene,,,,
parvilucina,27.3041,Pliocene,,,,
crepidula,27.3041,Pliocene,,,,
crepidula,27.3041,Pliocene,,,,
crepidula,27.3041,Pliocene,,,,
crepidula,27.3041,Pliocene,,,,
crepidula,27.292966,Pliocene,,,,
noetia,27.292966,Pliocene,,,,
astarte,27.292966,Pliocene,,,,
mulinia,27.292966,Pliocene,,,,
crepidula,27.292966,Pliocene,,,,
astarte,27.3307,Pliocene,,,,
mulinia,27.3307,Pliocene,,,,
crepidula,27.3307,Pliocene,,,,
noetia,27.3307,Pliocene,,,,
chama,27.3307,Pliocene,,,,
crepidula,27.3307,Pliocene,,,,
crepidula,27.3307,Pliocene,,,,
crepidula,27.3307,Pliocene,,,,
crepidula,27.3307,Pliocene,,,,
crepidula,27.3307,Pliocene,,,,
parvilucina,27.3307,Pliocene,,,,
astarte,27.3307,Pliocene,,,,
noetia,27.3307,Pliocene,,,,
mulinia,27.3307,Pliocene,,,,
mulinia,27.3307,Pliocene,,,,
cyclocardia,27.3307,Pliocene,,,,
astarte,27.3307,Pliocene,,,,
mulinia,27.3307,Pliocene,,,,
astarte,27.3307,Pliocene,,,,
noetia,27.32421,Pliocene,,,,
crepidula,27.32421,Pliocene,,,,
crepidula,27.32421,Pliocene,,,,
mulinia,27.32421,Pliocene,,,,
noetia,27.32421,Pliocene,,,,
crepidula,27.32421,Pliocene,,,,
crepidula,27.32421,Pliocene,,,,
astarte,27.32421,Pliocene,,,,
mulinia,27.32421,Pliocene,,,,
crepidula,27.32421,Pliocene,,,,
astarte,27.32421,Pliocene,,,,
crepidula,27.32421,Pliocene,,,,
crepidula,27.32421,Pliocene,,,,
crepidula,27.32421,Pliocene,,,,
crepidula,27.32421,Pliocene,,,,
mulinia,27.32421,Pliocene,,,,
chama,27.366642,Pliocene,,,,
mulinia,27.366642,Pliocene,,,,
cyclocardia,27.366642,Pliocene,,,,
astarte,27.366642,Pliocene,,,,
mulinia,26.1681,Pliocene,,,,
chama,27.361199,Pliocene,,,,
astarte,27.361199,Pliocene,,,,
chesapecten,27.361199,Pliocene,,,,
chesapecten,27.361199,Pliocene,,,,
chesapecten,27.361199,Pliocene,,,,
chesapecten,27.361199,Pliocene,,,,
mulinia,27.361199,Pliocene,,,,
chama,27.361199,Pliocene,,,,
chama,27.361199,Pliocene,,,,
cyclocardia,27.361199,Pliocene,,,,
astarte,27.361199,Pliocene,,,,
parvilucina,27.361199,Pliocene,,,,
astarte,35.344367,Pliocene,,,,
astarte,35.344367,Pliocene,,,,
cyclocardia,35.344367,Pliocene,,,,
cyclocardia,35.344367,Pliocene,,,,
chesapecten,35.344367,Pliocene,,,,
noetia,35.344367,Pliocene,,,,
astarte,35.344367,Pliocene,,,,
chama,27.361199,Pliocene,,,,
chama,26.1681,Pliocene,,,,
mulinia,27.830905,Pliocene,,,,
crepidula,27.830905,Pliocene,,,,
noetia,27.830905,Pliocene,,,,
crepidula,27.830905,Pliocene,,,,
crepidula,27.830905,Pliocene,,,,
noetia,27.830905,Pliocene,,,,
parvilucina,27.830905,Pliocene,,,,
noetia,27.32421,Pliocene,,,,
parvilucina,27.830905,Pliocene,,,,
mulinia,27.830905,Pliocene,,,,
noetia,27.830905,Pliocene,,,,
crepidula,27.32421,Pliocene,,,,
mulinia,27.32421,Pliocene,,,,
noetia,27.32421,Pliocene,,,,
noetia,27.32421,Pliocene,,,,
crepidula,27.368032,Pliocene,,,,
crepidula,30.3876,Pliocene,,,,
crepidula,30.3876,Pliocene,,,,
parvilucina,30.3876,Pliocene,,,,
noetia,30.3876,Pliocene,,,,
crepidula,30.3876,Pliocene,,,,
parvilucina,30.3876,Pliocene,,,,
crepidula,30.3876,Pliocene,,,,
astarte,30.3876,Pliocene,,,,
crepidula,30.3876,Pliocene,,,,
crepidula,30.3876,Pliocene,,,,
crepidula,30.3876,Pliocene,,,,
crepidula,30.3876,Pliocene,,,,
astarte,30.3876,Pliocene,,,,
mulinia,27.830905,Pliocene,,,,
astarte,30.3876,Pliocene,,,,
astarte,30.3876,Pliocene,,,,
noetia,30.3876,Pliocene,,,,
parvilucina,30.3876,Pliocene,,,,
parvilucina,30.3876,Pliocene,,,,
chama,30.3876,Pliocene,,,,
mulinia,30.3876,Pliocene,,,,
crepidula,26.1681,Pliocene,,,,
mulinia,26.1681,Pliocene,,,,
noetia,26.1681,Pliocene,,,,
modiolus,26.1681,Pliocene,,,,
crepidula,26.1681,Pliocene,,,,
chama,26.1681,Pliocene,,,,
astarte,30.3876,Pliocene,,,,
astarte,30.3876,Pliocene,,,,
chama,30.3876,Pliocene,,,,
astarte,30.3876,Pliocene,,,,
chama,30.3876,Pliocene,,,,
parvilucina,30.3876,Pliocene,,,,
chama,30.3876,Pliocene,,,,
chama,30.3876,Pliocene,,,,
chama,30.3876,Pliocene,,,,
mulinia,30.3876,Pliocene,,,,
spisula,30.3876,Pliocene,,,,
spisula,30.3876,Pliocene,,,,
mulinia,30.3876,Pliocene,,,,
mulinia,30.3876,Pliocene,,,,
chama,30.3876,Pliocene,,,,
crepidula,30.3876,Pliocene,,,,
modiolus,30.3876,Pliocene,,,,
mulinia,30.3876,Pliocene,,,,
mulinia,30.3876,Pliocene,,,,
parvilucina,30.3876,Pliocene,,,,
parvilucina,30.3876,Pliocene,,,,
parvilucina,30.3876,Pliocene,,,,
parvilucina,30.3876,Pliocene,,,,
parvilucina,30.3876,Pliocene,,,,
mulinia,30.3876,Pliocene,,,,
spisula,30.3876,Pliocene,,,,
chama,30.391421,Pliocene,,,,
crepidula,30.391421,Pliocene,,,,
astarte,30.391421,Pliocene,,,,
astarte,30.391421,Pliocene,,,,
astarte,30.391421,Pliocene,,,,
parvilucina,30.391421,Pliocene,,,,
crepidula,30.391421,Pliocene,,,,
crepidula,30.391421,Pliocene,,,,
cyclocardia,30.391421,Pliocene,,,,
spisula,30.391421,Pliocene,,,,
spisula,30.391421,Pliocene,,,,
cyclocardia,30.391421,Pliocene,,,,
cyclocardia,30.391421,Pliocene,,,,
mulinia,30.391421,Pliocene,,,,
parvilucina,30.391421,Pliocene,,,,
crepidula,30.391421,Pliocene,,,,
chama,30.391421,Pliocene,,,,
mulinia,30.391421,Pliocene,,,,
mulinia,30.3876,Pliocene,,,,
astarte,30.3876,Pliocene,,,,
noetia,30.3876,Pliocene,,,,
crepidula,30.3876,Pliocene,,,,
cyclocardia,30.3876,Pliocene,,,,
astarte,30.3876,Pliocene,,,,
astarte,30.3876,Pliocene,,,,
crepidula,30.386591,Pliocene,,,,
noetia,30.386591,Pliocene,,,,
mulinia,30.386591,Pliocene,,,,
crepidula,30.386591,Pliocene,,,,
spisula,30.386591,Pliocene,,,,
chama,30.386591,Pliocene,,,,
parvilucina,30.386591,Pliocene,,,,
crepidula,30.386591,Pliocene,,,,
mulinia,30.386591,Pliocene,,,,
cyclocardia,30.386591,Pliocene,,,,
astarte,30.386591,Pliocene,,,,
cyclocardia,30.386591,Pliocene,,,,
crepidula,30.386591,Pliocene,,,,
cyclocardia,30.386591,Pliocene,,,,
astarte,30.386591,Pliocene,,,,
spisula,30.386591,Pliocene,,,,
parvilucina,30.386591,Pliocene,,,,
astarte,30.386591,Pliocene,,,,
crepidula,30.386591,Pliocene,,,,
chama,30.386591,Pliocene,,,,
crepidula,30.386591,Pliocene,,,,
noetia,30.391421,Pliocene,,,,
mulinia,30.391421,Pliocene,,,,
spisula,30.386591,Pliocene,,,,
mulinia,30.391421,Pliocene,,,,
parvilucina,30.391421,Pliocene,,,,
parvilucina,30.391421,Pliocene,,,,
noetia,30.391421,Pliocene,,,,
cyclocardia,30.386591,Pliocene,,,,
crepidula,30.386591,Pliocene,,,,
crepidula,30.386591,Pliocene,,,,
cyclocardia,30.386591,Pliocene,,,,
crepidula,30.386591,Pliocene,,,,
mulinia,30.386591,Pliocene,,,,
chama,30.386591,Pliocene,,,,
chama,30.386591,Pliocene,,,,
astarte,30.386591,Pliocene,,,,
parvilucina,30.386591,Pliocene,,,,
crepidula,30.386591,Pliocene,,,,
mulinia,30.386591,Pliocene,,,,
crepidula,30.386591,Pliocene,,,,
astarte,30.386591,Pliocene,,,,
noetia,30.386591,Pliocene,,,,
chama,30.386591,Pliocene,,,,
spisula,30.386591,Pliocene,,,,
crepidula,30.386591,Pliocene,,,,
mulinia,30.386591,Pliocene,,,,
crepidula,30.386591,Pliocene,,,,
cyclocardia,30.386591,Pliocene,,,,
mulinia,30.386591,Pliocene,,,,
astarte,30.386591,Pliocene,,,,
crepidula,30.386591,Pliocene,,,,
crepidula,30.386591,Pliocene,,,,
crepidula,30.388803,Pliocene,,,,
crepidula,30.4642,Pliocene,,,,
mulinia,30.4642,Pliocene,,,,
cyclocardia,30.4642,Pliocene,,,,
parvilucina,30.4642,Pliocene,,,,
mulinia,30.386591,Pliocene,,,,
crepidula,30.386591,Pliocene,,,,
astarte,30.386591,Pliocene,,,,
cyclocardia,30.386591,Pliocene,,,,
crepidula,30.4642,Pliocene,,,,
mulinia,30.4642,Pliocene,,,,
parvilucina,30.4642,Pliocene,,,,
crepidula,34.878384,Pliocene,,,,
noetia,34.878384,Pliocene,,,,
astarte,34.878384,Pliocene,,,,
crepidula,34.878384,Pliocene,,,,
mulinia,34.878384,Pliocene,,,,
astarte,34.878384,Pliocene,,,,
parvilucina,34.878384,Pliocene,,,,
astarte,34.878384,Pliocene,,,,
crepidula,34.878384,Pliocene,,,,
crepidula,34.878384,Pliocene,,,,
crepidula,34.878384,Pliocene,,,,
crepidula,34.878384,Pliocene,,,,
crepidula,34.878384,Pliocene,,,,
cyclocardia,34.878384,Pliocene,,,,
crepidula,34.878384,Pliocene,,,,
parvilucina,34.878384,Pliocene,,,,
astarte,34.878384,Pliocene,,,,
mulinia,34.878384,Pliocene,,,,
crepidula,34.878384,Pliocene,,,,
cyclocardia,34.878384,Pliocene,,,,
mulinia,34.878384,Pliocene,,,,
spisula,34.878384,Pliocene,,,,
noetia,34.878384,Pliocene,,,,
mulinia,34.878384,Pliocene,,,,
astarte,34.878384,Pliocene,,,,
mulinia,34.878384,Pliocene,,,,
parvilucina,34.878384,Pliocene,,,,
parvilucina,34.878384,Pliocene,,,,
spisula,34.878384,Pliocene,,,,
cyclocardia,34.878384,Pliocene,,,,
parvilucina,34.878384,Pliocene,,,,
cyclocardia,34.878384,Pliocene,,,,
mulinia,34.878384,Pliocene,,,,
chama,34.878384,Pliocene,,,,
cyclocardia,34.878384,Pliocene,,,,
mulinia,34.878384,Pliocene,,,,
astarte,34.878384,Pliocene,,,,
astarte,34.878384,Pliocene,,,,
cyclocardia,34.878384,Pliocene,,,,
chama,34.878384,Pliocene,,,,
noetia,34.878384,Pliocene,,,,
spisula,34.878384,Pliocene,,,,
mulinia,34.878384,Pliocene,,,,
mulinia,34.878384,Pliocene,,,,
astarte,34.878384,Pliocene,,,,
noetia,34.878384,Pliocene,,,,
noetia,34.878384,Pliocene,,,,
astarte,34.878384,Pliocene,,,,
cyclocardia,34.878384,Pliocene,,,,
cyclocardia,34.878384,Pliocene,,,,
cyclocardia,34.878384,Pliocene,,,,
cyclocardia,34.878384,Pliocene,,,,
cyclocardia,34.878384,Pliocene,,,,
crepidula,34.878384,Pliocene,,,,
astarte,34.878384,Pliocene,,,,
noetia,34.878384,Pliocene,,,,
crepidula,34.878384,Pliocene,,,,
chama,34.878384,Pliocene,,,,
crepidula,34.878384,Pliocene,,,,
astarte,34.878384,Pliocene,,,,
astarte,34.878384,Pliocene,,,,
crepidula,34.878384,Pliocene,,,,
noetia,34.878384,Pliocene,,,,
cyclocardia,34.878384,Pliocene,,,,
crepidula,34.878384,Pliocene,,,,
astarte,34.878384,Pliocene,,,,
astarte,34.878384,Pliocene,,,,
astarte,34.878384,Pliocene,,,,
crepidula,34.878384,Pliocene,,,,
mulinia,34.878384,Pliocene,,,,
cyclocardia,34.878384,Pliocene,,,,
noetia,34.878384,Pliocene,,,,
noetia,34.878384,Pliocene,,,,
crepidula,34.878384,Pliocene,,,,
crepidula,34.878384,Pliocene,,,,
chama,34.878384,Pliocene,,,,
astarte,34.878384,Pliocene,,,,
chama,34.878384,Pliocene,,,,
cyclocardia,34.878384,Pliocene,,,,
chama,34.878384,Pliocene,,,,
cyclocardia,30.386591,Pliocene,,,,
astarte,30.386591,Pliocene,,,,
noetia,30.386591,Pliocene,,,,
crepidula,30.386591,Pliocene,,,,
mulinia,30.386591,Pliocene,,,,
parvilucina,30.386591,Pliocene,,,,
astarte,30.386591,Pliocene,,,,
spisula,30.386591,Pliocene,,,,
noetia,30.386591,Pliocene,,,,
parvilucina,30.386591,Pliocene,,,,
astarte,30.386591,Pliocene,,,,
cyclocardia,30.386591,Pliocene,,,,
mulinia,30.386591,Pliocene,,,,
crepidula,30.386591,Pliocene,,,,
mulinia,27.361199,Pliocene,,,,
mulinia,27.361199,Pliocene,,,,
crepidula,27.361199,Pliocene,,,,
parvilucina,27.361199,Pliocene,,,,
crepidula,27.360528,Pliocene,,,,
crepidula,27.360528,Pliocene,,,,
mulinia,27.361199,Pliocene,,,,
mulinia,27.361199,Pliocene,,,,
crepidula,27.360528,Pliocene,,,,
crepidula,27.360528,Pliocene,,,,
mulinia,27.360528,Pliocene,,,,
mulinia,27.360528,Pliocene,,,,
crepidula,27.360528,Pliocene,,,,
mulinia,27.360528,Pliocene,,,,
crepidula,27.361199,Pliocene,,,,
crepidula,27.361199,Pliocene,,,,
mulinia,27.360528,Pliocene,,,,
crepidula,27.361199,Pliocene,,,,
crepidula,27.360528,Pliocene,,,,
crepidula,27.360528,Pliocene,,,,
chama,27.360528,Pliocene,,,,
mulinia,27.361199,Pliocene,,,,
mulinia,27.361199,Pliocene,,,,
parvilucina,27.361199,Pliocene,,,,
crepidula,27.361199,Pliocene,,,,
crepidula,27.361199,Pliocene,,,,
crepidula,27.361199,Pliocene,,,,
crepidula,27.361199,Pliocene,,,,
chama,26.881061,Pliocene,,,,
mulinia,26.881061,Pliocene,,,,
astarte,26.881061,Pliocene,,,,
parvilucina,26.881061,Pliocene,,,,
mulinia,26.881061,Pliocene,,,,
noetia,26.881061,Pliocene,,,,
chama,26.881061,Pliocene,,,,
mulinia,26.881061,Pliocene,,,,
mulinia,26.881061,Pliocene,,,,
mulinia,26.881061,Pliocene,,,,
mulinia,26.881061,Pliocene,,,,
mulinia,26.881061,Pliocene,,,,
chama,26.881061,Pliocene,,,,
crepidula,26.881061,Pliocene,,,,
crepidula,26.881061,Pliocene,,,,
crepidula,26.881061,Pliocene,,,,
crepidula,26.881061,Pliocene,,,,
crepidula,27.361199,Pliocene,,,,
cyclocardia,27.361199,Pliocene,,,,
astarte,27.361199,Pliocene,,,,
mulinia,27.361199,Pliocene,,,,
parvilucina,27.361199,Pliocene,,,,
crepidula,27.366642,Pliocene,,,,
crepidula,27.366642,Pliocene,,,,
crepidula,27.366642,Pliocene,,,,
crepidula,27.366642,Pliocene,,,,
crepidula,27.366642,Pliocene,,,,
chama,27.366642,Pliocene,,,,
crepidula,27.366642,Pliocene,,,,
crepidula,27.366642,Pliocene,,,,
noetia,27.366642,Pliocene,,,,
crepidula,27.366642,Pliocene,,,,
mulinia,27.366642,Pliocene,,,,
chama,27.366642,Pliocene,,,,
crepidula,27.366642,Pliocene,,,,
chama,27.366642,Pliocene,,,,
chama,27.366642,Pliocene,,,,
crepidula,27.366642,Pliocene,,,,
noetia,27.366642,Pliocene,,,,
mulinia,27.366642,Pliocene,,,,
crepidula,27.366642,Pliocene,,,,
crepidula,27.366642,Pliocene,,,,
crepidula,27.366642,Pliocene,,,,
crepidula,27.366642,Pliocene,,,,
crepidula,27.366642,Pliocene,,,,
noetia,27.366642,Pliocene,,,,
noetia,27.366642,Pliocene,,,,
mulinia,27.366642,Pliocene,,,,
chama,27.366642,Pliocene,,,,
crepidula,27.366642,Pliocene,,,,
noetia,27.366642,Pliocene,,,,
parvilucina,27.366642,Pliocene,,,,
crepidula,27.366642,Pliocene,,,,
crepidula,27.366642,Pliocene,,,,
chama,27.366642,Pliocene,,,,
mulinia,27.366642,Pliocene,,,,
chama,27.366642,Pliocene,,,,
crepidula,27.366642,Pliocene,,,,
crepidula,27.366642,Pliocene,,,,
crepidula,27.366642,Pliocene,,,,
chama,27.366642,Pliocene,,,,
chama,27.366642,Pliocene,,,,
mulinia,27.366642,Pliocene,,,,
crepidula,27.366642,Pliocene,,,,
crepidula,27.366642,Pliocene,,,,
crepidula,27.366642,Pliocene,,,,
crepidula,27.366642,Pliocene,,,,
crepidula,27.366642,Pliocene,,,,
crepidula,27.366642,Pliocene,,,,
chama,27.366642,Pliocene,,,,
chama,27.366642,Pliocene,,,,
crepidula,27.366642,Pliocene,,,,
crepidula,27.366642,Pliocene,,,,
crepidula,27.366642,Pliocene,,,,
chama,30.386591,Pliocene,,,,
cyclocardia,30.386591,Pliocene,,,,
mulinia,30.386591,Pliocene,,,,
parvilucina,30.386591,Pliocene,,,,
crepidula,27.366642,Pliocene,,,,
cyclocardia,27.366642,Pliocene,,,,
chama,27.366642,Pliocene,,,,
noetia,27.366642,Pliocene,,,,
chama,27.366642,Pliocene,,,,
mulinia,27.366642,Pliocene,,,,
chama,30.388803,Pliocene,,,,
chama,30.388803,Pliocene,,,,
parvilucina,30.388803,Pliocene,,,,
parvilucina,30.388803,Pliocene,,,,
mulinia,30.388803,Pliocene,,,,
noetia,30.388803,Pliocene,,,,
crepidula,27.395031,Pliocene,,,,
chama,27.395031,Pliocene,,,,
chama,27.395031,Pliocene,,,,
chama,27.395031,Pliocene,,,,
crepidula,27.395031,Pliocene,,,,
parvilucina,27.395031,Pliocene,,,,
mulinia,27.395031,Pliocene,,,,
mulinia,27.395031,Pliocene,,,,
chama,27.395031,Pliocene,,,,
chama,27.395031,Pliocene,,,,
crepidula,27.395031,Pliocene,,,,
crepidula,27.395031,Pliocene,,,,
crepidula,27.395031,Pliocene,,,,
crepidula,27.366642,Pliocene,,,,
chama,27.366642,Pliocene,,,,
parvilucina,27.366642,Pliocene,,,,
chama,27.366642,Pliocene,,,,
noetia,27.366642,Pliocene,,,,
crepidula,27.366642,Pliocene,,,,
crepidula,27.366642,Pliocene,,,,
crepidula,27.366642,Pliocene,,,,
crepidula,27.366642,Pliocene,,,,
crepidula,27.366642,Pliocene,,,,
crepidula,27.366642,Pliocene,,,,
crepidula,27.366642,Pliocene,,,,
chama,27.366642,Pliocene,,,,
crepidula,27.366642,Pliocene,,,,
crepidula,27.366642,Pliocene,,,,
crepidula,27.366642,Pliocene,,,,
crepidula,27.366642,Pliocene,,,,
crepidula,27.366642,Pliocene,,,,
crepidula,27.366642,Pliocene,,,,
crepidula,27.366642,Pliocene,,,,
chama,27.3708,Pliocene,,,,
modiolus,30.388043,Pliocene,,,,
astarte,30.388043,Pliocene,,,,
astarte,30.388043,Pliocene,,,,
cyclocardia,30.386591,Pliocene,,,,
astarte,30.386591,Pliocene,,,,
cyclocardia,30.386591,Pliocene,,,,
noetia,30.388043,Pliocene,,,,
crepidula,26.1681,Pliocene,,,,
cyclocardia,30.386591,Pliocene,,,,
cyclocardia,30.386591,Pliocene,,,,
cyclocardia,30.386591,Pliocene,,,,
cyclocardia,30.386591,Pliocene,,,,
cyclocardia,30.386591,Pliocene,,,,
cyclocardia,30.386591,Pliocene,,,,
cyclocardia,30.386591,Pliocene,,,,
cyclocardia,30.386591,Pliocene,,,,
cyclocardia,30.386591,Pliocene,,,,
cyclocardia,30.386591,Pliocene,,,,
cyclocardia,30.386591,Pliocene,,,,
cyclocardia,30.386591,Pliocene,,,,
cyclocardia,30.386591,Pliocene,,,,
mulinia,30.386591,Pliocene,,,,
mulinia,30.386591,Pliocene,,,,
mulinia,30.386591,Pliocene,,,,
mulinia,30.386591,Pliocene,,,,
mulinia,30.386591,Pliocene,,,,
mulinia,30.386591,Pliocene,,,,
mulinia,30.386591,Pliocene,,,,
mulinia,30.386591,Pliocene,,,,
mulinia,30.386591,Pliocene,,,,
parvilucina,30.386591,Pliocene,,,,
parvilucina,30.386591,Pliocene,,,,
parvilucina,30.386591,Pliocene,,,,
parvilucina,30.386591,Pliocene,,,,
parvilucina,30.386591,Pliocene,,,,
parvilucina,30.386591,Pliocene,,,,
parvilucina,30.386591,Pliocene,,,,
parvilucina,30.386591,Pliocene,,,,
parvilucina,30.386591,Pliocene,,,,
parvilucina,30.386591,Pliocene,,,,
parvilucina,30.386591,Pliocene,,,,
parvilucina,30.386591,Pliocene,,,,
parvilucina,30.386591,Pliocene,,,,
parvilucina,30.386591,Pliocene,,,,
parvilucina,30.386591,Pliocene,,,,
parvilucina,30.386591,Pliocene,,,,
parvilucina,30.386591,Pliocene,,,,
parvilucina,30.386591,Pliocene,,,,
parvilucina,30.386591,Pliocene,,,,
parvilucina,30.386591,Pliocene,,,,
parvilucina,30.386591,Pliocene,,,,
parvilucina,30.386591,Pliocene,,,,
parvilucina,30.386591,Pliocene,,,,
parvilucina,30.386591,Pliocene,,,,
parvilucina,30.386591,Pliocene,,,,
parvilucina,30.386591,Pliocene,,,,
parvilucina,30.386591,Pliocene,,,,
parvilucina,30.386591,Pliocene,,,,
parvilucina,30.386591,Pliocene,,,,
parvilucina,30.386591,Pliocene,,,,
parvilucina,30.386591,Pliocene,,,,
parvilucina,30.386591,Pliocene,,,,
parvilucina,30.386591,Pliocene,,,,
parvilucina,30.386591,Pliocene,,,,
parvilucina,30.386591,Pliocene,,,,
parvilucina,30.386591,Pliocene,,,,
parvilucina,30.386591,Pliocene,,,,
parvilucina,30.386591,Pliocene,,,,
parvilucina,30.386591,Pliocene,,,,
parvilucina,30.386591,Pliocene,,,,
parvilucina,30.386591,Pliocene,,,,
parvilucina,30.386591,Pliocene,,,,
parvilucina,30.386591,Pliocene,,,,
parvilucina,30.386591,Pliocene,,,,
parvilucina,30.386591,Pliocene,,,,
parvilucina,30.386591,Pliocene,,,,
parvilucina,30.386591,Pliocene,,,,
parvilucina,30.386591,Pliocene,,,,
parvilucina,30.386591,Pliocene,,,,
parvilucina,30.386591,Pliocene,,,,
parvilucina,30.386591,Pliocene,,,,
parvilucina,30.386591,Pliocene,,,,
parvilucina,30.386591,Pliocene,,,,
parvilucina,30.386591,Pliocene,,,,
parvilucina,30.386591,Pliocene,,,,
parvilucina,30.386591,Pliocene,,,,
parvilucina,30.386591,Pliocene,,,,
parvilucina,30.386591,Pliocene,,,,
parvilucina,30.386591,Pliocene,,,,
parvilucina,30.386591,Pliocene,,,,
parvilucina,30.386591,Pliocene,,,,
parvilucina,30.386591,Pliocene,,,,
parvilucina,30.386591,Pliocene,,,,
parvilucina,30.386591,Pliocene,,,,
parvilucina,30.386591,Pliocene,,,,
parvilucina,30.386591,Pliocene,,,,
parvilucina,30.386591,Pliocene,,,,
parvilucina,30.386591,Pliocene,,,,
parvilucina,30.386591,Pliocene,,,,
parvilucina,30.386591,Pliocene,,,,
parvilucina,30.386591,Pliocene,,,,
parvilucina,30.386591,Pliocene,,,,
parvilucina,30.386591,Pliocene,,,,
parvilucina,30.386591,Pliocene,,,,
parvilucina,30.386591,Pliocene,,,,
parvilucina,30.386591,Pliocene,,,,
parvilucina,30.386591,Pliocene,,,,
parvilucina,30.386591,Pliocene,,,,
parvilucina,30.386591,Pliocene,,,,
parvilucina,30.386591,Pliocene,,,,
parvilucina,30.386591,Pliocene,,,,
parvilucina,30.386591,Pliocene,,,,
parvilucina,30.386591,Pliocene,,,,
parvilucina,30.386591,Pliocene,,,,
parvilucina,30.386591,Pliocene,,,,
parvilucina,30.386591,Pliocene,,,,
parvilucina,30.386591,Pliocene,,,,
parvilucina,30.386591,Pliocene,,,,
parvilucina,30.386591,Pliocene,,,,
parvilucina,30.386591,Pliocene,,,,
parvilucina,30.386591,Pliocene,,,,
parvilucina,30.386591,Pliocene,,,,
parvilucina,30.386591,Pliocene,,,,
parvilucina,30.386591,Pliocene,,,,
parvilucina,30.386591,Pliocene,,,,
parvilucina,30.386591,Pliocene,,,,
parvilucina,30.386591,Pliocene,,,,
parvilucina,30.386591,Pliocene,,,,
parvilucina,30.386591,Pliocene,,,,
parvilucina,30.386591,Pliocene,,,,
parvilucina,30.386591,Pliocene,,,,
parvilucina,30.386591,Pliocene,,,,
parvilucina,30.386591,Pliocene,,,,
parvilucina,30.386591,Pliocene,,,,
parvilucina,30.386591,Pliocene,,,,
parvilucina,30.386591,Pliocene,,,,
parvilucina,30.386591,Pliocene,,,,
parvilucina,30.386591,Pliocene,,,,
parvilucina,30.386591,Pliocene,,,,
parvilucina,30.386591,Pliocene,,,,
parvilucina,30.386591,Pliocene,,,,
parvilucina,30.386591,Pliocene,,,,
parvilucina,30.386591,Pliocene,,,,
parvilucina,30.386591,Pliocene,,,,
parvilucina,30.386591,Pliocene,,,,
parvilucina,30.386591,Pliocene,,,,
parvilucina,30.386591,Pliocene,,,,
parvilucina,30.386591,Pliocene,,,,
parvilucina,30.386591,Pliocene,,,,
parvilucina,30.386591,Pliocene,,,,
parvilucina,30.386591,Pliocene,,,,
parvilucina,30.386591,Pliocene,,,,
astarte,30.386591,Pliocene,,,,
astarte,30.386591,Pliocene,,,,
astarte,30.386591,Pliocene,,,,
astarte,30.386591,Pliocene,,,,
astarte,30.386591,Pliocene,,,,
astarte,30.386591,Pliocene,,,,
astarte,30.386591,Pliocene,,,,
astarte,30.386591,Pliocene,,,,
astarte,30.386591,Pliocene,,,,
astarte,30.386591,Pliocene,,,,
astarte,30.386591,Pliocene,,,,
astarte,30.386591,Pliocene,,,,
astarte,30.386591,Pliocene,,,,
astarte,30.386591,Pliocene,,,,
astarte,30.386591,Pliocene,,,,
astarte,30.386591,Pliocene,,,,
astarte,30.386591,Pliocene,,,,
astarte,30.386591,Pliocene,,,,
astarte,30.386591,Pliocene,,,,
astarte,30.386591,Pliocene,,,,
astarte,30.386591,Pliocene,,,,
astarte,30.386591,Pliocene,,,,
astarte,30.386591,Pliocene,,,,
astarte,30.386591,Pliocene,,,,
astarte,30.386591,Pliocene,,,,
astarte,30.386591,Pliocene,,,,
spisula,30.386591,Pliocene,,,,
spisula,30.386591,Pliocene,,,,
crepidula,30.386591,Pliocene,,,,
crepidula,30.386591,Pliocene,,,,
crepidula,30.386591,Pliocene,,,,
chama,30.386591,Pliocene,,,,
chama,30.386591,Pliocene,,,,
chama,30.386591,Pliocene,,,,
chama,30.386591,Pliocene,,,,
chama,30.386591,Pliocene,,,,
chama,30.386591,Pliocene,,,,
chama,30.386591,Pliocene,,,,
crepidula,30.386591,Pliocene,,,,
crepidula,30.386591,Pliocene,,,,
crepidula,30.386591,Pliocene,,,,
crepidula,30.386591,Pliocene,,,,
crepidula,30.386591,Pliocene,,,,
crepidula,30.386591,Pliocene,,,,
crepidula,30.386591,Pliocene,,,,
crepidula,30.386591,Pliocene,,,,
parvilucina,30.386591,Pliocene,,,,
parvilucina,30.386591,Pliocene,,,,
parvilucina,30.386591,Pliocene,,,,
parvilucina,30.386591,Pliocene,,,,
parvilucina,30.386591,Pliocene,,,,
parvilucina,30.386591,Pliocene,,,,
parvilucina,30.386591,Pliocene,,,,
parvilucina,30.386591,Pliocene,,,,
parvilucina,30.386591,Pliocene,,,,
parvilucina,30.386591,Pliocene,,,,
parvilucina,30.386591,Pliocene,,,,
parvilucina,30.386591,Pliocene,,,,
parvilucina,30.386591,Pliocene,,,,
parvilucina,30.386591,Pliocene,,,,
parvilucina,30.386591,Pliocene,,,,
parvilucina,30.386591,Pliocene,,,,
parvilucina,30.386591,Pliocene,,,,
parvilucina,30.386591,Pliocene,,,,
parvilucina,30.386591,Pliocene,,,,
parvilucina,30.386591,Pliocene,,,,
parvilucina,30.386591,Pliocene,,,,
parvilucina,30.386591,Pliocene,,,,
parvilucina,30.386591,Pliocene,,,,
parvilucina,30.386591,Pliocene,,,,
parvilucina,30.386591,Pliocene,,,,
parvilucina,30.386591,Pliocene,,,,
parvilucina,30.386591,Pliocene,,,,
parvilucina,30.386591,Pliocene,,,,
parvilucina,30.386591,Pliocene,,,,
parvilucina,30.386591,Pliocene,,,,
parvilucina,30.386591,Pliocene,,,,
parvilucina,30.386591,Pliocene,,,,
parvilucina,30.386591,Pliocene,,,,
parvilucina,30.386591,Pliocene,,,,
parvilucina,30.386591,Pliocene,,,,
parvilucina,30.386591,Pliocene,,,,
parvilucina,30.386591,Pliocene,,,,
parvilucina,30.386591,Pliocene,,,,
parvilucina,30.386591,Pliocene,,,,
parvilucina,30.386591,Pliocene,,,,
parvilucina,30.386591,Pliocene,,,,
parvilucina,30.386591,Pliocene,,,,
parvilucina,30.386591,Pliocene,,,,
parvilucina,30.386591,Pliocene,,,,
parvilucina,30.386591,Pliocene,,,,
parvilucina,30.386591,Pliocene,,,,
parvilucina,30.386591,Pliocene,,,,
parvilucina,30.386591,Pliocene,,,,
parvilucina,30.386591,Pliocene,,,,
parvilucina,30.386591,Pliocene,,,,
parvilucina,30.386591,Pliocene,,,,
parvilucina,30.386591,Pliocene,,,,
parvilucina,30.386591,Pliocene,,,,
parvilucina,30.386591,Pliocene,,,,
parvilucina,30.386591,Pliocene,,,,
parvilucina,30.386591,Pliocene,,,,
parvilucina,30.386591,Pliocene,,,,
parvilucina,30.386591,Pliocene,,,,
parvilucina,30.386591,Pliocene,,,,
parvilucina,30.386591,Pliocene,,,,
parvilucina,30.386591,Pliocene,,,,
parvilucina,30.386591,Pliocene,,,,
parvilucina,30.386591,Pliocene,,,,
parvilucina,30.386591,Pliocene,,,,
parvilucina,30.386591,Pliocene,,,,
parvilucina,30.386591,Pliocene,,,,
parvilucina,30.386591,Pliocene,,,,
parvilucina,30.386591,Pliocene,,,,
parvilucina,30.386591,Pliocene,,,,
parvilucina,30.386591,Pliocene,,,,
parvilucina,30.386591,Pliocene,,,,
parvilucina,30.386591,Pliocene,,,,
modiolus,30.386591,Pliocene,,,,
modiolus,30.386591,Pliocene,,,,
modiolus,30.386591,Pliocene,,,,
modiolus,30.386591,Pliocene,,,,
mulinia,30.4642,Pliocene,,,,
mulinia,30.4642,Pliocene,,,,
mulinia,30.4642,Pliocene,,,,
mulinia,30.4642,Pliocene,,,,
mulinia,30.4642,Pliocene,,,,
mulinia,30.4642,Pliocene,,,,
mulinia,30.4642,Pliocene,,,,
mulinia,30.4642,Pliocene,,,,
mulinia,30.4642,Pliocene,,,,
mulinia,30.4642,Pliocene,,,,
mulinia,30.4642,Pliocene,,,,
mulinia,30.4642,Pliocene,,,,
mulinia,30.4642,Pliocene,,,,
mulinia,30.4642,Pliocene,,,,
mulinia,30.4642,Pliocene,,,,
mulinia,30.4642,Pliocene,,,,
mulinia,30.4642,Pliocene,,,,
spisula,27.366642,Pliocene,,,,
chama,27.366642,Pliocene,,,,
chama,27.366642,Pliocene,,,,
crepidula,27.366642,Pliocene,,,,
crepidula,27.366642,Pliocene,,,,
crepidula,27.366642,Pliocene,,,,
crepidula,27.366642,Pliocene,,,,
crepidula,27.366642,Pliocene,,,,
astarte,37.035531,Pliocene,,,,
astarte,37.035531,Pliocene,,,,
mulinia,37.035531,Pliocene,,,,
chama,37.035531,Pliocene,,,,
chama,37.035531,Pliocene,,,,
chama,37.035531,Pliocene,,,,
noetia,37.035531,Pliocene,,,,
noetia,37.035531,Pliocene,,,,
chesapecten,37.035531,Pliocene,,,,
crepidula,37.035531,Pliocene,,,,
noetia,30.386591,Pliocene,,,,
crepidula,30.386591,Pliocene,,,,
crepidula,30.386591,Pliocene,,,,
crepidula,30.386591,Pliocene,,,,
cyclocardia,30.386591,Pliocene,,,,
cyclocardia,30.386591,Pliocene,,,,
cyclocardia,30.386591,Pliocene,,,,
astarte,30.386591,Pliocene,,,,
mulinia,30.386591,Pliocene,,,,
chama,30.386591,Pliocene,,,,
chesapecten,37.035531,Pliocene,,,,
chesapecten,37.035531,Pliocene,,,,
chesapecten,37.035531,Pliocene,,,,
noetia,27.366642,Pliocene,,,,
parvilucina,30.4642,Pliocene,,,,
cyclocardia,30.4447,Pliocene,,,,
cyclocardia,30.4447,Pliocene,,,,
cyclocardia,30.4447,Pliocene,,,,
cyclocardia,30.4447,Pliocene,,,,
cyclocardia,30.4447,Pliocene,,,,
cyclocardia,30.4447,Pliocene,,,,
cyclocardia,30.4447,Pliocene,,,,
cyclocardia,30.4447,Pliocene,,,,
cyclocardia,30.4447,Pliocene,,,,
cyclocardia,30.4447,Pliocene,,,,
cyclocardia,30.4447,Pliocene,,,,
cyclocardia,30.4447,Pliocene,,,,
cyclocardia,30.4447,Pliocene,,,,
cyclocardia,30.4447,Pliocene,,,,
cyclocardia,30.4447,Pliocene,,,,
cyclocardia,30.4447,Pliocene,,,,
cyclocardia,30.4447,Pliocene,,,,
cyclocardia,30.4447,Pliocene,,,,
cyclocardia,30.4447,Pliocene,,,,
cyclocardia,30.4447,Pliocene,,,,
cyclocardia,30.4447,Pliocene,,,,
cyclocardia,30.4447,Pliocene,,,,
chama,25.8133,Pliocene,,,,
chama,25.8133,Pliocene,,,,
chesapecten,27.375123,Pliocene,,,,
chesapecten,27.3708,Pliocene,,,,
chesapecten,27.375123,Pliocene,,,,
chesapecten,27.375123,Pliocene,,,,
chesapecten,27.375123,Pliocene,,,,
chesapecten,27.375123,Pliocene,,,,
chesapecten,27.375123,Pliocene,,,,
crepidula,27.3125,Pliocene,,,,
crepidula,27.3125,Pliocene,,,,
crepidula,27.3125,Pliocene,,,,
chama,30.386591,Pliocene,,,,
chama,30.386591,Pliocene,,,,
chama,30.386591,Pliocene,,,,
chama,30.386591,Pliocene,,,,
chama,30.386591,Pliocene,,,,
chama,30.386591,Pliocene,,,,
chama,30.386591,Pliocene,,,,
chama,30.386591,Pliocene,,,,
chama,30.386591,Pliocene,,,,
chama,30.386591,Pliocene,,,,
chama,30.386591,Pliocene,,,,
chama,30.386591,Pliocene,,,,
chama,30.386591,Pliocene,,,,
chama,30.386591,Pliocene,,,,
chama,30.386591,Pliocene,,,,
chama,30.386591,Pliocene,,,,
chama,30.386591,Pliocene,,,,
chama,30.386591,Pliocene,,,,
chama,30.386591,Pliocene,,,,
astarte,30.4642,Pliocene,,,,
astarte,26.285328,Pliocene,,,,
astarte,27.306923,Pliocene,,,,
astarte,27.306923,Pliocene,,,,
chama,27.270925,Pliocene,,,,
mulinia,27.306923,Pliocene,,,,
cyclocardia,27.306923,Pliocene,,,,
cyclocardia,27.0776,Pliocene,,,,
crepidula,27.366642,Pliocene,,,,
chama,27.366642,Pliocene,,,,
chama,27.366642,Pliocene,,,,
chama,27.366642,Pliocene,,,,
chama,27.366642,Pliocene,,,,
chama,27.366642,Pliocene,,,,
astarte,27.3307,Pliocene,,,,
mulinia,27.292966,Pliocene,,,,
chama,27.360528,Pliocene,,,,
chama,27.360528,Pliocene,,,,
chama,27.366642,Pliocene,,,,
chama,27.366642,Pliocene,,,,
chama,27.368032,Pliocene,,,,
chama,27.368032,Pliocene,,,,
cyclocardia,30.386591,Pliocene,,,,
astarte,30.386591,Pliocene,,,,
mulinia,30.386591,Pliocene,,,,
astarte,27.270925,Pliocene,,,,
chama,27.366642,Pliocene,,,,
crepidula,27.002965,Pliocene,,,,
crepidula,27.002965,Pliocene,,,,
chama,27.002965,Pliocene,,,,
chama,27.002965,Pliocene,,,,
crepidula,26.297,Pliocene,,,,
noetia,27.270925,Pliocene,,,,
noetia,27.2339,Pliocene,,,,
noetia,27.292966,Pliocene,,,,
noetia,27.233526,Pliocene,,,,
noetia,27.233526,Pliocene,,,,
astarte,27.328354,Pliocene,,,,
astarte,27.328354,Pliocene,,,,
astarte,27.328354,Pliocene,,,,
astarte,27.328354,Pliocene,,,,
astarte,27.328354,Pliocene,,,,
cyclocardia,27.328354,Pliocene,,,,
cyclocardia,27.3404,Pliocene,,,,
spisula,27.3041,Pliocene,,,,
cyclocardia,27.3041,Pliocene,,,,
astarte,27.3041,Pliocene,,,,
crepidula,27.043433,Pliocene,,,,
chama,27.366642,Pliocene,,,,
cyclocardia,27.366642,Pliocene,,,,
chama,27.366642,Pliocene,,,,
chama,26.307554,Pliocene,,,,
chama,26.307554,Pliocene,,,,
chama,25.8133,Pliocene,,,,
chama,25.8133,Pliocene,,,,
astarte,27.3404,Pliocene,,,,
astarte,27.3404,Pliocene,,,,
astarte,27.3404,Pliocene,,,,
astarte,27.3404,Pliocene,,,,
astarte,27.3404,Pliocene,,,,
astarte,27.361199,Pliocene,,,,
chama,27.361199,Pliocene,,,,
cyclocardia,27.361199,Pliocene,,,,
chama,26.250073,Pliocene,,,,
astarte,27.233526,Pliocene,,,,
chama,26.9814,Pliocene,,,,
spisula,27.0117,Pliocene,,,,
spisula,25.761778,Pliocene,,,,
spisula,25.761778,Pliocene,,,,
spisula,25.761778,Pliocene,,,,
chama,26.785129,Pliocene,,,,
astarte,25.7199,Pliocene,,,,
astarte,27.3041,Pliocene,,,,
astarte,27.3041,Pliocene,,,,
astarte,27.3041,Pliocene,,,,
chama,27.011176,Pliocene,,,,
chama,27.011176,Pliocene,,,,
chama,27.011176,Pliocene,,,,
chama,27.366642,Pliocene,,,,
chama,27.366642,Pliocene,,,,
cyclocardia,27.366642,Pliocene,,,,
mulinia,27.366642,Pliocene,,,,
cyclocardia,27.366642,Pliocene,,,,
cyclocardia,25.725979,Pliocene,,,,
astarte,25.725979,Pliocene,,,,
chama,27.366642,Pliocene,,,,
chama,27.0776,Pliocene,,,,
chama,27.0776,Pliocene,,,,
chama,27.0776,Pliocene,,,,
chama,27.0776,Pliocene,,,,
chama,27.0776,Pliocene,,,,
chama,27.0776,Pliocene,,,,
chama,27.0776,Pliocene,,,,
chama,27.0776,Pliocene,,,,
chama,27.366642,Pliocene,,,,
chama,27.366642,Pliocene,,,,
chama,27.366642,Pliocene,,,,
chama,27.366642,Pliocene,,,,
chama,27.366642,Pliocene,,,,
chama,30.386591,Pliocene,,,,
chama,30.386591,Pliocene,,,,
chama,27.0776,Pliocene,,,,
chama,27.0776,Pliocene,,,,
chama,27.0776,Pliocene,,,,
chama,27.0776,Pliocene,,,,
chama,27.0776,Pliocene,,,,
cyclocardia,27.3307,Pliocene,,,,
cyclocardia,27.3307,Pliocene,,,,
mulinia,30.388043,Pliocene,,,,
astarte,30.388043,Pliocene,,,,
spisula,30.388043,Pliocene,,,,
spisula,30.388043,Pliocene,,,,
spisula,30.388043,Pliocene,,,,
chama,27.366642,Pliocene,,,,
chama,27.366642,Pliocene,,,,
chama,27.366642,Pliocene,,,,
chama,26.167723,Pliocene,,,,
chama,26.167723,Pliocene,,,,
chama,26.2759,Pliocene,,,,
chama,26.2759,Pliocene,,,,
chama,26.2759,Pliocene,,,,
chama,26.2759,Pliocene,,,,
chama,26.2759,Pliocene,,,,
chama,26.2759,Pliocene,,,,
chama,26.2759,Pliocene,,,,
chama,26.2759,Pliocene,,,,
chama,26.2759,Pliocene,,,,
crepidula,27.3307,Pliocene,,,,
chama,27.366642,Pliocene,,,,
chama,27.366642,Pliocene,,,,
chama,27.366642,Pliocene,,,,
chama,27.366642,Pliocene,,,,
chama,27.366642,Pliocene,,,,
chama,27.366642,Pliocene,,,,
chama,27.366642,Pliocene,,,,
chama,27.366642,Pliocene,,,,
chama,27.366642,Pliocene,,,,
chama,27.366642,Pliocene,,,,
chama,27.366642,Pliocene,,,,
chama,27.366642,Pliocene,,,,
chama,27.366642,Pliocene,,,,
chama,27.366642,Pliocene,,,,
chama,27.366642,Pliocene,,,,
chama,27.366642,Pliocene,,,,
chama,27.366642,Pliocene,,,,
chama,27.366642,Pliocene,,,,
chama,27.366642,Pliocene,,,,
chama,27.366642,Pliocene,,,,
chama,27.366642,Pliocene,,,,
chama,27.366642,Pliocene,,,,
chama,27.366642,Pliocene,,,,
cyclocardia,27.366642,Pliocene,,,,
crepidula,27.366642,Pliocene,,,,
chama,27.366642,Pliocene,,,,
chama,27.366642,Pliocene,,,,
chama,27.366642,Pliocene,,,,
astarte,27.3307,Pliocene,,,,
astarte,27.3307,Pliocene,,,,
mulinia,27.3307,Pliocene,,,,
astarte,27.3307,Pliocene,,,,
crepidula,27.2148,Pliocene,,,,
crepidula,27.2148,Pliocene,,,,
crepidula,27.2148,Pliocene,,,,
noetia,27.2148,Pliocene,,,,
chama,27.2148,Pliocene,,,,
mulinia,27.2148,Pliocene,,,,
cyclocardia,27.3404,Pliocene,,,,
mulinia,27.3404,Pliocene,,,,
mulinia,27.3404,Pliocene,,,,
mulinia,27.3404,Pliocene,,,,
noetia,27.3404,Pliocene,,,,
chama,27.3404,Pliocene,,,,
chama,27.3404,Pliocene,,,,
crepidula,26.833852,Pliocene,,,,
crepidula,26.833852,Pliocene,,,,
noetia,26.833852,Pliocene,,,,
crepidula,26.833852,Pliocene,,,,
chama,27.3041,Pliocene,,,,
chama,27.3041,Pliocene,,,,
chama,27.3041,Pliocene,,,,
crepidula,26.833852,Pliocene,,,,
crepidula,27.366642,Pliocene,,,,
chama,27.366642,Pliocene,,,,
cyclocardia,30.386591,Pliocene,,,,
cyclocardia,30.386591,Pliocene,,,,
cyclocardia,30.386591,Pliocene,,,,
cyclocardia,30.386591,Pliocene,,,,
cyclocardia,30.386591,Pliocene,,,,
cyclocardia,30.386591,Pliocene,,,,
cyclocardia,30.386591,Pliocene,,,,
cyclocardia,30.386591,Pliocene,,,,
cyclocardia,30.386591,Pliocene,,,,
cyclocardia,30.386591,Pliocene,,,,
cyclocardia,30.386591,Pliocene,,,,
cyclocardia,30.386591,Pliocene,,,,
cyclocardia,30.386591,Pliocene,,,,
cyclocardia,30.386591,Pliocene,,,,
cyclocardia,30.386591,Pliocene,,,,
cyclocardia,30.386591,Pliocene,,,,
cyclocardia,30.386591,Pliocene,,,,
cyclocardia,30.386591,Pliocene,,,,
cyclocardia,30.386591,Pliocene,,,,
cyclocardia,30.386591,Pliocene,,,,
cyclocardia,30.386591,Pliocene,,,,
cyclocardia,30.386591,Pliocene,,,,
cyclocardia,30.386591,Pliocene,,,,
cyclocardia,30.386591,Pliocene,,,,
cyclocardia,30.386591,Pliocene,,,,
cyclocardia,30.386591,Pliocene,,,,
cyclocardia,30.386591,Pliocene,,,,
cyclocardia,30.386591,Pliocene,,,,
cyclocardia,30.386591,Pliocene,,,,
cyclocardia,30.386591,Pliocene,,,,
cyclocardia,30.386591,Pliocene,,,,
modiolus,26.271993,Pliocene,,,,
modiolus,26.271993,Pliocene,,,,
modiolus,26.271993,Pliocene,,,,
chesapecten,26.271993,Pliocene,,,,
mulinia,27.21523,Pliocene,,,,
crepidula,27.280291,Pliocene,,,,
crepidula,27.280291,Pliocene,,,,
chama,27.280291,Pliocene,,,,
chama,27.3125,Pliocene,,,,
chama,27.0776,Pliocene,,,,
noetia,27.0776,Pliocene,,,,
modiolus,27.0776,Pliocene,,,,
modiolus,27.0776,Pliocene,,,,
chama,27.361199,Pliocene,,,,
chesapecten,27.361199,Pliocene,,,,
chama,27.2339,Pliocene,,,,
chama,27.2339,Pliocene,,,,
chama,27.2339,Pliocene,,,,
chama,27.2339,Pliocene,,,,
chama,27.2339,Pliocene,,,,
chama,25.7877,Pliocene,,,,
chama,25.7877,Pliocene,,,,
chama,25.7877,Pliocene,,,,
spisula,25.7877,Pliocene,,,,
spisula,25.7877,Pliocene,,,,
spisula,25.7877,Pliocene,,,,
spisula,25.7877,Pliocene,,,,
noetia,27.21523,Pliocene,,,,
chama,27.21523,Pliocene,,,,
chama,27.21523,Pliocene,,,,
mulinia,27.21523,Pliocene,,,,
mulinia,27.21523,Pliocene,,,,
mulinia,27.21523,Pliocene,,,,
mulinia,27.21523,Pliocene,,,,
mulinia,27.21523,Pliocene,,,,
crepidula,27.21523,Pliocene,,,,
crepidula,27.21523,Pliocene,,,,
crepidula,27.21523,Pliocene,,,,
noetia,27.21523,Pliocene,,,,
chama,26.527775,Pliocene,,,,
crepidula,26.167723,Pliocene,,,,
crepidula,26.167723,Pliocene,,,,
mulinia,26.167723,Pliocene,,,,
crepidula,26.167723,Pliocene,,,,
chama,26.171741,Pliocene,,,,
crepidula,27.007282,Pliocene,,,,
chama,27.007282,Pliocene,,,,
chama,27.007282,Pliocene,,,,
chama,27.007282,Pliocene,,,,
noetia,27.066,Pliocene,,,,
crepidula,27.066,Pliocene,,,,
cyclocardia,27.066,Pliocene,,,,
mulinia,27.029723,Pliocene,,,,
crepidula,27.029723,Pliocene,,,,
noetia,27.029723,Pliocene,,,,
crepidula,26.1681,Pliocene,,,,
crepidula,26.171741,Pliocene,,,,
crepidula,26.171741,Pliocene,,,,
spisula,27.2339,Pliocene,,,,
astarte,27.2339,Pliocene,,,,
astarte,27.2339,Pliocene,,,,
mulinia,27.2339,Pliocene,,,,
spisula,26.250073,Pliocene,,,,
mulinia,26.250073,Pliocene,,,,
chama,26.250073,Pliocene,,,,
chama,27.0776,Pliocene,,,,
crepidula,27.011176,Pliocene,,,,
crepidula,27.011176,Pliocene,,,,
spisula,25.992,Pliocene,,,,
crepidula,27.366642,Pliocene,,,,
astarte,27.366642,Pliocene,,,,
crepidula,27.366642,Pliocene,,,,
crepidula,27.366642,Pliocene,,,,
crepidula,27.366642,Pliocene,,,,
crepidula,27.366642,Pliocene,,,,
noetia,27.366642,Pliocene,,,,
mulinia,27.366642,Pliocene,,,,
crepidula,27.3041,Pliocene,,,,
crepidula,27.292966,Pliocene,,,,
crepidula,27.292966,Pliocene,,,,
mulinia,27.292966,Pliocene,,,,
chama,27.292966,Pliocene,,,,
chama,27.292966,Pliocene,,,,
chama,27.002965,Pliocene,,,,
chama,27.002965,Pliocene,,,,
chama,27.002965,Pliocene,,,,
crepidula,27.002965,Pliocene,,,,
crepidula,27.002965,Pliocene,,,,
crepidula,27.002965,Pliocene,,,,
noetia,27.292966,Pliocene,,,,
crepidula,25.7877,Pliocene,,,,
crepidula,25.7877,Pliocene,,,,
crepidula,27.2339,Pliocene,,,,
crepidula,27.2339,Pliocene,,,,
crepidula,27.2339,Pliocene,,,,
mulinia,27.2339,Pliocene,,,,
chama,27.2339,Pliocene,,,,
chama,27.2339,Pliocene,,,,
crepidula,27.270925,Pliocene,,,,
crepidula,27.270925,Pliocene,,,,
crepidula,27.002965,Pliocene,,,,
crepidula,27.002965,Pliocene,,,,
crepidula,27.002965,Pliocene,,,,
crepidula,25.7199,Pliocene,,,,
chama,25.761778,Pliocene,,,,
chama,25.761778,Pliocene,,,,
crepidula,27.361199,Pliocene,,,,
crepidula,27.361199,Pliocene,,,,
spisula,25.761778,Pliocene,,,,
modiolus,31.12301,Pliocene,,,,
chama,31.12301,Pliocene,,,,
chama,31.131654,Pliocene,,,,
parvilucina,31.131654,Pliocene,,,,
chama,31.131654,Pliocene,,,,
cyclocardia,31.131654,Pliocene,,,,
chama,31.131654,Pliocene,,,,
astarte,31.131654,Pliocene,,,,
mulinia,31.12301,Pliocene,,,,
astarte,31.12301,Pliocene,,,,
astarte,31.12301,Pliocene,,,,
cyclocardia,31.12301,Pliocene,,,,
cyclocardia,31.12301,Pliocene,,,,
crepidula,31.12301,Pliocene,,,,
chesapecten,31.12301,Pliocene,,,,
cyclocardia,31.12301,Pliocene,,,,
astarte,31.12301,Pliocene,,,,
astarte,31.12301,Pliocene,,,,
astarte,31.12301,Pliocene,,,,
chama,31.12301,Pliocene,,,,
crepidula,31.12301,Pliocene,,,,
crepidula,31.12301,Pliocene,,,,
mulinia,31.12301,Pliocene,,,,
chama,31.12301,Pliocene,,,,
chesapecten,31.12301,Pliocene,,,,
chesapecten,31.12301,Pliocene,,,,
chesapecten,31.12301,Pliocene,,,,
chama,27.070323,Pliocene,,,,
chama,27.070323,Pliocene,,,,
chama,27.070323,Pliocene,,,,
chama,27.070323,Pliocene,,,,
crepidula,31.12301,Pliocene,,,,
crepidula,31.12301,Pliocene,,,,
chama,31.12301,Pliocene,,,,
cyclocardia,31.12301,Pliocene,,,,
chama,27.070323,Pliocene,,,,
chama,27.070323,Pliocene,,,,
chama,27.070323,Pliocene,,,,
noetia,27.070323,Pliocene,,,,
crepidula,27.070323,Pliocene,,,,
crepidula,27.070323,Pliocene,,,,
crepidula,27.070323,Pliocene,,,,
cyclocardia,31.12301,Pliocene,,,,
noetia,31.12301,Pliocene,,,,
crepidula,31.12301,Pliocene,,,,
crepidula,31.12301,Pliocene,,,,
chama,31.12301,Pliocene,,,,
chama,31.12301,Pliocene,,,,
noetia,31.12301,Pliocene,,,,
chama,31.12301,Pliocene,,,,
crepidula,31.12301,Pliocene,,,,
crepidula,31.12301,Pliocene,,,,
noetia,31.12301,Pliocene,,,,
noetia,31.12301,Pliocene,,,,
noetia,31.12301,Pliocene,,,,
noetia,31.12301,Pliocene,,,,
noetia,31.12301,Pliocene,,,,
noetia,31.12301,Pliocene,,,,
cyclocardia,31.12301,Pliocene,,,,
astarte,31.12301,Pliocene,,,,
astarte,31.12301,Pliocene,,,,
cyclocardia,31.12301,Pliocene,,,,
cyclocardia,31.12301,Pliocene,,,,
cyclocardia,31.12301,Pliocene,,,,
cyclocardia,31.12301,Pliocene,,,,
cyclocardia,31.12301,Pliocene,,,,
cyclocardia,31.12301,Pliocene,,,,
astarte,31.12301,Pliocene,,,,
spisula,31.12301,Pliocene,,,,
noetia,31.12301,Pliocene,,,,
noetia,31.12301,Pliocene,,,,
mulinia,31.12301,Pliocene,,,,
crepidula,31.12301,Pliocene,,,,
astarte,31.12301,Pliocene,,,,
chama,31.12301,Pliocene,,,,
mulinia,31.12301,Pliocene,,,,
mulinia,31.12301,Pliocene,,,,
mulinia,31.12301,Pliocene,,,,
cyclocardia,31.131654,Pliocene,,,,
mulinia,31.131654,Pliocene,,,,
astarte,31.131654,Pliocene,,,,
chesapecten,31.131654,Pliocene,,,,
chesapecten,31.131654,Pliocene,,,,
astarte,31.131654,Pliocene,,,,
cyclocardia,31.12301,Pliocene,,,,
astarte,31.12301,Pliocene,,,,
cyclocardia,31.12301,Pliocene,,,,
cyclocardia,31.12301,Pliocene,,,,
cyclocardia,31.12301,Pliocene,,,,
chesapecten,31.131654,Pliocene,,,,
chama,31.131654,Pliocene,,,,
chesapecten,31.131654,Pliocene,,,,
mulinia,31.131654,Pliocene,,,,
astarte,31.131654,Pliocene,,,,
cyclocardia,31.131654,Pliocene,,,,
mulinia,31.131654,Pliocene,,,,
chesapecten,31.131654,Pliocene,,,,
noetia,27.233526,Pliocene,,,,
noetia,27.233526,Pliocene,,,,
modiolus,27.233526,Pliocene,,,,
crepidula,26.279214,Pliocene,,,,
mulinia,26.279214,Pliocene,,,,
chama,26.279214,Pliocene,,,,
chama,26.2822,Pliocene,,,,
chama,26.2822,Pliocene,,,,
crepidula,27.3125,Pliocene,,,,
crepidula,27.3125,Pliocene,,,,
chesapecten,31.131654,Pliocene,,,,
crepidula,27.3125,Pliocene,,,,
crepidula,27.3125,Pliocene,,,,
crepidula,27.3125,Pliocene,,,,
noetia,27.328354,Pliocene,,,,
crepidula,27.328354,Pliocene,,,,
crepidula,27.328354,Pliocene,,,,
mulinia,27.328354,Pliocene,,,,
crepidula,27.3125,Pliocene,,,,
mulinia,30.4642,Pliocene,,,,
mulinia,27.0776,Pliocene,,,,
mulinia,27.0776,Pliocene,,,,
astarte,27.0776,Pliocene,,,,
chama,27.0776,Pliocene,,,,
chama,27.0776,Pliocene,,,,
chama,27.0776,Pliocene,,,,
noetia,26.785129,Pliocene,,,,
crepidula,26.307554,Pliocene,,,,
noetia,26.307554,Pliocene,,,,
noetia,26.307554,Pliocene,,,,
noetia,26.307554,Pliocene,,,,
cyclocardia,31.12301,Pliocene,,,,
mulinia,31.12301,Pliocene,,,,
astarte,31.140092,Pliocene,,,,
astarte,31.140092,Pliocene,,,,
astarte,31.140092,Pliocene,,,,
astarte,31.140092,Pliocene,,,,
astarte,31.140092,Pliocene,,,,
astarte,31.140092,Pliocene,,,,
astarte,31.140092,Pliocene,,,,
mulinia,31.140092,Pliocene,,,,
mulinia,31.140092,Pliocene,,,,
mulinia,31.140092,Pliocene,,,,
mulinia,31.140092,Pliocene,,,,
mulinia,31.140092,Pliocene,,,,
mulinia,31.140092,Pliocene,,,,
cyclocardia,31.140092,Pliocene,,,,
cyclocardia,31.140092,Pliocene,,,,
cyclocardia,31.140092,Pliocene,,,,
cyclocardia,31.140092,Pliocene,,,,
spisula,31.140092,Pliocene,,,,
astarte,31.140092,Pliocene,,,,
mulinia,31.140092,Pliocene,,,,
chesapecten,31.408266,Pliocene,,,,
chesapecten,31.408266,Pliocene,,,,
chesapecten,31.408266,Pliocene,,,,
chesapecten,31.408266,Pliocene,,,,
astarte,31.130966,Pliocene,,,,
mulinia,31.130966,Pliocene,,,,
cyclocardia,31.130966,Pliocene,,,,
astarte,31.130966,Pliocene,,,,
chesapecten,31.408266,Pliocene,,,,
chesapecten,31.108353,Pliocene,,,,
chesapecten,31.108353,Pliocene,,,,
chesapecten,31.108353,Pliocene,,,,
cyclocardia,31.130966,Pliocene,,,,
cyclocardia,31.130966,Pliocene,,,,
mulinia,31.140092,Pliocene,,,,
cyclocardia,31.140092,Pliocene,,,,
astarte,31.140092,Pliocene,,,,
astarte,31.140092,Pliocene,,,,
astarte,31.140092,Pliocene,,,,
astarte,31.140092,Pliocene,,,,
astarte,31.140092,Pliocene,,,,
astarte,31.140092,Pliocene,,,,
astarte,31.140092,Pliocene,,,,
chama,31.140092,Pliocene,,,,
astarte,31.140092,Pliocene,,,,
noetia,31.12301,Pliocene,,,,
crepidula,31.12301,Pliocene,,,,
crepidula,31.12301,Pliocene,,,,
crepidula,31.12301,Pliocene,,,,
chama,31.12301,Pliocene,,,,
mulinia,31.140092,Pliocene,,,,
mulinia,31.140092,Pliocene,,,,
cyclocardia,31.140092,Pliocene,,,,
cyclocardia,31.140092,Pliocene,,,,
cyclocardia,31.140092,Pliocene,,,,
cyclocardia,31.140092,Pliocene,,,,
cyclocardia,31.140092,Pliocene,,,,
cyclocardia,31.140092,Pliocene,,,,
cyclocardia,31.140092,Pliocene,,,,
cyclocardia,31.140092,Pliocene,,,,
cyclocardia,31.140092,Pliocene,,,,
cyclocardia,31.140092,Pliocene,,,,
astarte,31.140092,Pliocene,,,,
chama,31.140092,Pliocene,,,,
spisula,31.140092,Pliocene,,,,
noetia,31.140092,Pliocene,,,,
spisula,31.140092,Pliocene,,,,
chama,31.140092,Pliocene,,,,
crepidula,31.140092,Pliocene,,,,
spisula,31.140092,Pliocene,,,,
spisula,31.140092,Pliocene,,,,
mulinia,31.140092,Pliocene,,,,
astarte,31.140092,Pliocene,,,,
cyclocardia,31.140092,Pliocene,,,,
crepidula,31.12301,Pliocene,,,,
noetia,31.12301,Pliocene,,,,
noetia,31.12301,Pliocene,,,,
noetia,31.12301,Pliocene,,,,
chesapecten,27.375123,Pliocene,,,,
chesapecten,27.375123,Pliocene,,,,
chesapecten,27.375123,Pliocene,,,,
chesapecten,27.375123,Pliocene,,,,
chesapecten,27.375123,Pliocene,,,,
chesapecten,27.375123,Pliocene,,,,
chesapecten,27.375123,Pliocene,,,,
chesapecten,27.375123,Pliocene,,,,
chesapecten,27.375123,Pliocene,,,,
chesapecten,27.375123,Pliocene,,,,
noetia,31.108353,Pliocene,,,,
mulinia,31.108353,Pliocene,,,,
chama,31.108353,Pliocene,,,,
crepidula,31.108353,Pliocene,,,,
cyclocardia,31.108353,Pliocene,,,,
mulinia,31.108353,Pliocene,,,,
crepidula,31.108353,Pliocene,,,,
mulinia,31.12301,Pliocene,,,,
chesapecten,31.130966,Pliocene,,,,
mulinia,31.130966,Pliocene,,,,
astarte,31.108353,Pliocene,,,,
mulinia,31.108353,Pliocene,,,,
chesapecten,31.108353,Pliocene,,,,
chesapecten,31.108353,Pliocene,,,,
crepidula,31.108353,Pliocene,,,,
mulinia,31.108353,Pliocene,,,,
crepidula,31.108353,Pliocene,,,,
spisula,31.108353,Pliocene,,,,
noetia,31.108353,Pliocene,,,,
astarte,31.108353,Pliocene,,,,
cyclocardia,31.108353,Pliocene,,,,
chama,31.140092,Pliocene,,,,
chesapecten,31.140092,Pliocene,,,,
astarte,31.140092,Pliocene,,,,
crepidula,26.15269,Pliocene,,,,
chesapecten,31.12301,Pliocene,,,,
crepidula,31.12301,Pliocene,,,,
crepidula,31.12301,Pliocene,,,,
crepidula,31.12301,Pliocene,,,,
chesapecten,31.12301,Pliocene,,,,
noetia,31.12301,Pliocene,,,,
noetia,31.12301,Pliocene,,,,
chesapecten,31.12301,Pliocene,,,,
mulinia,31.12301,Pliocene,,,,
cyclocardia,31.12301,Pliocene,,,,
noetia,31.140092,Pliocene,,,,
chesapecten,31.140092,Pliocene,,,,
chesapecten,31.140092,Pliocene,,,,
chesapecten,31.140092,Pliocene,,,,
crepidula,31.131654,Pliocene,,,,
mulinia,30.4447,Pliocene,,,,
mulinia,30.4447,Pliocene,,,,
chesapecten,30.4447,Pliocene,,,,
cyclocardia,30.4447,Pliocene,,,,
chesapecten,30.4447,Pliocene,,,,
astarte,30.4447,Pliocene,,,,
astarte,30.4447,Pliocene,,,,
astarte,30.4447,Pliocene,,,,
astarte,30.4447,Pliocene,,,,
mulinia,31.130966,Pliocene,,,,
cyclocardia,31.130966,Pliocene,,,,
parvilucina,31.130966,Pliocene,,,,
astarte,31.130966,Pliocene,,,,
mulinia,31.130966,Pliocene,,,,
mulinia,31.131654,Pliocene,,,,
chama,31.131654,Pliocene,,,,
cyclocardia,33.862758,Pliocene,,,,
chama,34.238474,Pliocene,,,,
chama,34.238474,Pliocene,,,,
chama,34.238474,Pliocene,,,,
chama,34.238474,Pliocene,,,,
chama,34.238474,Pliocene,,,,
chama,34.238474,Pliocene,,,,
chama,34.238474,Pliocene,,,,
chama,34.238474,Pliocene,,,,
chama,34.238474,Pliocene,,,,
chama,34.238474,Pliocene,,,,
chama,34.238474,Pliocene,,,,
chama,34.238474,Pliocene,,,,
chama,34.238474,Pliocene,,,,
chama,34.238474,Pliocene,,,,
chama,34.238474,Pliocene,,,,
chama,34.238474,Pliocene,,,,
chama,34.238474,Pliocene,,,,
chama,34.238474,Pliocene,,,,
chama,34.238474,Pliocene,,,,
chama,34.238474,Pliocene,,,,
chama,34.238474,Pliocene,,,,
chama,34.238474,Pliocene,,,,
chama,34.238474,Pliocene,,,,
chama,34.238474,Pliocene,,,,
chama,34.238474,Pliocene,,,,
chama,34.238474,Pliocene,,,,
chama,34.238474,Pliocene,,,,
chama,34.238474,Pliocene,,,,
chama,34.238474,Pliocene,,,,
chama,34.238474,Pliocene,,,,
chama,34.238474,Pliocene,,,,
chama,34.238474,Pliocene,,,,
chama,34.238474,Pliocene,,,,
chama,34.238474,Pliocene,,,,
chama,34.238474,Pliocene,,,,
chama,34.238474,Pliocene,,,,
crepidula,27.3041,Pliocene,,,,
crepidula,27.3041,Pliocene,,,,
crepidula,27.3041,Pliocene,,,,
crepidula,27.3041,Pliocene,,,,
crepidula,27.3041,Pliocene,,,,
crepidula,27.3041,Pliocene,,,,
crepidula,27.3041,Pliocene,,,,
crepidula,27.3041,Pliocene,,,,
crepidula,27.3041,Pliocene,,,,
crepidula,27.3041,Pliocene,,,,
crepidula,27.3041,Pliocene,,,,
crepidula,27.3041,Pliocene,,,,
crepidula,27.3041,Pliocene,,,,
crepidula,27.3041,Pliocene,,,,
crepidula,27.3041,Pliocene,,,,
crepidula,27.3041,Pliocene,,,,
crepidula,27.3041,Pliocene,,,,
crepidula,27.3041,Pliocene,,,,
crepidula,27.3041,Pliocene,,,,
mulinia,27.22556,Pliocene,,,,
chama,33.862758,Pliocene,,,,
cyclocardia,33.862758,Pliocene,,,,
chama,34.238474,Pliocene,,,,
chama,34.238474,Pliocene,,,,
chama,34.238474,Pliocene,,,,
chama,34.238474,Pliocene,,,,
chama,34.238474,Pliocene,,,,
chama,34.238474,Pliocene,,,,
chama,34.238474,Pliocene,,,,
chama,34.238474,Pliocene,,,,
chama,34.238474,Pliocene,,,,
chama,34.238474,Pliocene,,,,
chama,34.238474,Pliocene,,,,
chama,34.238474,Pliocene,,,,
chama,34.238474,Pliocene,,,,
chama,34.238474,Pliocene,,,,
chama,34.238474,Pliocene,,,,
chama,34.238474,Pliocene,,,,
chama,34.238474,Pliocene,,,,
chama,34.238474,Pliocene,,,,
chama,34.238474,Pliocene,,,,
chama,34.238474,Pliocene,,,,
chama,34.238474,Pliocene,,,,
chama,34.238474,Pliocene,,,,
chama,34.238474,Pliocene,,,,
chama,34.238474,Pliocene,,,,
chama,34.238474,Pliocene,,,,
chama,34.238474,Pliocene,,,,
chama,34.238474,Pliocene,,,,
chama,34.238474,Pliocene,,,,
chama,34.238474,Pliocene,,,,
chama,34.238474,Pliocene,,,,
chama,34.238474,Pliocene,,,,
chama,34.238474,Pliocene,,,,
chama,34.238474,Pliocene,,,,
chama,34.238474,Pliocene,,,,
chama,34.238474,Pliocene,,,,
chama,34.238474,Pliocene,,,,
chama,34.238474,Pliocene,,,,
chama,34.238474,Pliocene,,,,
chama,34.238474,Pliocene,,,,
chama,34.238474,Pliocene,,,,
chama,34.238474,Pliocene,,,,
chama,34.238474,Pliocene,,,,
chama,34.238474,Pliocene,,,,
chama,34.238474,Pliocene,,,,
chama,34.238474,Pliocene,,,,
chama,34.238474,Pliocene,,,,
chama,34.238474,Pliocene,,,,
chama,34.238474,Pliocene,,,,
chama,34.238474,Pliocene,,,,
crepidula,30.38663,Pliocene,,,,
crepidula,33.862758,Pliocene,,,,
crepidula,33.862758,Pliocene,,,,
noetia,34.238474,Pliocene,,,,
noetia,34.238474,Pliocene,,,,
noetia,34.238474,Pliocene,,,,
noetia,34.238474,Pliocene,,,,
noetia,34.238474,Pliocene,,,,
noetia,34.238474,Pliocene,,,,
noetia,34.238474,Pliocene,,,,
noetia,34.238474,Pliocene,,,,
cyclocardia,31.108353,Pliocene,,,,
astarte,31.108353,Pliocene,,,,
mulinia,31.108353,Pliocene,,,,
cyclocardia,31.108353,Pliocene,,,,
chesapecten,31.108353,Pliocene,,,,
chama,31.108353,Pliocene,,,,
cyclocardia,31.108353,Pliocene,,,,
noetia,31.108353,Pliocene,,,,
astarte,31.108353,Pliocene,,,,
mulinia,31.108353,Pliocene,,,,
astarte,31.108353,Pliocene,,,,
noetia,31.108353,Pliocene,,,,
astarte,31.108353,Pliocene,,,,
astarte,31.108353,Pliocene,,,,
astarte,31.108353,Pliocene,,,,
mulinia,31.108353,Pliocene,,,,
noetia,34.238474,Pliocene,,,,
noetia,34.238474,Pliocene,,,,
noetia,34.238474,Pliocene,,,,
noetia,34.238474,Pliocene,,,,
noetia,34.238474,Pliocene,,,,
noetia,34.238474,Pliocene,,,,
noetia,34.238474,Pliocene,,,,
noetia,34.238474,Pliocene,,,,
noetia,34.238474,Pliocene,,,,
noetia,34.238474,Pliocene,,,,
noetia,34.238474,Pliocene,,,,
noetia,34.238474,Pliocene,,,,
noetia,34.238474,Pliocene,,,,
noetia,34.238474,Pliocene,,,,
noetia,34.238474,Pliocene,,,,
noetia,34.238474,Pliocene,,,,
noetia,34.238474,Pliocene,,,,
noetia,34.238474,Pliocene,,,,
noetia,34.238474,Pliocene,,,,
noetia,34.238474,Pliocene,,,,
noetia,34.238474,Pliocene,,,,
noetia,34.238474,Pliocene,,,,
chama,34.238474,Pliocene,,,,
chama,34.238474,Pliocene,,,,
chama,34.238474,Pliocene,,,,
chama,34.238474,Pliocene,,,,
chama,34.238474,Pliocene,,,,
chama,34.238474,Pliocene,,,,
chama,34.238474,Pliocene,,,,
chama,34.238474,Pliocene,,,,
chama,34.238474,Pliocene,,,,
chama,34.238474,Pliocene,,,,
chama,34.238474,Pliocene,,,,
chama,34.238474,Pliocene,,,,
chama,34.238474,Pliocene,,,,
chama,34.238474,Pliocene,,,,
chama,34.238474,Pliocene,,,,
chama,34.238474,Pliocene,,,,
chama,34.238474,Pliocene,,,,
chama,34.238474,Pliocene,,,,
chama,34.238474,Pliocene,,,,
chama,34.238474,Pliocene,,,,
chama,34.238474,Pliocene,,,,
chama,34.238474,Pliocene,,,,
chama,34.238474,Pliocene,,,,
chama,34.238474,Pliocene,,,,
chama,34.238474,Pliocene,,,,
chama,34.238474,Pliocene,,,,
chama,34.238474,Pliocene,,,,
chama,34.238474,Pliocene,,,,
chama,34.238474,Pliocene,,,,
chama,34.238474,Pliocene,,,,
chama,34.238474,Pliocene,,,,
chama,34.238474,Pliocene,,,,
chama,34.238474,Pliocene,,,,
parvilucina,34.238474,Pliocene,,,,
parvilucina,34.238474,Pliocene,,,,
noetia,34.238474,Pliocene,,,,
noetia,34.238474,Pliocene,,,,
noetia,34.238474,Pliocene,,,,
noetia,34.238474,Pliocene,,,,
modiolus,34.238474,Pliocene,,,,
modiolus,34.238474,Pliocene,,,,
crepidula,34.238474,Pliocene,,,,
crepidula,34.238474,Pliocene,,,,
crepidula,34.238474,Pliocene,,,,
crepidula,34.238474,Pliocene,,,,
crepidula,34.238474,Pliocene,,,,
crepidula,34.238474,Pliocene,,,,
crepidula,34.238474,Pliocene,,,,
crepidula,34.238474,Pliocene,,,,
mulinia,34.238474,Pliocene,,,,
spisula,34.238474,Pliocene,,,,
astarte,34.238474,Pliocene,,,,
astarte,34.238474,Pliocene,,,,
astarte,34.238474,Pliocene,,,,
astarte,34.238474,Pliocene,,,,
astarte,34.238474,Pliocene,,,,
astarte,34.238474,Pliocene,,,,
astarte,34.238474,Pliocene,,,,
astarte,34.238474,Pliocene,,,,
astarte,34.238474,Pliocene,,,,
mulinia,34.878384,Pliocene,,,,
crepidula,34.878384,Pliocene,,,,
chama,34.238474,Pliocene,,,,
noetia,34.238474,Pliocene,,,,
noetia,34.238474,Pliocene,,,,
noetia,34.238474,Pliocene,,,,
noetia,34.238474,Pliocene,,,,
noetia,34.238474,Pliocene,,,,
noetia,34.238474,Pliocene,,,,
noetia,34.238474,Pliocene,,,,
chama,34.238474,Pliocene,,,,
chama,34.238474,Pliocene,,,,
chama,34.238474,Pliocene,,,,
chama,34.238474,Pliocene,,,,
chama,34.238474,Pliocene,,,,
noetia,26.293773,Pliocene,,,,
mulinia,26.293773,Pliocene,,,,
chesapecten,27.375123,Pliocene,,,,
chesapecten,27.375123,Pliocene,,,,
crepidula,27.3125,Pliocene,,,,
crepidula,27.3125,Pliocene,,,,
noetia,27.3125,Pliocene,,,,
mulinia,27.0117,Pliocene,,,,
chama,34.238474,Pliocene,,,,
chama,34.238474,Pliocene,,,,
chama,34.238474,Pliocene,,,,
chama,34.238474,Pliocene,,,,
chama,34.238474,Pliocene,,,,
cyclocardia,34.238474,Pliocene,,,,
cyclocardia,34.238474,Pliocene,,,,
cyclocardia,34.238474,Pliocene,,,,
cyclocardia,34.238474,Pliocene,,,,
chama,30.4447,Pliocene,,,,
chama,30.4447,Pliocene,,,,
cyclocardia,30.4447,Pliocene,,,,
spisula,30.4447,Pliocene,,,,
crepidula,30.4447,Pliocene,,,,
mulinia,27.368032,Pliocene,,,,
crepidula,25.8133,Pliocene,,,,
chama,25.8133,Pliocene,,,,
mulinia,26.1678,Pliocene,,,,
modiolus,26.2759,Pliocene,,,,
chama,26.1681,Pliocene,,,,
chama,26.1681,Pliocene,,,,
chama,26.1681,Pliocene,,,,
mulinia,26.1681,Pliocene,,,,
chama,26.1681,Pliocene,,,,
chama,25.8133,Pliocene,,,,
chama,25.8133,Pliocene,,,,
spisula,25.8133,Pliocene,,,,
modiolus,25.8133,Pliocene,,,,
chama,25.8133,Pliocene,,,,
crepidula,26.297,Pliocene,,,,
crepidula,26.297,Pliocene,,,,
chama,26.297,Pliocene,,,,
crepidula,26.297,Pliocene,,,,
chama,26.297,Pliocene,,,,
astarte,31.131654,Pliocene,,,,
cyclocardia,31.131654,Pliocene,,,,
astarte,31.131654,Pliocene,,,,
astarte,31.131654,Pliocene,,,,
noetia,31.12301,Pliocene,,,,
cyclocardia,31.12301,Pliocene,,,,
astarte,31.12301,Pliocene,,,,
crepidula,31.12301,Pliocene,,,,
astarte,31.12301,Pliocene,,,,
mulinia,31.12301,Pliocene,,,,
astarte,31.12301,Pliocene,,,,
astarte,31.12301,Pliocene,,,,
crepidula,26.044561,Pliocene,,,,
astarte,26.044561,Pliocene,,,,
chama,26.044561,Pliocene,,,,
chama,26.044561,Pliocene,,,,
crepidula,26.044561,Pliocene,,,,
crepidula,26.044561,Pliocene,,,,
crepidula,26.044561,Pliocene,,,,
chama,26.044561,Pliocene,,,,
chama,26.044561,Pliocene,,,,
cyclocardia,30.386591,Pliocene,,,,
mulinia,30.4642,Pliocene,,,,
cyclocardia,30.4642,Pliocene,,,,
crepidula,30.4642,Pliocene,,,,
crepidula,30.391421,Pliocene,,,,
modiolus,30.391421,Pliocene,,,,
modiolus,30.391421,Pliocene,,,,
chama,30.391421,Pliocene,,,,
cyclocardia,30.391421,Pliocene,,,,
chama,30.391421,Pliocene,,,,
crepidula,27.3708,Pliocene,,,,
cyclocardia,30.386591,Pliocene,,,,
chama,27.340255,Pliocene,,,,
chama,27.340255,Pliocene,,,,
chama,27.340255,Pliocene,,,,
chama,26.044561,Pliocene,,,,
astarte,26.044561,Pliocene,,,,
chama,27.395031,Pliocene,,,,
chama,26.044561,Pliocene,,,,
astarte,26.044561,Pliocene,,,,
crepidula,26.044561,Pliocene,,,,
chama,26.044561,Pliocene,,,,
mulinia,30.4642,Pliocene,,,,
mulinia,30.4642,Pliocene,,,,
crepidula,30.4642,Pliocene,,,,
crepidula,30.4642,Pliocene,,,,
chama,30.4642,Pliocene,,,,
cyclocardia,30.4642,Pliocene,,,,
astarte,30.4642,Pliocene,,,,
cyclocardia,30.4642,Pliocene,,,,
chama,30.4447,Pliocene,,,,
chama,27.368032,Pliocene,,,,
mulinia,27.368032,Pliocene,,,,
crepidula,27.368032,Pliocene,,,,
chama,27.368032,Pliocene,,,,
noetia,27.069811,Pliocene,,,,
crepidula,27.069811,Pliocene,,,,
noetia,26.3387,Pliocene,,,,
mulinia,26.3387,Pliocene,,,,
chama,26.3387,Pliocene,,,,
mulinia,26.3387,Pliocene,,,,
crepidula,26.1681,Pliocene,,,,
crepidula,26.1681,Pliocene,,,,
crepidula,26.1681,Pliocene,,,,
crepidula,26.1681,Pliocene,,,,
crepidula,27.043433,Pliocene,,,,
crepidula,27.043433,Pliocene,,,,
cyclocardia,30.459,Pliocene,,,,
parvilucina,30.459,Pliocene,,,,
parvilucina,30.459,Pliocene,,,,
parvilucina,30.459,Pliocene,,,,
mulinia,30.459,Pliocene,,,,
noetia,34.238474,Pliocene,,,,
noetia,34.238474,Pliocene,,,,
mulinia,34.238474,Pliocene,,,,
astarte,34.238474,Pliocene,,,,
chama,34.238474,Pliocene,,,,
noetia,34.238474,Pliocene,,,,
noetia,34.238474,Pliocene,,,,
noetia,34.238474,Pliocene,,,,
noetia,34.238474,Pliocene,,,,
chama,34.238474,Pliocene,,,,
noetia,34.238474,Pliocene,,,,
crepidula,34.238474,Pliocene,,,,
cyclocardia,34.238474,Pliocene,,,,
crepidula,34.238474,Pliocene,,,,
crepidula,34.238474,Pliocene,,,,
chama,34.238474,Pliocene,,,,
crepidula,34.238474,Pliocene,,,,
crepidula,34.238474,Pliocene,,,,
modiolus,34.238474,Pliocene,,,,
chama,34.238474,Pliocene,,,,
chama,34.238474,Pliocene,,,,
crepidula,34.238474,Pliocene,,,,
chesapecten,27.366642,Pliocene,,,,
chesapecten,27.366642,Pliocene,,,,
chesapecten,27.366642,Pliocene,,,,
chama,27.366642,Pliocene,,,,
chama,27.366642,Pliocene,,,,
noetia,27.366642,Pliocene,,,,
crepidula,27.366642,Pliocene,,,,
crepidula,27.366642,Pliocene,,,,
crepidula,27.366642,Pliocene,,,,
crepidula,27.366642,Pliocene,,,,
crepidula,27.366642,Pliocene,,,,
crepidula,27.366642,Pliocene,,,,
chama,27.366642,Pliocene,,,,
chama,27.366642,Pliocene,,,,
crepidula,27.366642,Pliocene,,,,
crepidula,27.366642,Pliocene,,,,
chama,27.366642,Pliocene,,,,
noetia,27.366642,Pliocene,,,,
chama,27.366642,Pliocene,,,,
chama,27.366642,Pliocene,,,,
chama,27.366642,Pliocene,,,,
chama,27.366642,Pliocene,,,,
noetia,26.2759,Pliocene,,,,
chama,27.366642,Pliocene,,,,
chama,27.003405,Pliocene,,,,
modiolus,27.070323,Pliocene,,,,
crepidula,27.0117,Pliocene,,,,
crepidula,27.0117,Pliocene,,,,
crepidula,27.0117,Pliocene,,,,
crepidula,27.0117,Pliocene,,,,
chama,27.0117,Pliocene,,,,
mulinia,27.0117,Pliocene,,,,
noetia,27.0117,Pliocene,,,,
spisula,27.0117,Pliocene,,,,
chama,37.0602,Pliocene,,,,
modiolus,37.0602,Pliocene,,,,
chesapecten,37.0602,Pliocene,,,,
chesapecten,37.0602,Pliocene,,,,
chesapecten,37.0602,Pliocene,,,,
crepidula,37.0602,Pliocene,,,,
mulinia,31.12301,Pliocene,,,,
astarte,37.0602,Pliocene,,,,
astarte,37.0602,Pliocene,,,,
crepidula,37.0602,Pliocene,,,,
chesapecten,37.0602,Pliocene,,,,
chesapecten,37.0602,Pliocene,,,,
cyclocardia,37.0602,Pliocene,,,,
crepidula,37.0602,Pliocene,,,,
chama,37.0602,Pliocene,,,,
spisula,37.0602,Pliocene,,,,
spisula,37.0602,Pliocene,,,,
striarca,37.0602,Pliocene,,,,
noetia,37.0602,Pliocene,,,,
crepidula,37.0602,Pliocene,,,,
astarte,33.351497,Pliocene,,,,
astarte,33.351497,Pliocene,,,,
cyclocardia,33.351497,Pliocene,,,,
noetia,33.351497,Pliocene,,,,
astarte,33.351497,Pliocene,,,,
astarte,33.351497,Pliocene,,,,
chama,33.351497,Pliocene,,,,
chama,33.351497,Pliocene,,,,
astarte,33.351497,Pliocene,,,,
mulinia,33.351497,Pliocene,,,,
mulinia,33.351497,Pliocene,,,,
cyclocardia,33.351497,Pliocene,,,,
astarte,33.351497,Pliocene,,,,
parvilucina,27.375448,Pliocene,,,,
parvilucina,27.375448,Pliocene,,,,
parvilucina,27.375448,Pliocene,,,,
parvilucina,27.375448,Pliocene,,,,
parvilucina,27.375448,Pliocene,,,,
parvilucina,27.375448,Pliocene,,,,
parvilucina,27.375448,Pliocene,,,,
parvilucina,27.375448,Pliocene,,,,
parvilucina,27.375448,Pliocene,,,,
parvilucina,27.375448,Pliocene,,,,
parvilucina,27.375448,Pliocene,,,,
parvilucina,27.375448,Pliocene,,,,
parvilucina,27.375448,Pliocene,,,,
parvilucina,27.375448,Pliocene,,,,
crepidula,27.375448,Pliocene,,,,
crepidula,27.375448,Pliocene,,,,
crepidula,27.375448,Pliocene,,,,
crepidula,27.375448,Pliocene,,,,
crepidula,27.375448,Pliocene,,,,
crepidula,27.375448,Pliocene,,,,
crepidula,27.375448,Pliocene,,,,
crepidula,27.375448,Pliocene,,,,
crepidula,27.375448,Pliocene,,,,
crepidula,27.375448,Pliocene,,,,
crepidula,27.375448,Pliocene,,,,
crepidula,27.375448,Pliocene,,,,
crepidula,27.375448,Pliocene,,,,
crepidula,27.375448,Pliocene,,,,
crepidula,27.375448,Pliocene,,,,
crepidula,27.375448,Pliocene,,,,
crepidula,27.375448,Pliocene,,,,
crepidula,27.375448,Pliocene,,,,
crepidula,27.375448,Pliocene,,,,
crepidula,27.375448,Pliocene,,,,
noetia,27.375448,Pliocene,,,,
mulinia,27.375448,Pliocene,,,,
mulinia,27.375448,Pliocene,,,,
chama,27.375448,Pliocene,,,,
mulinia,27.375448,Pliocene,,,,
mulinia,27.375448,Pliocene,,,,
chama,27.375448,Pliocene,,,,
chama,27.375448,Pliocene,,,,
chama,27.375448,Pliocene,,,,
mulinia,27.375448,Pliocene,,,,
chama,27.375448,Pliocene,,,,
chama,27.375448,Pliocene,,,,
chama,27.375448,Pliocene,,,,
chama,27.375448,Pliocene,,,,
parvilucina,27.375448,Pliocene,,,,
parvilucina,27.375448,Pliocene,,,,
parvilucina,27.375448,Pliocene,,,,
parvilucina,27.375448,Pliocene,,,,
parvilucina,27.375448,Pliocene,,,,
parvilucina,27.375448,Pliocene,,,,
crepidula,27.375448,Pliocene,,,,
chama,27.375448,Pliocene,,,,
mulinia,27.375448,Pliocene,,,,
crepidula,27.375448,Pliocene,,,,
mulinia,27.375448,Pliocene,,,,
mulinia,27.375448,Pliocene,,,,
chama,27.375448,Pliocene,,,,
crepidula,27.375448,Pliocene,,,,
crepidula,27.375448,Pliocene,,,,
crepidula,27.375448,Pliocene,,,,
crepidula,27.375448,Pliocene,,,,
crepidula,26.3321,Pliocene,,,,
chama,26.3321,Pliocene,,,,
noetia,26.3321,Pliocene,,,,
crepidula,26.3321,Pliocene,,,,
mulinia,27.375448,Pliocene,,,,
crepidula,27.375448,Pliocene,,,,
chama,27.375448,Pliocene,,,,
crepidula,27.375448,Pliocene,,,,
crepidula,27.375448,Pliocene,,,,
crepidula,26.3321,Pliocene,,,,
chama,26.3321,Pliocene,,,,
parvilucina,27.375448,Pliocene,,,,
parvilucina,27.375448,Pliocene,,,,
parvilucina,27.375448,Pliocene,,,,
parvilucina,27.375448,Pliocene,,,,
parvilucina,27.375448,Pliocene,,,,
parvilucina,27.375448,Pliocene,,,,
mulinia,27.375448,Pliocene,,,,
chama,27.375448,Pliocene,,,,
mulinia,27.375448,Pliocene,,,,
crepidula,27.375448,Pliocene,,,,
crepidula,27.375448,Pliocene,,,,
crepidula,27.375448,Pliocene,,,,
crepidula,27.375448,Pliocene,,,,
crepidula,27.375448,Pliocene,,,,
crepidula,27.375448,Pliocene,,,,
crepidula,27.375448,Pliocene,,,,
crepidula,27.375448,Pliocene,,,,
crepidula,27.375448,Pliocene,,,,
crepidula,27.375448,Pliocene,,,,
crepidula,27.375448,Pliocene,,,,
crepidula,27.375448,Pliocene,,,,
crepidula,27.375448,Pliocene,,,,
crepidula,27.375448,Pliocene,,,,
crepidula,27.375448,Pliocene,,,,
noetia,27.366642,Pliocene,,,,
crepidula,27.375448,Pliocene,,,,
crepidula,27.375448,Pliocene,,,,
crepidula,27.375448,Pliocene,,,,
crepidula,27.375448,Pliocene,,,,
crepidula,27.375448,Pliocene,,,,
crepidula,27.375448,Pliocene,,,,
crepidula,27.375448,Pliocene,,,,
crepidula,27.375448,Pliocene,,,,
chama,27.375448,Pliocene,,,,
chama,27.375448,Pliocene,,,,
mulinia,27.375448,Pliocene,,,,
crepidula,27.375448,Pliocene,,,,
crepidula,27.375448,Pliocene,,,,
crepidula,27.375448,Pliocene,,,,
crepidula,27.375448,Pliocene,,,,
crepidula,27.375448,Pliocene,,,,
crepidula,27.375448,Pliocene,,,,
crepidula,27.375448,Pliocene,,,,
crepidula,27.375448,Pliocene,,,,
crepidula,27.375448,Pliocene,,,,
crepidula,27.375448,Pliocene,,,,
crepidula,27.375448,Pliocene,,,,
crepidula,27.375448,Pliocene,,,,
crepidula,27.375448,Pliocene,,,,
crepidula,27.375448,Pliocene,,,,
crepidula,27.375448,Pliocene,,,,
crepidula,27.375448,Pliocene,,,,
crepidula,27.789627,Pliocene,,,,
cyclocardia,27.789627,Pliocene,,,,
crepidula,27.366642,Pliocene,,,,
crepidula,27.366642,Pliocene,,,,
astarte,27.789627,Pliocene,,,,
crepidula,27.789627,Pliocene,,,,
cyclocardia,27.789627,Pliocene,,,,
astarte,27.789627,Pliocene,,,,
crepidula,27.789627,Pliocene,,,,
mulinia,27.789627,Pliocene,,,,
mulinia,27.789627,Pliocene,,,,
crepidula,27.789627,Pliocene,,,,
astarte,27.789627,Pliocene,,,,
noetia,27.789627,Pliocene,,,,
cyclocardia,27.789627,Pliocene,,,,
astarte,27.789627,Pliocene,,,,
noetia,30.386591,Pliocene,,,,
noetia,30.386591,Pliocene,,,,
crepidula,36.763044,Pliocene,,,,
crepidula,36.763044,Pliocene,,,,
crepidula,36.763044,Pliocene,,,,
crepidula,27.375448,Pliocene,,,,
crepidula,27.375448,Pliocene,,,,
crepidula,27.375448,Pliocene,,,,
crepidula,27.375448,Pliocene,,,,
crepidula,27.375448,Pliocene,,,,
crepidula,27.375448,Pliocene,,,,
chesapecten,36.763044,Pliocene,,,,
chama,36.763044,Pliocene,,,,
crepidula,33.856607,Pliocene,,,,
crepidula,33.856607,Pliocene,,,,
noetia,37.2347,Pliocene,,,,
chama,27.375448,Pliocene,,,,
chama,27.375448,Pliocene,,,,
chama,27.375448,Pliocene,,,,
mulinia,27.375448,Pliocene,,,,
mulinia,27.375448,Pliocene,,,,
mulinia,27.375448,Pliocene,,,,
chama,27.375448,Pliocene,,,,
chama,27.375448,Pliocene,,,,
crepidula,27.375448,Pliocene,,,,
chama,27.375448,Pliocene,,,,
crepidula,27.375448,Pliocene,,,,
parvilucina,27.375448,Pliocene,,,,
crepidula,27.375448,Pliocene,,,,
mulinia,27.375448,Pliocene,,,,
crepidula,27.375448,Pliocene,,,,
mulinia,27.375448,Pliocene,,,,
mulinia,27.375448,Pliocene,,,,
chama,27.375448,Pliocene,,,,
parvilucina,27.375448,Pliocene,,,,
chama,27.375448,Pliocene,,,,
mulinia,27.375448,Pliocene,,,,
mulinia,27.375448,Pliocene,,,,
crepidula,27.375448,Pliocene,,,,
chama,27.375448,Pliocene,,,,
mulinia,27.375448,Pliocene,,,,
mulinia,27.375448,Pliocene,,,,
mulinia,27.375448,Pliocene,,,,
chama,27.375448,Pliocene,,,,
parvilucina,27.375448,Pliocene,,,,
crepidula,27.375448,Pliocene,,,,
parvilucina,27.375448,Pliocene,,,,
crepidula,27.375448,Pliocene,,,,
mulinia,27.375448,Pliocene,,,,
mulinia,27.375448,Pliocene,,,,
crepidula,26.285328,Pliocene,,,,
chama,26.285328,Pliocene,,,,
astarte,36.763044,Pliocene,,,,
cyclocardia,36.763044,Pliocene,,,,
crepidula,36.763044,Pliocene,,,,
noetia,36.763044,Pliocene,,,,
astarte,36.763044,Pliocene,,,,
spisula,36.763044,Pliocene,,,,
modiolus,36.763044,Pliocene,,,,
astarte,36.763044,Pliocene,,,,
mulinia,27.375448,Pliocene,,,,
crepidula,27.375448,Pliocene,,,,
crepidula,27.375448,Pliocene,,,,
chama,27.375448,Pliocene,,,,
crepidula,27.375448,Pliocene,,,,
crepidula,27.375448,Pliocene,,,,
crepidula,27.375448,Pliocene,,,,
crepidula,27.375448,Pliocene,,,,
crepidula,27.375448,Pliocene,,,,
crepidula,27.375448,Pliocene,,,,
crepidula,27.375448,Pliocene,,,,
crepidula,27.375448,Pliocene,,,,
crepidula,27.375448,Pliocene,,,,
astarte,36.763044,Pliocene,,,,
mulinia,27.375448,Pliocene,,,,
mulinia,27.375448,Pliocene,,,,
crepidula,27.375448,Pliocene,,,,
mulinia,27.375448,Pliocene,,,,
mulinia,27.375448,Pliocene,,,,
crepidula,27.375448,Pliocene,,,,
mulinia,27.375448,Pliocene,,,,
mulinia,27.375448,Pliocene,,,,
mulinia,27.375448,Pliocene,,,,
parvilucina,27.375448,Pliocene,,,,
mulinia,27.375448,Pliocene,,,,
mulinia,27.375448,Pliocene,,,,
crepidula,27.375448,Pliocene,,,,
astarte,30.386921,Pliocene,,,,
mulinia,30.386921,Pliocene,,,,
chama,30.386921,Pliocene,,,,
crepidula,36.763044,Pliocene,,,,
crepidula,36.763044,Pliocene,,,,
mulinia,27.375448,Pliocene,,,,
mulinia,27.375448,Pliocene,,,,
mulinia,27.375448,Pliocene,,,,
chama,27.375448,Pliocene,,,,
chama,27.375448,Pliocene,,,,
chama,27.375448,Pliocene,,,,
mulinia,27.375448,Pliocene,,,,
mulinia,27.375448,Pliocene,,,,
mulinia,27.375448,Pliocene,,,,
chama,27.375448,Pliocene,,,,
spisula,36.763044,Pliocene,,,,
astarte,36.763044,Pliocene,,,,
chesapecten,36.763044,Pliocene,,,,
cyclocardia,36.763044,Pliocene,,,,
crepidula,36.763044,Pliocene,,,,
mulinia,27.375448,Pliocene,,,,
chama,27.375448,Pliocene,,,,
mulinia,27.375448,Pliocene,,,,
mulinia,27.375448,Pliocene,,,,
spisula,27.375448,Pliocene,,,,
parvilucina,27.375448,Pliocene,,,,
mulinia,27.375448,Pliocene,,,,
chama,27.375448,Pliocene,,,,
chama,27.375448,Pliocene,,,,
chesapecten,36.763044,Pliocene,,,,
chesapecten,36.763044,Pliocene,,,,
astarte,36.763044,Pliocene,,,,
crepidula,36.763044,Pliocene,,,,
spisula,36.763044,Pliocene,,,,
cyclocardia,36.763044,Pliocene,,,,
crepidula,36.763044,Pliocene,,,,
crepidula,36.763044,Pliocene,,,,
crepidula,27.366642,Pliocene,,,,
crepidula,27.366642,Pliocene,,,,
noetia,27.366642,Pliocene,,,,
chesapecten,27.375123,Pliocene,,,,
chesapecten,27.375123,Pliocene,,,,
chesapecten,27.375123,Pliocene,,,,
chesapecten,27.375123,Pliocene,,,,
chama,27.375448,Pliocene,,,,
mulinia,27.375448,Pliocene,,,,
crepidula,27.375448,Pliocene,,,,
mulinia,27.375448,Pliocene,,,,
chama,27.375448,Pliocene,,,,
chama,27.375448,Pliocene,,,,
mulinia,27.375448,Pliocene,,,,
chama,27.375448,Pliocene,,,,
chama,27.375448,Pliocene,,,,
noetia,27.375448,Pliocene,,,,
mulinia,27.375448,Pliocene,,,,
mulinia,27.375448,Pliocene,,,,
chama,27.375448,Pliocene,,,,
chama,27.375448,Pliocene,,,,
chama,27.375448,Pliocene,,,,
mulinia,27.375448,Pliocene,,,,
chama,27.375448,Pliocene,,,,
chama,27.375448,Pliocene,,,,
parvilucina,27.375448,Pliocene,,,,
chama,27.375448,Pliocene,,,,
chama,26.9814,Pliocene,,,,
mulinia,26.9814,Pliocene,,,,
crepidula,26.9814,Pliocene,,,,
noetia,26.9814,Pliocene,,,,
chama,36.870779,Pliocene,,,,
cyclocardia,36.870779,Pliocene,,,,
spisula,36.870779,Pliocene,,,,
chesapecten,36.870779,Pliocene,,,,
crepidula,35.344367,Pliocene,,,,
astarte,36.763044,Pliocene,,,,
astarte,36.763044,Pliocene,,,,
cyclocardia,36.763044,Pliocene,,,,
noetia,36.763044,Pliocene,,,,
crepidula,36.763044,Pliocene,,,,
crepidula,27.375448,Pliocene,,,,
mulinia,27.375448,Pliocene,,,,
mulinia,27.375448,Pliocene,,,,
mulinia,27.375448,Pliocene,,,,
mulinia,27.375448,Pliocene,,,,
crepidula,27.375448,Pliocene,,,,
parvilucina,27.366642,Pliocene,,,,
chama,27.375448,Pliocene,,,,
mulinia,27.375448,Pliocene,,,,
mulinia,27.361199,Pliocene,,,,
crepidula,27.233526,Pliocene,,,,
crepidula,27.233526,Pliocene,,,,
crepidula,27.233526,Pliocene,,,,
crepidula,27.375448,Pliocene,,,,
chama,27.375448,Pliocene,,,,
mulinia,27.375448,Pliocene,,,,
chama,27.375448,Pliocene,,,,
crepidula,26.2759,Pliocene,,,,
crepidula,26.2759,Pliocene,,,,
chama,27.375448,Pliocene,,,,
mulinia,27.375448,Pliocene,,,,
mulinia,27.375448,Pliocene,,,,
mulinia,27.375448,Pliocene,,,,
chama,27.375448,Pliocene,,,,
chama,27.375448,Pliocene,,,,
mulinia,27.375448,Pliocene,,,,
chama,27.375448,Pliocene,,,,
chama,27.375448,Pliocene,,,,
crepidula,27.233526,Pliocene,,,,
crepidula,27.233526,Pliocene,,,,
crepidula,27.233526,Pliocene,,,,
crepidula,27.233526,Pliocene,,,,
noetia,27.233526,Pliocene,,,,
noetia,27.233526,Pliocene,,,,
chama,26.2759,Pliocene,,,,
chama,26.2759,Pliocene,,,,
chama,26.2759,Pliocene,,,,
chama,27.375448,Pliocene,,,,
chama,27.375448,Pliocene,,,,
chama,27.375448,Pliocene,,,,
mulinia,27.375448,Pliocene,,,,
chama,27.375448,Pliocene,,,,
mulinia,27.375448,Pliocene,,,,
chama,27.375448,Pliocene,,,,
chama,27.375448,Pliocene,,,,
chama,27.375448,Pliocene,,,,
crepidula,27.375448,Pliocene,,,,
crepidula,27.375448,Pliocene,,,,
crepidula,27.375448,Pliocene,,,,
crepidula,27.375448,Pliocene,,,,
mulinia,26.1681,Pliocene,,,,
mulinia,26.1681,Pliocene,,,,
mulinia,26.1681,Pliocene,,,,
striarca,37.1481,Pliocene,,,,
cyclocardia,37.1481,Pliocene,,,,
cyclocardia,37.1481,Pliocene,,,,
chama,37.1481,Pliocene,,,,
chama,37.1481,Pliocene,,,,
noetia,37.1481,Pliocene,,,,
spisula,37.1481,Pliocene,,,,
astarte,37.1481,Pliocene,,,,
astarte,37.1481,Pliocene,,,,
crepidula,37.0577,Pliocene,,,,
crepidula,37.0577,Pliocene,,,,
noetia,37.0353,Pliocene,,,,
noetia,37.0353,Pliocene,,,,
cyclocardia,37.0353,Pliocene,,,,
cyclocardia,37.0577,Pliocene,,,,
modiolus,37.0353,Pliocene,,,,
cyclocardia,37.0353,Pliocene,,,,
noetia,37.0353,Pliocene,,,,
astarte,37.0353,Pliocene,,,,
mulinia,27.366642,Pliocene,,,,
crepidula,27.3125,Pliocene,,,,
crepidula,27.3125,Pliocene,,,,
crepidula,27.3125,Pliocene,,,,
astarte,37.2369,Pliocene,,,,
astarte,37.2369,Pliocene,,,,
astarte,37.2369,Pliocene,,,,
astarte,37.2369,Pliocene,,,,
astarte,37.2369,Pliocene,,,,
astarte,37.2369,Pliocene,,,,
chesapecten,37.2369,Pliocene,,,,
mulinia,27.375448,Pliocene,,,,
cyclocardia,37.2369,Pliocene,,,,
crepidula,33.351497,Pliocene,,,,
cyclocardia,30.4642,Pliocene,,,,
chama,36.763044,Pliocene,,,,
chama,34.05641,Pliocene,,,,
chama,34.05641,Pliocene,,,,
chesapecten,33.351497,Pliocene,,,,
chama,37.0353,Pliocene,,,,
spisula,33.351497,Pliocene,,,,
astarte,33.351497,Pliocene,,,,
astarte,33.351497,Pliocene,,,,
cyclocardia,37.0353,Pliocene,,,,
cyclocardia,37.0353,Pliocene,,,,
chama,26.8754,Pliocene,,,,
mulinia,26.8754,Pliocene,,,,
mulinia,26.8754,Pliocene,,,,
mulinia,26.8754,Pliocene,,,,
mulinia,26.8754,Pliocene,,,,
spisula,36.763044,Pliocene,,,,
cyclocardia,36.763044,Pliocene,,,,
crepidula,36.763044,Pliocene,,,,
chama,36.763044,Pliocene,,,,
chama,36.763044,Pliocene,,,,
astarte,36.763044,Pliocene,,,,
noetia,36.763044,Pliocene,,,,
mulinia,34.592977,Pliocene,,,,
cyclocardia,34.592977,Pliocene,,,,
chama,34.592977,Pliocene,,,,
spisula,34.592977,Pliocene,,,,
chama,34.592977,Pliocene,,,,
parvilucina,34.592977,Pliocene,,,,
noetia,34.592977,Pliocene,,,,
chesapecten,36.908245,Pliocene,,,,
noetia,36.908245,Pliocene,,,,
crepidula,27.375448,Pliocene,,,,
mulinia,27.375448,Pliocene,,,,
crepidula,34.592977,Pliocene,,,,
chama,36.870779,Pliocene,,,,
crepidula,35.896509,Pliocene,,,,
chama,36.763044,Pliocene,,,,
chama,36.763044,Pliocene,,,,
noetia,36.763044,Pliocene,,,,
chama,33.351497,Pliocene,,,,
noetia,37.0353,Pliocene,,,,
noetia,37.0353,Pliocene,,,,
chama,37.0353,Pliocene,,,,
noetia,33.856607,Pliocene,,,,
chama,33.856607,Pliocene,,,,
noetia,34.05641,Pliocene,,,,
noetia,34.05641,Pliocene,,,,
mulinia,27.366642,Pliocene,,,,
mulinia,34.607171,Pliocene,,,,
astarte,37.251547,Pliocene,,,,
astarte,33.351497,Pliocene,,,,
astarte,33.351497,Pliocene,,,,
astarte,33.351497,Pliocene,,,,
astarte,35.896509,Pliocene,,,,
astarte,35.896509,Pliocene,,,,
astarte,36.763044,Pliocene,,,,
astarte,37.020637,Pliocene,,,,
astarte,33.856607,Pliocene,,,,
astarte,34.05641,Pliocene,,,,
spisula,36.763044,Pliocene,,,,
chama,36.763044,Pliocene,,,,
parvilucina,36.763044,Pliocene,,,,
crepidula,36.763044,Pliocene,,,,
chama,36.763044,Pliocene,,,,
mulinia,36.763044,Pliocene,,,,
astarte,36.763044,Pliocene,,,,
astarte,36.763044,Pliocene,,,,
mulinia,34.607171,Pliocene,,,,
parvilucina,34.607171,Pliocene,,,,
noetia,34.607171,Pliocene,,,,
astarte,35.896509,Pliocene,,,,
astarte,36.763044,Pliocene,,,,
astarte,36.763044,Pliocene,,,,
spisula,36.763044,Pliocene,,,,
astarte,36.763044,Pliocene,,,,
cyclocardia,36.763044,Pliocene,,,,
astarte,36.763044,Pliocene,,,,
crepidula,37.0353,Pliocene,,,,
crepidula,37.0353,Pliocene,,,,
crepidula,35.896509,Pliocene,,,,
parvilucina,37.035531,Pliocene,,,,
mulinia,34.732905,Pliocene,,,,
cyclocardia,34.442771,Pliocene,,,,
chama,34.442771,Pliocene,,,,
noetia,34.442771,Pliocene,,,,
crepidula,34.442771,Pliocene,,,,
cyclocardia,34.732905,Pliocene,,,,
noetia,36.901889,Pliocene,,,,
spisula,36.901889,Pliocene,,,,
spisula,36.901889,Pliocene,,,,
mulinia,36.901889,Pliocene,,,,
chama,36.901889,Pliocene,,,,
cyclocardia,36.901889,Pliocene,,,,
modiolus,35.896509,Pliocene,,,,
modiolus,35.898381,Pliocene,,,,
modiolus,37.251547,Pliocene,,,,
chama,37.2347,Pliocene,,,,
chama,37.2347,Pliocene,,,,
chama,37.2347,Pliocene,,,,
chama,37.2347,Pliocene,,,,
chama,37.2347,Pliocene,,,,
chama,37.2347,Pliocene,,,,
chama,37.2347,Pliocene,,,,
chama,37.2347,Pliocene,,,,
chama,37.2347,Pliocene,,,,
chama,37.2347,Pliocene,,,,
chama,37.2347,Pliocene,,,,
chama,37.2347,Pliocene,,,,
chama,37.2347,Pliocene,,,,
chama,37.2347,Pliocene,,,,
chama,37.2347,Pliocene,,,,
chama,37.2347,Pliocene,,,,
chama,37.2347,Pliocene,,,,
noetia,37.2347,Pliocene,,,,
noetia,37.2347,Pliocene,,,,
noetia,37.2347,Pliocene,,,,
noetia,37.2347,Pliocene,,,,
noetia,37.2347,Pliocene,,,,
noetia,37.2347,Pliocene,,,,
chama,37.2347,Pliocene,,,,
noetia,37.119649,Pliocene,,,,
chama,37.119649,Pliocene,,,,
chesapecten,36.901889,Pliocene,,,,
spisula,36.901889,Pliocene,,,,
crepidula,36.901889,Pliocene,,,,
noetia,36.901889,Pliocene,,,,
astarte,36.901889,Pliocene,,,,
chesapecten,36.901889,Pliocene,,,,
cyclocardia,36.901889,Pliocene,,,,
noetia,36.901889,Pliocene,,,,
astarte,36.901889,Pliocene,,,,
chesapecten,36.901889,Pliocene,,,,
astarte,36.901889,Pliocene,,,,
spisula,36.901889,Pliocene,,,,
crepidula,36.901889,Pliocene,,,,
crepidula,37.0602,Pliocene,,,,
crepidula,37.0602,Pliocene,,,,
cyclocardia,37.1481,Pliocene,,,,
chama,37.1481,Pliocene,,,,
astarte,37.1481,Pliocene,,,,
chesapecten,37.035531,Pliocene,,,,
astarte,37.035531,Pliocene,,,,
cyclocardia,37.035531,Pliocene,,,,
astarte,37.035531,Pliocene,,,,
chesapecten,27.3708,Pliocene,,,,
mulinia,27.366642,Pliocene,,,,
mulinia,27.366642,Pliocene,,,,
mulinia,27.366642,Pliocene,,,,
mulinia,27.366642,Pliocene,,,,
mulinia,27.366642,Pliocene,,,,
mulinia,27.366642,Pliocene,,,,
mulinia,27.366642,Pliocene,,,,
mulinia,27.366642,Pliocene,,,,
mulinia,27.366642,Pliocene,,,,
mulinia,27.366642,Pliocene,,,,
mulinia,27.366642,Pliocene,,,,
mulinia,27.366642,Pliocene,,,,
mulinia,27.366642,Pliocene,,,,
mulinia,27.366642,Pliocene,,,,
mulinia,27.366642,Pliocene,,,,
mulinia,27.366642,Pliocene,,,,
mulinia,27.366642,Pliocene,,,,
mulinia,27.366642,Pliocene,,,,
mulinia,27.366642,Pliocene,,,,
mulinia,27.366642,Pliocene,,,,
mulinia,27.366642,Pliocene,,,,
mulinia,27.366642,Pliocene,,,,
mulinia,27.366642,Pliocene,,,,
mulinia,27.366642,Pliocene,,,,
mulinia,27.366642,Pliocene,,,,
mulinia,27.366642,Pliocene,,,,
chama,27.366642,Pliocene,,,,
mulinia,27.366642,Pliocene,,,,
chesapecten,36.763044,Pliocene,,,,
chesapecten,36.763044,Pliocene,,,,
chesapecten,36.763044,Pliocene,,,,
chesapecten,36.763044,Pliocene,,,,
chesapecten,36.763044,Pliocene,,,,
chesapecten,36.763044,Pliocene,,,,
chesapecten,36.763044,Pliocene,,,,
chesapecten,36.763044,Pliocene,,,,
chesapecten,36.763044,Pliocene,,,,
chesapecten,36.763044,Pliocene,,,,
chesapecten,36.763044,Pliocene,,,,
chesapecten,36.763044,Pliocene,,,,
chesapecten,36.763044,Pliocene,,,,
chesapecten,36.763044,Pliocene,,,,
chesapecten,36.763044,Pliocene,,,,
chesapecten,36.763044,Pliocene,,,,
chesapecten,36.763044,Pliocene,,,,
chesapecten,36.763044,Pliocene,,,,
chesapecten,36.763044,Pliocene,,,,
chesapecten,36.763044,Pliocene,,,,
chesapecten,36.763044,Pliocene,,,,
chesapecten,36.763044,Pliocene,,,,
chesapecten,36.763044,Pliocene,,,,
chesapecten,36.763044,Pliocene,,,,
chesapecten,36.763044,Pliocene,,,,
chesapecten,36.763044,Pliocene,,,,
astarte,35.344367,Pliocene,,,,
astarte,35.344367,Pliocene,,,,
cyclocardia,37.2687,Pliocene,,,,
chama,37.2687,Pliocene,,,,
astarte,37.2687,Pliocene,,,,
chesapecten,37.2687,Pliocene,,,,
chesapecten,33.351497,Pliocene,,,,
chesapecten,33.351497,Pliocene,,,,
modiolus,36.901889,Pliocene,,,,
modiolus,36.901889,Pliocene,,,,
chesapecten,37.020637,Pliocene,,,,
noetia,37.020637,Pliocene,,,,
chesapecten,36.901889,Pliocene,,,,
spisula,36.901889,Pliocene,,,,
chama,36.901889,Pliocene,,,,
chesapecten,36.901889,Pliocene,,,,
crepidula,36.901889,Pliocene,,,,
astarte,36.901889,Pliocene,,,,
spisula,37.0602,Pliocene,,,,
astarte,37.0602,Pliocene,,,,
crepidula,26.171741,Pliocene,,,,
crepidula,26.171741,Pliocene,,,,
noetia,27.270925,Pliocene,,,,
crepidula,27.340255,Pliocene,,,,
crepidula,27.340255,Pliocene,,,,
crepidula,27.340255,Pliocene,,,,
mulinia,27.366642,Pliocene,,,,
chama,27.366642,Pliocene,,,,
chama,27.366642,Pliocene,,,,
chama,27.366642,Pliocene,,,,
chama,26.2759,Pliocene,,,,
chama,26.2759,Pliocene,,,,
chama,27.3708,Pliocene,,,,
astarte,30.386921,Pliocene,,,,
chama,27.368032,Pliocene,,,,
crepidula,34.238474,Pliocene,,,,
crepidula,34.238474,Pliocene,,,,
chama,34.238474,Pliocene,,,,
astarte,34.238474,Pliocene,,,,
parvilucina,34.238474,Pliocene,,,,
chama,34.238474,Pliocene,,,,
parvilucina,34.238474,Pliocene,,,,
cyclocardia,34.238474,Pliocene,,,,
astarte,34.238474,Pliocene,,,,
mulinia,34.238474,Pliocene,,,,
modiolus,34.238474,Pliocene,,,,
noetia,34.238474,Pliocene,,,,
astarte,34.238474,Pliocene,,,,
cyclocardia,34.238474,Pliocene,,,,
noetia,34.238474,Pliocene,,,,
modiolus,34.238474,Pliocene,,,,
mulinia,34.238474,Pliocene,,,,
astarte,34.238474,Pliocene,,,,
parvilucina,34.238474,Pliocene,,,,
astarte,34.238474,Pliocene,,,,
chama,34.238474,Pliocene,,,,
parvilucina,34.238474,Pliocene,,,,
astarte,34.238474,Pliocene,,,,
noetia,27.834878,Pliocene,,,,
mulinia,34.238474,Pliocene,,,,
astarte,34.238474,Pliocene,,,,
astarte,34.238474,Pliocene,,,,
chama,34.238474,Pliocene,,,,
cyclocardia,34.238474,Pliocene,,,,
chama,34.238474,Pliocene,,,,
modiolus,34.238474,Pliocene,,,,
astarte,34.238474,Pliocene,,,,
parvilucina,34.238474,Pliocene,,,,
parvilucina,34.238474,Pliocene,,,,
crepidula,34.238474,Pliocene,,,,
cyclocardia,34.238474,Pliocene,,,,
crepidula,34.238474,Pliocene,,,,
noetia,34.238474,Pliocene,,,,
astarte,34.238474,Pliocene,,,,
astarte,34.238474,Pliocene,,,,
chama,34.238474,Pliocene,,,,
chama,34.238474,Pliocene,,,,
parvilucina,34.238474,Pliocene,,,,
parvilucina,34.238474,Pliocene,,,,
mulinia,34.238474,Pliocene,,,,
astarte,34.238474,Pliocene,,,,
astarte,34.238474,Pliocene,,,,
cyclocardia,34.238474,Pliocene,,,,
chama,34.238474,Pliocene,,,,
parvilucina,34.238474,Pliocene,,,,
parvilucina,34.238474,Pliocene,,,,
modiolus,34.238474,Pliocene,,,,
noetia,34.238474,Pliocene,,,,
mulinia,27.003405,Pliocene,,,,
crepidula,34.238474,Pliocene,,,,
crepidula,34.238474,Pliocene,,,,
crepidula,27.003405,Pliocene,,,,
crepidula,27.003405,Pliocene,,,,
cyclocardia,34.238474,Pliocene,,,,
astarte,34.238474,Pliocene,,,,
noetia,34.238474,Pliocene,,,,
chama,34.238474,Pliocene,,,,
modiolus,34.238474,Pliocene,,,,
mulinia,34.238474,Pliocene,,,,
mulinia,34.238474,Pliocene,,,,
chama,34.238474,Pliocene,,,,
chama,34.238474,Pliocene,,,,
crepidula,34.238474,Pliocene,,,,
crepidula,34.238474,Pliocene,,,,
chama,34.238474,Pliocene,,,,
modiolus,34.238474,Pliocene,,,,
chama,34.238474,Pliocene,,,,
noetia,34.238474,Pliocene,,,,
crepidula,34.238474,Pliocene,,,,
crepidula,34.238474,Pliocene,,,,
cyclocardia,34.238474,Pliocene,,,,
mulinia,34.238474,Pliocene,,,,
noetia,34.238474,Pliocene,,,,
noetia,34.238474,Pliocene,,,,
chama,34.238474,Pliocene,,,,
mulinia,34.238474,Pliocene,,,,
chama,34.238474,Pliocene,,,,
mulinia,34.238474,Pliocene,,,,
cyclocardia,34.238474,Pliocene,,,,
astarte,34.238474,Pliocene,,,,
chama,34.238474,Pliocene,,,,
modiolus,34.238474,Pliocene,,,,
crepidula,34.238474,Pliocene,,,,
crepidula,34.238474,Pliocene,,,,
astarte,27.366642,Pliocene,,,,
chama,34.238474,Pliocene,,,,
astarte,34.238474,Pliocene,,,,
astarte,34.238474,Pliocene,,,,
noetia,34.238474,Pliocene,,,,
astarte,34.238474,Pliocene,,,,
chama,34.238474,Pliocene,,,,
astarte,34.238474,Pliocene,,,,
modiolus,34.238474,Pliocene,,,,
crepidula,34.238474,Pliocene,,,,
chama,34.238474,Pliocene,,,,
cyclocardia,34.238474,Pliocene,,,,
mulinia,34.238474,Pliocene,,,,
mulinia,34.238474,Pliocene,,,,
crepidula,26.357456,Pliocene,,,,
astarte,35.344367,Pliocene,,,,
astarte,35.344367,Pliocene,,,,
crepidula,27.3708,Pliocene,,,,
chama,27.3708,Pliocene,,,,
mulinia,34.238474,Pliocene,,,,
astarte,34.238474,Pliocene,,,,
astarte,34.238474,Pliocene,,,,
astarte,34.238474,Pliocene,,,,
cyclocardia,34.238474,Pliocene,,,,
chama,34.238474,Pliocene,,,,
parvilucina,34.238474,Pliocene,,,,
parvilucina,34.238474,Pliocene,,,,
mulinia,34.238474,Pliocene,,,,
cyclocardia,34.238474,Pliocene,,,,
astarte,34.238474,Pliocene,,,,
astarte,34.238474,Pliocene,,,,
astarte,34.238474,Pliocene,,,,
chama,34.238474,Pliocene,,,,
chama,34.238474,Pliocene,,,,
parvilucina,34.238474,Pliocene,,,,
modiolus,34.238474,Pliocene,,,,
noetia,34.238474,Pliocene,,,,
crepidula,34.238474,Pliocene,,,,
cyclocardia,34.238474,Pliocene,,,,
cyclocardia,34.238474,Pliocene,,,,
cyclocardia,34.238474,Pliocene,,,,
cyclocardia,34.238474,Pliocene,,,,
mulinia,34.238474,Pliocene,,,,
mulinia,34.238474,Pliocene,,,,
mulinia,34.238474,Pliocene,,,,
mulinia,34.238474,Pliocene,,,,
mulinia,34.238474,Pliocene,,,,
modiolus,34.238474,Pliocene,,,,
parvilucina,34.238474,Pliocene,,,,
parvilucina,34.238474,Pliocene,,,,
chama,34.238474,Pliocene,,,,
chama,34.238474,Pliocene,,,,
astarte,34.238474,Pliocene,,,,
astarte,34.238474,Pliocene,,,,
astarte,34.238474,Pliocene,,,,
astarte,34.238474,Pliocene,,,,
chesapecten,27.375123,Pliocene,,,,
chesapecten,27.375123,Pliocene,,,,
crepidula,27.375448,Pliocene,,,,
mulinia,37.020637,Pliocene,,,,
modiolus,37.020637,Pliocene,,,,
chesapecten,37.020637,Pliocene,,,,
chesapecten,36.901889,Pliocene,,,,
chama,36.901889,Pliocene,,,,
cyclocardia,36.901889,Pliocene,,,,
chama,26.167723,Pliocene,,,,
chama,26.167723,Pliocene,,,,
chesapecten,37.1481,Pliocene,,,,
chesapecten,37.1481,Pliocene,,,,
chesapecten,37.1481,Pliocene,,,,
chesapecten,37.1481,Pliocene,,,,
chesapecten,37.1481,Pliocene,,,,
chesapecten,37.1481,Pliocene,,,,
chesapecten,37.1481,Pliocene,,,,
chesapecten,37.1481,Pliocene,,,,
chesapecten,37.1481,Pliocene,,,,
chesapecten,37.1481,Pliocene,,,,
chesapecten,37.1481,Pliocene,,,,
chesapecten,37.1481,Pliocene,,,,
chesapecten,37.1481,Pliocene,,,,
chesapecten,37.1481,Pliocene,,,,
chesapecten,37.1481,Pliocene,,,,
chama,26.1681,Pliocene,,,,
chama,26.1681,Pliocene,,,,
chama,26.1681,Pliocene,,,,
chama,26.1681,Pliocene,,,,
chama,26.1681,Pliocene,,,,
chama,26.9964,Pliocene,,,,
chama,26.9964,Pliocene,,,,
chama,26.9964,Pliocene,,,,
spisula,37.1335,Pliocene,,,,
chama,37.1335,Pliocene,,,,
chama,37.1335,Pliocene,,,,
cyclocardia,37.1335,Pliocene,,,,
cyclocardia,37.1335,Pliocene,,,,
cyclocardia,37.1335,Pliocene,,,,
cyclocardia,37.1335,Pliocene,,,,
cyclocardia,37.1335,Pliocene,,,,
noetia,37.1335,Pliocene,,,,
striarca,37.1335,Pliocene,,,,
chama,34.238474,Pliocene,,,,
cyclocardia,34.238474,Pliocene,,,,
cyclocardia,34.238474,Pliocene,,,,
cyclocardia,34.238474,Pliocene,,,,
cyclocardia,34.238474,Pliocene,,,,
cyclocardia,34.238474,Pliocene,,,,
cyclocardia,34.238474,Pliocene,,,,
cyclocardia,34.238474,Pliocene,,,,
cyclocardia,34.238474,Pliocene,,,,
cyclocardia,34.238474,Pliocene,,,,
cyclocardia,34.238474,Pliocene,,,,
astarte,34.238474,Pliocene,,,,
astarte,34.238474,Pliocene,,,,
astarte,34.238474,Pliocene,,,,
astarte,34.238474,Pliocene,,,,
astarte,34.238474,Pliocene,,,,
astarte,34.238474,Pliocene,,,,
astarte,34.238474,Pliocene,,,,
astarte,34.238474,Pliocene,,,,
astarte,34.238474,Pliocene,,,,
astarte,34.238474,Pliocene,,,,
astarte,34.238474,Pliocene,,,,
astarte,34.238474,Pliocene,,,,
mulinia,34.238474,Pliocene,,,,
mulinia,34.238474,Pliocene,,,,
mulinia,34.238474,Pliocene,,,,
mulinia,34.238474,Pliocene,,,,
mulinia,34.238474,Pliocene,,,,
noetia,34.238474,Pliocene,,,,
chama,34.238474,Pliocene,,,,
astarte,34.238474,Pliocene,,,,
chama,34.238474,Pliocene,,,,
cyclocardia,34.238474,Pliocene,,,,
astarte,34.238474,Pliocene,,,,
mulinia,34.238474,Pliocene,,,,
noetia,34.238474,Pliocene,,,,
chama,37.0353,Pliocene,,,,
chama,37.0353,Pliocene,,,,
chesapecten,37.0353,Pliocene,,,,
chama,37.0353,Pliocene,,,,
chesapecten,37.0353,Pliocene,,,,
noetia,37.0353,Pliocene,,,,
parvilucina,34.238474,Pliocene,,,,
chama,34.238474,Pliocene,,,,
modiolus,34.238474,Pliocene,,,,
crepidula,26.2759,Pliocene,,,,
noetia,34.238474,Pliocene,,,,
parvilucina,34.238474,Pliocene,,,,
parvilucina,34.238474,Pliocene,,,,
chama,34.238474,Pliocene,,,,
chama,34.238474,Pliocene,,,,
astarte,34.238474,Pliocene,,,,
astarte,34.238474,Pliocene,,,,
astarte,34.238474,Pliocene,,,,
cyclocardia,34.238474,Pliocene,,,,
mulinia,34.238474,Pliocene,,,,
crepidula,34.238474,Pliocene,,,,
astarte,34.238474,Pliocene,,,,
cyclocardia,34.238474,Pliocene,,,,
astarte,34.238474,Pliocene,,,,
chama,34.238474,Pliocene,,,,
chama,34.238474,Pliocene,,,,
mulinia,34.238474,Pliocene,,,,
mulinia,34.238474,Pliocene,,,,
cyclocardia,34.238474,Pliocene,,,,
noetia,34.238474,Pliocene,,,,
chama,34.238474,Pliocene,,,,
chama,34.238474,Pliocene,,,,
astarte,34.238474,Pliocene,,,,
astarte,34.238474,Pliocene,,,,
astarte,34.238474,Pliocene,,,,
mulinia,34.238474,Pliocene,,,,
chama,34.238474,Pliocene,,,,
cyclocardia,34.238474,Pliocene,,,,
chama,26.995729,Pliocene,,,,
chama,26.995729,Pliocene,,,,
chama,26.995729,Pliocene,,,,
chama,26.995729,Pliocene,,,,
parvilucina,34.238474,Pliocene,,,,
astarte,34.238474,Pliocene,,,,
chama,34.238474,Pliocene,,,,
astarte,34.238474,Pliocene,,,,
mulinia,34.238474,Pliocene,,,,
noetia,34.238474,Pliocene,,,,
chama,34.238474,Pliocene,,,,
chama,34.238474,Pliocene,,,,
chama,34.238474,Pliocene,,,,
cyclocardia,34.238474,Pliocene,,,,
astarte,34.238474,Pliocene,,,,
chama,26.357456,Pliocene,,,,
chama,26.357456,Pliocene,,,,
mulinia,26.357456,Pliocene,,,,
crepidula,26.357456,Pliocene,,,,
crepidula,27.3404,Pliocene,,,,
chama,37.0353,Pliocene,,,,
chama,37.0353,Pliocene,,,,
chama,37.0353,Pliocene,,,,
chama,37.0353,Pliocene,,,,
chama,37.0353,Pliocene,,,,
mulinia,37.0353,Pliocene,,,,
chama,37.0353,Pliocene,,,,
cyclocardia,34.238474,Pliocene,,,,
cyclocardia,34.238474,Pliocene,,,,
cyclocardia,34.238474,Pliocene,,,,
cyclocardia,34.238474,Pliocene,,,,
noetia,37.2347,Pliocene,,,,
noetia,37.26796,Pliocene,,,,
striarca,37.26796,Pliocene,,,,
modiolus,36.3134,Pliocene,,,,
noetia,36.3134,Pliocene,,,,
noetia,36.3134,Pliocene,,,,
noetia,36.3134,Pliocene,,,,
astarte,36.3134,Pliocene,,,,
astarte,36.3134,Pliocene,,,,
crepidula,36.3134,Pliocene,,,,
crepidula,36.3134,Pliocene,,,,
chesapecten,27.375123,Pliocene,,,,
chesapecten,27.375123,Pliocene,,,,
chesapecten,27.375123,Pliocene,,,,
astarte,27.789627,Pliocene,,,,
cyclocardia,27.789627,Pliocene,,,,
chama,27.360528,Pliocene,,,,
chesapecten,27.361199,Pliocene,,,,
mulinia,27.366642,Pliocene,,,,
chama,27.366642,Pliocene,,,,
cyclocardia,29.6873,Pliocene,,,,
noetia,29.6873,Pliocene,,,,
crepidula,29.6873,Pliocene,,,,
crepidula,29.6873,Pliocene,,,,
cyclocardia,29.6873,Pliocene,,,,
mulinia,29.6873,Pliocene,,,,
crepidula,29.6873,Pliocene,,,,
mulinia,29.6873,Pliocene,,,,
crepidula,29.6873,Pliocene,,,,
crepidula,29.6873,Pliocene,,,,
mulinia,29.6873,Pliocene,,,,
crepidula,34.878384,Pliocene,,,,
crepidula,34.878384,Pliocene,,,,
cyclocardia,34.878384,Pliocene,,,,
astarte,34.878384,Pliocene,,,,
chama,26.2759,Pliocene,,,,
mulinia,34.878384,Pliocene,,,,
mulinia,34.878384,Pliocene,,,,
mulinia,34.878384,Pliocene,,,,
mulinia,34.878384,Pliocene,,,,
mulinia,34.878384,Pliocene,,,,
mulinia,34.878384,Pliocene,,,,
mulinia,34.878384,Pliocene,,,,
mulinia,34.878384,Pliocene,,,,
mulinia,34.878384,Pliocene,,,,
mulinia,34.878384,Pliocene,,,,
chama,34.878384,Pliocene,,,,
mulinia,34.878384,Pliocene,,,,
chama,34.878384,Pliocene,,,,
chama,34.878384,Pliocene,,,,
chesapecten,27.366642,Pliocene,,,,
astarte,27.366642,Pliocene,,,,
astarte,27.368032,Pliocene,,,,
chama,26.1681,Pliocene,,,,
chama,27.368032,Pliocene,,,,
chama,26.9925,Pliocene,,,,
chama,27.368032,Pliocene,,,,
mulinia,27.368032,Pliocene,,,,
chama,27.368032,Pliocene,,,,
cyclocardia,27.368032,Pliocene,,,,
parvilucina,27.366642,Pliocene,,,,
chama,27.368032,Pliocene,,,,
chama,27.368032,Pliocene,,,,
chama,25.692953,Pliocene,,,,
chama,25.692953,Pliocene,,,,
noetia,25.692953,Pliocene,,,,
chama,27.3583,Pliocene,,,,
chama,27.3583,Pliocene,,,,
chama,27.3583,Pliocene,,,,
mulinia,33.833184,Pliocene,,,,
noetia,34.878384,Pliocene,,,,
chama,27.3583,Pliocene,,,,
cyclocardia,34.878384,Pliocene,,,,
cyclocardia,34.878384,Pliocene,,,,
cyclocardia,34.878384,Pliocene,,,,
cyclocardia,34.878384,Pliocene,,,,
cyclocardia,34.878384,Pliocene,,,,
cyclocardia,34.878384,Pliocene,,,,
cyclocardia,34.878384,Pliocene,,,,
cyclocardia,34.878384,Pliocene,,,,
astarte,34.878384,Pliocene,,,,
astarte,27.155736,Pliocene,,,,
astarte,33.833184,Pliocene,,,,
chama,27.3583,Pliocene,,,,
chama,27.3583,Pliocene,,,,
cyclocardia,34.707092,Pliocene,,,,
chama,27.366642,Pliocene,,,,
chama,27.366642,Pliocene,,,,
chama,27.366642,Pliocene,,,,
spisula,34.707092,Pliocene,,,,
noetia,34.442729,Pliocene,,,,
modiolus,34.878384,Pliocene,,,,
modiolus,34.878384,Pliocene,,,,
cyclocardia,34.707092,Pliocene,,,,
chama,27.365145,Pliocene,,,,
chama,27.365145,Pliocene,,,,
chama,27.365145,Pliocene,,,,
modiolus,27.366642,Pliocene,,,,
chama,27.366642,Pliocene,,,,
chama,27.365145,Pliocene,,,,
chama,34.707092,Pliocene,,,,
mulinia,34.707092,Pliocene,,,,
cyclocardia,34.707092,Pliocene,,,,
chama,27.3583,Pliocene,,,,
chama,27.3583,Pliocene,,,,
cyclocardia,34.707092,Pliocene,,,,
noetia,34.057568,Pliocene,,,,
noetia,34.878384,Pliocene,,,,
crepidula,34.878384,Pliocene,,,,
cyclocardia,34.442729,Pliocene,,,,
mulinia,34.057568,Pliocene,,,,
mulinia,34.057568,Pliocene,,,,
mulinia,34.057568,Pliocene,,,,
mulinia,34.057568,Pliocene,,,,
mulinia,34.057568,Pliocene,,,,
mulinia,34.057568,Pliocene,,,,
mulinia,34.057568,Pliocene,,,,
mulinia,34.057568,Pliocene,,,,
mulinia,34.057568,Pliocene,,,,
mulinia,34.057568,Pliocene,,,,
mulinia,34.057568,Pliocene,,,,
mulinia,34.057568,Pliocene,,,,
mulinia,34.057568,Pliocene,,,,
mulinia,34.057568,Pliocene,,,,
mulinia,34.057568,Pliocene,,,,
mulinia,34.057568,Pliocene,,,,
mulinia,34.057568,Pliocene,,,,
mulinia,34.057568,Pliocene,,,,
mulinia,34.057568,Pliocene,,,,
mulinia,34.057568,Pliocene,,,,
mulinia,34.057568,Pliocene,,,,
mulinia,34.057568,Pliocene,,,,
mulinia,34.057568,Pliocene,,,,
mulinia,34.057568,Pliocene,,,,
chama,34.057568,Pliocene,,,,
chama,30.3876,Pliocene,,,,
noetia,30.3876,Pliocene,,,,
chama,30.3876,Pliocene,,,,
noetia,30.3876,Pliocene,,,,
chama,34.057568,Pliocene,,,,
chama,27.3583,Pliocene,,,,
noetia,30.3876,Pliocene,,,,
modiolus,30.3876,Pliocene,,,,
crepidula,37.15605,Pliocene,,,,
modiolus,30.3876,Pliocene,,,,
modiolus,30.3876,Pliocene,,,,
cyclocardia,30.3876,Pliocene,,,,
chama,26.887295,Pliocene,,,,
chama,26.887295,Pliocene,,,,
cyclocardia,34.074241,Pliocene,,,,
modiolus,35.344367,Pliocene,,,,
cyclocardia,33.93741,Pliocene,,,,
crepidula,37.032918,Pliocene,,,,
spisula,37.032918,Pliocene,,,,
chesapecten,37.032918,Pliocene,,,,
cyclocardia,37.032918,Pliocene,,,,
astarte,37.032918,Pliocene,,,,
modiolus,37.032918,Pliocene,,,,
spisula,36.758175,Pliocene,,,,
noetia,37.032918,Pliocene,,,,
chama,37.032918,Pliocene,,,,
chama,37.032918,Pliocene,,,,
mulinia,37.032918,Pliocene,,,,
cyclocardia,34.238474,Pliocene,,,,
mulinia,34.238474,Pliocene,,,,
chama,27.3583,Pliocene,,,,
chama,27.3583,Pliocene,,,,
noetia,30.3876,Pliocene,,,,
mulinia,34.442729,Pliocene,,,,
spisula,33.833184,Pliocene,,,,
chesapecten,27.366642,Pliocene,,,,
chesapecten,27.366642,Pliocene,,,,
mulinia,34.707092,Pliocene,,,,
mulinia,34.707092,Pliocene,,,,
mulinia,34.707092,Pliocene,,,,
mulinia,34.707092,Pliocene,,,,
mulinia,34.707092,Pliocene,,,,
astarte,36.758175,Pliocene,,,,
astarte,36.758175,Pliocene,,,,
parvilucina,34.442729,Pliocene,,,,
parvilucina,30.4642,Pliocene,,,,
astarte,30.3876,Pliocene,,,,
parvilucina,34.057568,Pliocene,,,,
parvilucina,34.057568,Pliocene,,,,
crepidula,34.878384,Pliocene,,,,
crepidula,34.878384,Pliocene,,,,
crepidula,34.878384,Pliocene,,,,
crepidula,34.878384,Pliocene,,,,
chama,27.3583,Pliocene,,,,
crepidula,34.057568,Pliocene,,,,
crepidula,30.3876,Pliocene,,,,
crepidula,34.707092,Pliocene,,,,
crepidula,27.3583,Pliocene,,,,
chama,27.3583,Pliocene,,,,
chama,27.3583,Pliocene,,,,
chama,27.3583,Pliocene,,,,
chama,27.3583,Pliocene,,,,
astarte,34.707092,Pliocene,,,,
astarte,34.057568,Pliocene,,,,
astarte,34.057568,Pliocene,,,,
crepidula,27.3583,Pliocene,,,,
astarte,34.442729,Pliocene,,,,
astarte,34.707092,Pliocene,,,,
astarte,34.707092,Pliocene,,,,
astarte,30.3876,Pliocene,,,,
astarte,34.878384,Pliocene,,,,
astarte,35.344367,Pliocene,,,,
mulinia,34.442729,Pliocene,,,,
mulinia,34.442729,Pliocene,,,,
mulinia,34.057568,Pliocene,,,,
mulinia,34.057568,Pliocene,,,,
astarte,30.3876,Pliocene,,,,
chama,26.2759,Pliocene,,,,
crepidula,34.057568,Pliocene,,,,
crepidula,34.707092,Pliocene,,,,
mulinia,34.707092,Pliocene,,,,
mulinia,34.707092,Pliocene,,,,
mulinia,34.707092,Pliocene,,,,
astarte,34.878384,Pliocene,,,,
astarte,34.878384,Pliocene,,,,
mulinia,34.707092,Pliocene,,,,
crepidula,34.707092,Pliocene,,,,
mulinia,34.074241,Pliocene,,,,
chama,26.1681,Pliocene,,,,
chama,26.1681,Pliocene,,,,
mulinia,27.789627,Pliocene,,,,
chama,27.3583,Pliocene,,,,
chama,27.3583,Pliocene,,,,
chama,27.3583,Pliocene,,,,
chama,27.3583,Pliocene,,,,
chama,27.3583,Pliocene,,,,
mulinia,27.306923,Pliocene,,,,
chama,26.789316,Pliocene,,,,
noetia,33.93741,Pliocene,,,,
cyclocardia,34.707092,Pliocene,,,,
noetia,33.904541,Pliocene,,,,
crepidula,33.93741,Pliocene,,,,
crepidula,34.878384,Pliocene,,,,
crepidula,34.878384,Pliocene,,,,
crepidula,34.442729,Pliocene,,,,
crepidula,34.057568,Pliocene,,,,
crepidula,34.442729,Pliocene,,,,
chesapecten,27.375123,Pliocene,,,,
chesapecten,27.375123,Pliocene,,,,
chesapecten,27.375123,Pliocene,,,,
cyclocardia,36.758175,Pliocene,,,,
cyclocardia,35.344367,Pliocene,,,,
mulinia,30.4642,Pliocene,,,,
mulinia,30.4642,Pliocene,,,,
cyclocardia,35.344367,Pliocene,,,,
mulinia,34.442729,Pliocene,,,,
cyclocardia,36.758175,Pliocene,,,,
crepidula,34.074241,Pliocene,,,,
mulinia,33.93741,Pliocene,,,,
chama,27.366642,Pliocene,,,,
crepidula,27.366642,Pliocene,,,,
chama,27.070323,Pliocene,,,,
chama,27.365145,Pliocene,,,,
chama,27.3583,Pliocene,,,,
chama,27.3583,Pliocene,,,,
noetia,27.365145,Pliocene,,,,
crepidula,30.3876,Pliocene,,,,
cyclocardia,30.3876,Pliocene,,,,
astarte,30.3876,Pliocene,,,,
noetia,37.15605,Pliocene,,,,
chama,30.3876,Pliocene,,,,
chama,30.3876,Pliocene,,,,
noetia,27.361199,Pliocene,,,,
chama,27.361199,Pliocene,,,,
spisula,34.057568,Pliocene,,,,
noetia,34.707092,Pliocene,,,,
astarte,34.707092,Pliocene,,,,
chama,27.3583,Pliocene,,,,
chama,30.3876,Pliocene,,,,
chama,27.366642,Pliocene,,,,
crepidula,29.6873,Pliocene,,,,
crepidula,29.6873,Pliocene,,,,
mulinia,29.6873,Pliocene,,,,
crepidula,29.6873,Pliocene,,,,
crepidula,26.975059,Pliocene,,,,
chama,27.3583,Pliocene,,,,
chama,27.3583,Pliocene,,,,
chama,27.3583,Pliocene,,,,
mulinia,27.3583,Pliocene,,,,
chama,34.878384,Pliocene,,,,
chama,37.15605,Pliocene,,,,
chama,30.3876,Pliocene,,,,
chama,36.939955,Pliocene,,,,
chama,34.878384,Pliocene,,,,
chama,30.3876,Pliocene,,,,
chama,27.365145,Pliocene,,,,
chama,34.707092,Pliocene,,,,
chama,34.878384,Pliocene,,,,
chama,34.707092,Pliocene,,,,
chama,26.997913,Pliocene,,,,
chama,27.340112,Pliocene,,,,
chama,30.3876,Pliocene,,,,
chama,30.3876,Pliocene,,,,
noetia,34.442729,Pliocene,,,,
chama,27.3583,Pliocene,,,,
mulinia,27.971688,Pliocene,,,,
crepidula,33.833184,Pliocene,,,,
chama,33.833184,Pliocene,,,,
cyclocardia,33.833184,Pliocene,,,,
chama,27.366642,Pliocene,,,,
chama,27.3583,Pliocene,,,,
cyclocardia,27.340112,Pliocene,,,,
noetia,34.878384,Pliocene,,,,
chama,27.3583,Pliocene,,,,
spisula,34.057568,Pliocene,,,,
spisula,34.707092,Pliocene,,,,
parvilucina,34.057568,Pliocene,,,,
crepidula,25.725979,Pliocene,,,,
noetia,25.725979,Pliocene,,,,
astarte,25.725979,Pliocene,,,,
astarte,25.725979,Pliocene,,,,
chama,25.725979,Pliocene,,,,
mulinia,25.725979,Pliocene,,,,
mulinia,27.789627,Pliocene,,,,
mulinia,27.789627,Pliocene,,,,
mulinia,27.789627,Pliocene,,,,
spisula,25.7655,Pliocene,,,,
spisula,25.7655,Pliocene,,,,
spisula,25.7655,Pliocene,,,,
chesapecten,35.344367,Pliocene,,,,
chesapecten,27.366642,Pliocene,,,,
chama,27.3583,Pliocene,,,,
chama,34.707092,Pliocene,,,,
chama,33.833184,Pliocene,,,,
modiolus,30.3876,Pliocene,,,,
chama,34.878384,Pliocene,,,,
noetia,34.878384,Pliocene,,,,
astarte,30.3876,Pliocene,,,,
chama,27.366642,Pliocene,,,,
parvilucina,27.366642,Pliocene,,,,
chama,27.366642,Pliocene,,,,
chama,27.366642,Pliocene,,,,
mulinia,30.386591,Pliocene,,,,
chama,30.386591,Pliocene,,,,
astarte,30.386591,Pliocene,,,,
cyclocardia,30.386591,Pliocene,,,,
chama,36.9016,Pliocene,,,,
modiolus,36.9016,Pliocene,,,,
crepidula,36.9016,Pliocene,,,,
crepidula,36.9016,Pliocene,,,,
cyclocardia,36.9016,Pliocene,,,,
cyclocardia,36.9016,Pliocene,,,,
cyclocardia,36.9016,Pliocene,,,,
cyclocardia,36.9016,Pliocene,,,,
noetia,34.878384,Pliocene,,,,
noetia,27.365145,Pliocene,,,,
crepidula,26.997913,Pliocene,,,,
noetia,34.442729,Pliocene,,,,
noetia,33.833184,Pliocene,,,,
spisula,33.833184,Pliocene,,,,
noetia,33.833184,Pliocene,,,,
chama,27.365145,Pliocene,,,,
cyclocardia,30.444871,Pliocene,,,,
mulinia,30.444871,Pliocene,,,,
chama,30.444871,Pliocene,,,,
astarte,30.444871,Pliocene,,,,
cyclocardia,30.444871,Pliocene,,,,
cyclocardia,30.444871,Pliocene,,,,
cyclocardia,30.444871,Pliocene,,,,
crepidula,30.444871,Pliocene,,,,
parvilucina,30.444871,Pliocene,,,,
mulinia,30.444871,Pliocene,,,,
chama,27.3583,Pliocene,,,,
noetia,34.057568,Pliocene,,,,
noetia,27.3583,Pliocene,,,,
noetia,36.193576,Pliocene,,,,
noetia,34.707092,Pliocene,,,,
noetia,33.833184,Pliocene,,,,
noetia,37.15605,Pliocene,,,,
chama,27.3583,Pliocene,,,,
chama,27.3583,Pliocene,,,,
chama,27.3583,Pliocene,,,,
chama,27.3583,Pliocene,,,,
chama,27.366642,Pliocene,,,,
modiolus,27.366642,Pliocene,,,,
chama,27.3583,Pliocene,,,,
chama,27.3583,Pliocene,,,,
mulinia,27.3583,Pliocene,,,,
chama,27.3583,Pliocene,,,,
chama,27.366642,Pliocene,,,,
noetia,34.707092,Pliocene,,,,
chama,27.366642,Pliocene,,,,
crepidula,27.3583,Pliocene,,,,
chama,27.366642,Pliocene,,,,
mulinia,27.366642,Pliocene,,,,
chama,27.3583,Pliocene,,,,
astarte,33.833184,Pliocene,,,,
chama,33.833184,Pliocene,,,,
cyclocardia,33.833184,Pliocene,,,,
parvilucina,33.833184,Pliocene,,,,
chama,27.3583,Pliocene,,,,
cyclocardia,30.4642,Pliocene,,,,
chama,30.3876,Pliocene,,,,
mulinia,33.833184,Pliocene,,,,
cyclocardia,33.833184,Pliocene,,,,
chama,33.833184,Pliocene,,,,
parvilucina,33.833184,Pliocene,,,,
astarte,33.833184,Pliocene,,,,
chama,27.366642,Pliocene,,,,
chama,27.366642,Pliocene,,,,
chama,27.3583,Pliocene,,,,
chama,27.3583,Pliocene,,,,
chama,27.366642,Pliocene,,,,
parvilucina,30.40833,Pliocene,,,,
mulinia,30.40833,Pliocene,,,,
astarte,31.140092,Pliocene,,,,
chama,34.707092,Pliocene,,,,
spisula,33.833184,Pliocene,,,,
mulinia,34.878384,Pliocene,,,,
mulinia,34.442729,Pliocene,,,,
chama,27.3583,Pliocene,,,,
crepidula,27.360528,Pliocene,,,,
chama,27.366642,Pliocene,,,,
mulinia,27.366642,Pliocene,,,,
chama,27.366642,Pliocene,,,,
crepidula,27.366642,Pliocene,,,,
chama,27.366642,Pliocene,,,,
chama,27.366642,Pliocene,,,,
spisula,27.003405,Pliocene,,,,
noetia,27.3041,Pliocene,,,,
chesapecten,27.361199,Pliocene,,,,
mulinia,27.361199,Pliocene,,,,
spisula,27.361199,Pliocene,,,,
chesapecten,27.361199,Pliocene,,,,
chesapecten,27.361199,Pliocene,,,,
mulinia,27.280291,Pliocene,,,,
mulinia,27.3041,Pliocene,,,,
parvilucina,27.3041,Pliocene,,,,
spisula,27.3041,Pliocene,,,,
chama,27.3041,Pliocene,,,,
mulinia,27.3041,Pliocene,,,,
chama,27.280291,Pliocene,,,,
chama,27.280291,Pliocene,,,,
chama,27.280291,Pliocene,,,,
mulinia,27.280291,Pliocene,,,,
chama,27.366642,Pliocene,,,,
mulinia,27.366642,Pliocene,,,,
chama,27.366642,Pliocene,,,,
chama,26.274056,Pliocene,,,,
chama,26.274056,Pliocene,,,,
chama,25.8686,Pliocene,,,,
spisula,25.8686,Pliocene,,,,
crepidula,26.274056,Pliocene,,,,
chama,25.8686,Pliocene,,,,
mulinia,25.8686,Pliocene,,,,
chama,34.238474,Pliocene,,,,
chama,34.238474,Pliocene,,,,
chama,34.238474,Pliocene,,,,
noetia,34.238474,Pliocene,,,,
astarte,34.238474,Pliocene,,,,
crepidula,34.238474,Pliocene,,,,
astarte,34.238474,Pliocene,,,,
modiolus,34.238474,Pliocene,,,,
crepidula,34.238474,Pliocene,,,,
chama,34.238474,Pliocene,,,,
crepidula,34.238474,Pliocene,,,,
chama,34.238474,Pliocene,,,,
chama,34.238474,Pliocene,,,,
chama,34.238474,Pliocene,,,,
chama,34.238474,Pliocene,,,,
cyclocardia,34.238474,Pliocene,,,,
cyclocardia,34.238474,Pliocene,,,,
cyclocardia,34.238474,Pliocene,,,,
cyclocardia,34.238474,Pliocene,,,,
cyclocardia,34.238474,Pliocene,,,,
mulinia,34.238474,Pliocene,,,,
mulinia,27.3708,Pliocene,,,,
mulinia,27.3708,Pliocene,,,,
crepidula,25.804653,Pliocene,,,,
crepidula,27.368032,Pliocene,,,,
chama,27.368032,Pliocene,,,,
chama,27.368032,Pliocene,,,,
chama,27.368032,Pliocene,,,,
mulinia,30.4642,Pliocene,,,,
chama,26.469977,Pliocene,,,,
crepidula,26.469977,Pliocene,,,,
chama,27.395031,Pliocene,,,,
crepidula,27.366642,Pliocene,,,,
chama,27.366642,Pliocene,,,,
chama,27.366642,Pliocene,,,,
chama,27.366642,Pliocene,,,,
parvilucina,27.395031,Pliocene,,,,
chama,27.366642,Pliocene,,,,
crepidula,27.366642,Pliocene,,,,
chama,27.366642,Pliocene,,,,
chama,27.366642,Pliocene,,,,
chama,27.366642,Pliocene,,,,
chama,27.366642,Pliocene,,,,
chama,27.366642,Pliocene,,,,
mulinia,27.366642,Pliocene,,,,
chama,27.366642,Pliocene,,,,
crepidula,27.366642,Pliocene,,,,
crepidula,27.366642,Pliocene,,,,
mulinia,27.366642,Pliocene,,,,
crepidula,27.366642,Pliocene,,,,
parvilucina,27.366642,Pliocene,,,,
mulinia,27.366642,Pliocene,,,,
crepidula,27.366642,Pliocene,,,,
crepidula,27.366642,Pliocene,,,,
crepidula,27.366642,Pliocene,,,,
mulinia,27.366642,Pliocene,,,,
noetia,27.3125,Pliocene,,,,
chama,27.375123,Pliocene,,,,
crepidula,27.375123,Pliocene,,,,
crepidula,27.375123,Pliocene,,,,
chesapecten,27.375123,Pliocene,,,,
chesapecten,27.375123,Pliocene,,,,
modiolus,27.3125,Pliocene,,,,
noetia,27.3125,Pliocene,,,,
noetia,27.3125,Pliocene,,,,
mulinia,27.366642,Pliocene,,,,
modiolus,26.1681,Pliocene,,,,
parvilucina,29.6873,Pliocene,,,,
mulinia,34.238474,Pliocene,,,,
cyclocardia,34.238474,Pliocene,,,,
chama,34.238474,Pliocene,,,,
parvilucina,34.238474,Pliocene,,,,
parvilucina,34.238474,Pliocene,,,,
noetia,34.238474,Pliocene,,,,
parvilucina,34.238474,Pliocene,,,,
chama,34.238474,Pliocene,,,,
crepidula,34.238474,Pliocene,,,,
crepidula,34.238474,Pliocene,,,,
parvilucina,34.238474,Pliocene,,,,
astarte,34.238474,Pliocene,,,,
astarte,34.238474,Pliocene,,,,
cyclocardia,34.238474,Pliocene,,,,
crepidula,26.1681,Pliocene,,,,
crepidula,26.1681,Pliocene,,,,
crepidula,26.1681,Pliocene,,,,
mulinia,26.1681,Pliocene,,,,
spisula,27.366642,Pliocene,,,,
spisula,27.366642,Pliocene,,,,
mulinia,27.366642,Pliocene,,,,
chama,27.366642,Pliocene,,,,
crepidula,27.366642,Pliocene,,,,
chama,27.366642,Pliocene,,,,
chama,27.366642,Pliocene,,,,
crepidula,27.366642,Pliocene,,,,
crepidula,27.366642,Pliocene,,,,
mulinia,27.366642,Pliocene,,,,
crepidula,27.366642,Pliocene,,,,
chama,27.366642,Pliocene,,,,
crepidula,27.375448,Pliocene,,,,
crepidula,27.375448,Pliocene,,,,
chama,27.375448,Pliocene,,,,
chama,27.375448,Pliocene,,,,
mulinia,30.4642,Pliocene,,,,
mulinia,27.366642,Pliocene,,,,
mulinia,27.366642,Pliocene,,,,
mulinia,27.366642,Pliocene,,,,
parvilucina,27.366642,Pliocene,,,,
chama,27.366642,Pliocene,,,,
crepidula,27.366642,Pliocene,,,,
crepidula,27.366642,Pliocene,,,,
cyclocardia,27.0776,Pliocene,,,,
chesapecten,35.344367,Pliocene,,,,
chesapecten,35.344367,Pliocene,,,,
chesapecten,35.344367,Pliocene,,,,
chesapecten,27.280291,Pliocene,,,,
astarte,30.4447,Pliocene,,,,
cyclocardia,30.4447,Pliocene,,,,
cyclocardia,30.4447,Pliocene,,,,
parvilucina,30.4447,Pliocene,,,,
cyclocardia,30.4023,Pliocene,,,,
mulinia,30.4023,Pliocene,,,,
parvilucina,30.4023,Pliocene,,,,
mulinia,30.4023,Pliocene,,,,
mulinia,30.4023,Pliocene,,,,
parvilucina,30.4642,Pliocene,,,,
mulinia,30.4642,Pliocene,,,,
cyclocardia,30.4642,Pliocene,,,,
mulinia,30.4642,Pliocene,,,,
mulinia,30.386591,Pliocene,,,,
chama,30.386591,Pliocene,,,,
astarte,30.386591,Pliocene,,,,
cyclocardia,30.386591,Pliocene,,,,
cyclocardia,30.386591,Pliocene,,,,
chama,30.386591,Pliocene,,,,
chama,30.386591,Pliocene,,,,
chama,30.386591,Pliocene,,,,
chama,30.386591,Pliocene,,,,
chama,30.386591,Pliocene,,,,
chama,30.386591,Pliocene,,,,
cyclocardia,30.386591,Pliocene,,,,
noetia,30.386591,Pliocene,,,,
crepidula,30.386591,Pliocene,,,,
crepidula,30.386591,Pliocene,,,,
modiolus,30.386591,Pliocene,,,,
modiolus,30.386591,Pliocene,,,,
noetia,30.386591,Pliocene,,,,
crepidula,30.388043,Pliocene,,,,
spisula,25.7877,Pliocene,,,,
mulinia,30.4642,Pliocene,,,,
chama,26.044561,Pliocene,,,,
chama,26.044561,Pliocene,,,,
chama,26.044561,Pliocene,,,,
astarte,30.4642,Pliocene,,,,
mulinia,30.4642,Pliocene,,,,
spisula,30.4023,Pliocene,,,,
astarte,30.4023,Pliocene,,,,
parvilucina,30.4023,Pliocene,,,,
parvilucina,30.4023,Pliocene,,,,
parvilucina,30.4023,Pliocene,,,,
mulinia,30.4023,Pliocene,,,,
mulinia,30.4023,Pliocene,,,,
mulinia,30.4023,Pliocene,,,,
mulinia,30.4447,Pliocene,,,,
chama,30.388043,Pliocene,,,,
astarte,30.386591,Pliocene,,,,
cyclocardia,30.386591,Pliocene,,,,
mulinia,30.386591,Pliocene,,,,
chama,30.386591,Pliocene,,,,
crepidula,30.386591,Pliocene,,,,
crepidula,30.386591,Pliocene,,,,
mulinia,30.386591,Pliocene,,,,
chesapecten,27.378187,Pliocene,,,,
cyclocardia,30.386591,Pliocene,,,,
mulinia,30.386591,Pliocene,,,,
spisula,26.741257,Pliocene,,,,
mulinia,27.306923,Pliocene,,,,
crepidula,27.3307,Pliocene,,,,
crepidula,27.3307,Pliocene,,,,
chama,27.282602,Pliocene,,,,
mulinia,27.282602,Pliocene,,,,
crepidula,27.27547,Pliocene,,,,
crepidula,27.282602,Pliocene,,,,
mulinia,30.4642,Pliocene,,,,
astarte,30.4642,Pliocene,,,,
crepidula,30.4642,Pliocene,,,,
crepidula,27.233526,Pliocene,,,,
cyclocardia,37.1481,Pliocene,,,,
chesapecten,37.1481,Pliocene,,,,
astarte,37.1481,Pliocene,,,,
chesapecten,37.1481,Pliocene,,,,
chama,30.386591,Pliocene,,,,
chama,30.386591,Pliocene,,,,
crepidula,26.9651,Pliocene,,,,
crepidula,26.9651,Pliocene,,,,
mulinia,30.386591,Pliocene,,,,
astarte,30.386591,Pliocene,,,,
crepidula,27.233526,Pliocene,,,,
crepidula,27.233526,Pliocene,,,,
crepidula,26.9651,Pliocene,,,,
crepidula,26.167301,Pliocene,,,,
mulinia,26.301086,Pliocene,,,,
crepidula,26.301086,Pliocene,,,,
chama,26.167301,Pliocene,,,,
chama,27.0776,Pliocene,,,,
chama,27.0776,Pliocene,,,,
chama,27.0776,Pliocene,,,,
chama,27.0776,Pliocene,,,,
cyclocardia,27.0776,Pliocene,,,,
cyclocardia,27.0776,Pliocene,,,,
chama,27.0776,Pliocene,,,,
chama,27.0776,Pliocene,,,,
chama,27.0776,Pliocene,,,,
cyclocardia,27.233526,Pliocene,,,,
chama,26.9651,Pliocene,,,,
chama,26.301086,Pliocene,,,,
chama,27.3583,Pliocene,,,,
mulinia,26.9651,Pliocene,,,,
crepidula,30.386591,Pliocene,,,,
crepidula,30.386591,Pliocene,,,,
chama,30.386591,Pliocene,,,,
cyclocardia,30.386591,Pliocene,,,,
mulinia,30.386591,Pliocene,,,,
crepidula,36.758175,Pliocene,,,,
astarte,36.758175,Pliocene,,,,
astarte,36.758175,Pliocene,,,,
crepidula,36.758175,Pliocene,,,,
cyclocardia,30.386591,Pliocene,,,,
astarte,30.386591,Pliocene,,,,
chama,30.386591,Pliocene,,,,
chesapecten,37.2369,Pliocene,,,,
chesapecten,37.2369,Pliocene,,,,
chesapecten,27.366642,Pliocene,,,,
chesapecten,27.366642,Pliocene,,,,
chesapecten,27.366642,Pliocene,,,,
chesapecten,27.366642,Pliocene,,,,
chesapecten,27.366642,Pliocene,,,,
chesapecten,27.366642,Pliocene,,,,
chesapecten,27.366642,Pliocene,,,,
chesapecten,27.366642,Pliocene,,,,
chesapecten,27.366642,Pliocene,,,,
noetia,27.366642,Pliocene,,,,
crepidula,27.0776,Pliocene,,,,
cyclocardia,30.3876,Pliocene,,,,
mulinia,30.3876,Pliocene,,,,
parvilucina,27.070323,Pliocene,,,,
mulinia,27.366642,Pliocene,,,,
chesapecten,27.3708,Pliocene,,,,
chesapecten,27.378187,Pliocene,,,,
chesapecten,27.378187,Pliocene,,,,
chesapecten,37.2369,Pliocene,,,,
chesapecten,37.2369,Pliocene,,,,
chesapecten,37.2369,Pliocene,,,,
chesapecten,37.2369,Pliocene,,,,
chesapecten,37.2369,Pliocene,,,,
chesapecten,36.9016,Pliocene,,,,
chesapecten,27.3708,Pliocene,,,,
mulinia,36.9016,Pliocene,,,,
chama,36.9016,Pliocene,,,,
crepidula,36.9016,Pliocene,,,,
chama,36.9016,Pliocene,,,,
noetia,36.9016,Pliocene,,,,
astarte,36.9016,Pliocene,,,,
astarte,36.9016,Pliocene,,,,
astarte,36.9016,Pliocene,,,,
astarte,36.9016,Pliocene,,,,
crepidula,29.6873,Pliocene,,,,
mulinia,29.6873,Pliocene,,,,
modiolus,36.9016,Pliocene,,,,
spisula,36.9016,Pliocene,,,,
crepidula,36.9016,Pliocene,,,,
astarte,36.9016,Pliocene,,,,
crepidula,27.233526,Pliocene,,,,
astarte,27.366642,Pliocene,,,,
cyclocardia,27.366642,Pliocene,,,,
astarte,27.366642,Pliocene,,,,
cyclocardia,27.366642,Pliocene,,,,
chama,27.366642,Pliocene,,,,
noetia,27.366642,Pliocene,,,,
parvilucina,27.366642,Pliocene,,,,
parvilucina,27.366642,Pliocene,,,,
chama,25.804653,Pliocene,,,,
chama,25.804653,Pliocene,,,,
spisula,25.804653,Pliocene,,,,
chesapecten,27.378187,Pliocene,,,,
chesapecten,27.378187,Pliocene,,,,
chesapecten,27.378187,Pliocene,,,,
chesapecten,27.378187,Pliocene,,,,
noetia,26.973552,Pliocene,,,,
noetia,26.3321,Pliocene,,,,
noetia,26.3321,Pliocene,,,,
noetia,27.233526,Pliocene,,,,
noetia,26.3321,Pliocene,,,,
mulinia,26.3321,Pliocene,,,,
noetia,26.3321,Pliocene,,,,
crepidula,26.3321,Pliocene,,,,
crepidula,26.3321,Pliocene,,,,
crepidula,26.3321,Pliocene,,,,
noetia,26.3321,Pliocene,,,,
noetia,26.3321,Pliocene,,,,
chama,26.3321,Pliocene,,,,
noetia,26.3321,Pliocene,,,,
noetia,26.9925,Pliocene,,,,
noetia,27.0776,Pliocene,,,,
chama,27.0776,Pliocene,,,,
modiolus,27.0776,Pliocene,,,,
astarte,27.0776,Pliocene,,,,
astarte,27.0776,Pliocene,,,,
astarte,27.0776,Pliocene,,,,
noetia,27.233526,Pliocene,,,,
noetia,27.233526,Pliocene,,,,
astarte,27.233526,Pliocene,,,,
crepidula,25.761778,Pliocene,,,,
crepidula,25.761778,Pliocene,,,,
crepidula,25.761778,Pliocene,,,,
chama,26.155503,Pliocene,,,,
chama,26.9925,Pliocene,,,,
chama,26.3321,Pliocene,,,,
crepidula,26.2759,Pliocene,,,,
crepidula,26.2759,Pliocene,,,,
chesapecten,36.763044,Pliocene,,,,
crepidula,27.366642,Pliocene,,,,
crepidula,27.366642,Pliocene,,,,
parvilucina,34.238474,Pliocene,,,,
modiolus,34.238474,Pliocene,,,,
chama,34.238474,Pliocene,,,,
noetia,34.238474,Pliocene,,,,
parvilucina,34.238474,Pliocene,,,,
chesapecten,27.378187,Pliocene,,,,
chesapecten,36.763044,Pliocene,,,,
chesapecten,36.763044,Pliocene,,,,
chesapecten,36.763044,Pliocene,,,,
chesapecten,36.763044,Pliocene,,,,
chesapecten,36.763044,Pliocene,,,,
chesapecten,36.763044,Pliocene,,,,
chesapecten,36.763044,Pliocene,,,,
chesapecten,36.763044,Pliocene,,,,
chesapecten,36.763044,Pliocene,,,,
chesapecten,33.351497,Pliocene,,,,
chesapecten,33.351497,Pliocene,,,,
chesapecten,33.351497,Pliocene,,,,
chesapecten,36.763044,Pliocene,,,,
chesapecten,36.763044,Pliocene,,,,
chesapecten,36.763044,Pliocene,,,,
chesapecten,36.763044,Pliocene,,,,
chesapecten,36.763044,Pliocene,,,,
chesapecten,36.763044,Pliocene,,,,
crepidula,34.238474,Pliocene,,,,
crepidula,34.238474,Pliocene,,,,
crepidula,34.238474,Pliocene,,,,
crepidula,34.238474,Pliocene,,,,
chesapecten,36.763044,Pliocene,,,,
chesapecten,36.763044,Pliocene,,,,
chesapecten,36.763044,Pliocene,,,,
noetia,27.061302,Pliocene,,,,
noetia,27.061302,Pliocene,,,,
astarte,27.061302,Pliocene,,,,
cyclocardia,27.061302,Pliocene,,,,
chama,27.061302,Pliocene,,,,
crepidula,27.061302,Pliocene,,,,
chesapecten,36.763044,Pliocene,,,,
mulinia,27.061302,Pliocene,,,,
mulinia,27.3583,Pliocene,,,,
mulinia,27.233526,Pliocene,,,,
mulinia,27.233526,Pliocene,,,,
mulinia,27.233526,Pliocene,,,,
mulinia,27.233526,Pliocene,,,,
mulinia,27.0776,Pliocene,,,,
mulinia,27.0776,Pliocene,,,,
mulinia,27.0776,Pliocene,,,,
chama,34.238474,Pliocene,,,,
modiolus,34.238474,Pliocene,,,,
crepidula,34.238474,Pliocene,,,,
crepidula,34.238474,Pliocene,,,,
chesapecten,36.763044,Pliocene,,,,
crepidula,27.190672,Pliocene,,,,
crepidula,27.190672,Pliocene,,,,
crepidula,27.190672,Pliocene,,,,
crepidula,27.190672,Pliocene,,,,
mulinia,27.190672,Pliocene,,,,
noetia,27.190672,Pliocene,,,,
mulinia,27.190672,Pliocene,,,,
chama,27.395031,Pliocene,,,,
chama,27.395031,Pliocene,,,,
parvilucina,27.395031,Pliocene,,,,
chama,27.395031,Pliocene,,,,
chesapecten,36.870779,Pliocene,,,,
chesapecten,36.763044,Pliocene,,,,
mulinia,34.238474,Pliocene,,,,
astarte,34.238474,Pliocene,,,,
astarte,34.238474,Pliocene,,,,
astarte,34.238474,Pliocene,,,,
chama,26.1681,Pliocene,,,,
modiolus,34.238474,Pliocene,,,,
crepidula,34.238474,Pliocene,,,,
crepidula,34.238474,Pliocene,,,,
astarte,34.238474,Pliocene,,,,
modiolus,34.238474,Pliocene,,,,
modiolus,34.238474,Pliocene,,,,
crepidula,34.238474,Pliocene,,,,
modiolus,34.238474,Pliocene,,,,
chama,34.592977,Pliocene,,,,
mulinia,34.592977,Pliocene,,,,
spisula,34.592977,Pliocene,,,,
crepidula,34.592977,Pliocene,,,,
astarte,34.592977,Pliocene,,,,
spisula,34.592977,Pliocene,,,,
mulinia,34.592977,Pliocene,,,,
spisula,34.592977,Pliocene,,,,
crepidula,34.592977,Pliocene,,,,
astarte,34.592977,Pliocene,,,,
mulinia,34.592977,Pliocene,,,,
parvilucina,34.592977,Pliocene,,,,
noetia,34.592977,Pliocene,,,,
parvilucina,34.592977,Pliocene,,,,
astarte,34.592977,Pliocene,,,,
spisula,34.592977,Pliocene,,,,
chesapecten,35.344367,Pliocene,,,,
chesapecten,35.344367,Pliocene,,,,
chesapecten,35.344367,Pliocene,,,,
chesapecten,35.344367,Pliocene,,,,
chesapecten,35.344367,Pliocene,,,,
chesapecten,35.344367,Pliocene,,,,
chesapecten,35.344367,Pliocene,,,,
chesapecten,35.344367,Pliocene,,,,
chesapecten,35.344367,Pliocene,,,,
chesapecten,35.344367,Pliocene,,,,
chesapecten,35.344367,Pliocene,,,,
crepidula,34.592977,Pliocene,,,,
parvilucina,34.592977,Pliocene,,,,
noetia,34.592977,Pliocene,,,,
chama,34.592977,Pliocene,,,,
mulinia,34.592977,Pliocene,,,,
parvilucina,34.592977,Pliocene,,,,
spisula,34.592977,Pliocene,,,,
parvilucina,34.592977,Pliocene,,,,
astarte,34.592977,Pliocene,,,,
parvilucina,34.592977,Pliocene,,,,
spisula,34.592977,Pliocene,,,,
mulinia,34.592977,Pliocene,,,,
crepidula,34.592977,Pliocene,,,,
crepidula,34.592977,Pliocene,,,,
crepidula,34.592977,Pliocene,,,,
noetia,34.592977,Pliocene,,,,
crepidula,34.592977,Pliocene,,,,
spisula,34.592977,Pliocene,,,,
crepidula,34.592977,Pliocene,,,,
parvilucina,34.592977,Pliocene,,,,
mulinia,34.592977,Pliocene,,,,
cyclocardia,34.592977,Pliocene,,,,
chama,34.592977,Pliocene,,,,
crepidula,34.592977,Pliocene,,,,
mulinia,34.592977,Pliocene,,,,
crepidula,34.592977,Pliocene,,,,
crepidula,34.592977,Pliocene,,,,
crepidula,34.592977,Pliocene,,,,
crepidula,34.592977,Pliocene,,,,
spisula,34.592977,Pliocene,,,,
parvilucina,34.592977,Pliocene,,,,
crepidula,34.592977,Pliocene,,,,
crepidula,34.607171,Pliocene,,,,
crepidula,34.607171,Pliocene,,,,
mulinia,34.607171,Pliocene,,,,
crepidula,33.860856,Pliocene,,,,
crepidula,33.809395,Pliocene,,,,
astarte,33.809395,Pliocene,,,,
mulinia,33.809395,Pliocene,,,,
astarte,33.856607,Pliocene,,,,
astarte,33.856607,Pliocene,,,,
cyclocardia,33.856607,Pliocene,,,,
chama,33.856607,Pliocene,,,,
parvilucina,33.856607,Pliocene,,,,
parvilucina,33.856607,Pliocene,,,,
noetia,33.856607,Pliocene,,,,
crepidula,33.856607,Pliocene,,,,
crepidula,33.856607,Pliocene,,,,
chama,34.238474,Pliocene,,,,
chama,34.238474,Pliocene,,,,
mulinia,34.238474,Pliocene,,,,
chama,34.238474,Pliocene,,,,
chama,34.238474,Pliocene,,,,
astarte,34.238474,Pliocene,,,,
astarte,34.238474,Pliocene,,,,
astarte,34.238474,Pliocene,,,,
astarte,34.238474,Pliocene,,,,
cyclocardia,34.238474,Pliocene,,,,
astarte,34.238474,Pliocene,,,,
astarte,34.238474,Pliocene,,,,
cyclocardia,34.238474,Pliocene,,,,
cyclocardia,34.238474,Pliocene,,,,
cyclocardia,34.238474,Pliocene,,,,
astarte,34.238474,Pliocene,,,,
astarte,34.238474,Pliocene,,,,
parvilucina,34.238474,Pliocene,,,,
astarte,34.238474,Pliocene,,,,
parvilucina,34.238474,Pliocene,,,,
parvilucina,34.238474,Pliocene,,,,
astarte,34.238474,Pliocene,,,,
astarte,34.238474,Pliocene,,,,
astarte,34.238474,Pliocene,,,,
crepidula,33.856607,Pliocene,,,,
crepidula,33.856607,Pliocene,,,,
chama,33.856607,Pliocene,,,,
noetia,33.856607,Pliocene,,,,
crepidula,33.856607,Pliocene,,,,
astarte,33.856607,Pliocene,,,,
crepidula,33.856607,Pliocene,,,,
chama,33.856607,Pliocene,,,,
noetia,33.856607,Pliocene,,,,
chama,33.856607,Pliocene,,,,
astarte,33.856607,Pliocene,,,,
astarte,33.856607,Pliocene,,,,
crepidula,33.856607,Pliocene,,,,
cyclocardia,33.856607,Pliocene,,,,
cyclocardia,33.856607,Pliocene,,,,
crepidula,33.856607,Pliocene,,,,
astarte,33.856607,Pliocene,,,,
crepidula,33.856607,Pliocene,,,,
modiolus,33.856607,Pliocene,,,,
crepidula,34.238474,Pliocene,,,,
astarte,34.238474,Pliocene,,,,
astarte,34.238474,Pliocene,,,,
astarte,34.238474,Pliocene,,,,
crepidula,33.856607,Pliocene,,,,
parvilucina,33.856607,Pliocene,,,,
spisula,33.856607,Pliocene,,,,
chama,33.856607,Pliocene,,,,
mulinia,33.856607,Pliocene,,,,
crepidula,33.809395,Pliocene,,,,
noetia,33.809395,Pliocene,,,,
crepidula,33.809395,Pliocene,,,,
crepidula,33.809395,Pliocene,,,,
chama,33.809395,Pliocene,,,,
cyclocardia,33.809395,Pliocene,,,,
cyclocardia,33.809395,Pliocene,,,,
astarte,33.809395,Pliocene,,,,
astarte,33.809395,Pliocene,,,,
mulinia,33.809395,Pliocene,,,,
astarte,33.809395,Pliocene,,,,
chama,33.809395,Pliocene,,,,
chama,33.809395,Pliocene,,,,
noetia,33.809395,Pliocene,,,,
chama,33.809395,Pliocene,,,,
crepidula,33.809395,Pliocene,,,,
noetia,33.809395,Pliocene,,,,
cyclocardia,33.809395,Pliocene,,,,
astarte,33.809395,Pliocene,,,,
chama,33.809395,Pliocene,,,,
mulinia,33.809395,Pliocene,,,,
cyclocardia,33.809395,Pliocene,,,,
cyclocardia,33.809395,Pliocene,,,,
cyclocardia,33.809395,Pliocene,,,,
cyclocardia,33.809395,Pliocene,,,,
chama,33.809395,Pliocene,,,,
chama,33.809395,Pliocene,,,,
cyclocardia,33.809395,Pliocene,,,,
mulinia,34.878384,Pliocene,,,,
crepidula,34.878384,Pliocene,,,,
cyclocardia,34.878384,Pliocene,,,,
chama,34.878384,Pliocene,,,,
crepidula,34.878384,Pliocene,,,,
crepidula,34.878384,Pliocene,,,,
astarte,34.878384,Pliocene,,,,
mulinia,33.809395,Pliocene,,,,
crepidula,33.809395,Pliocene,,,,
crepidula,33.809395,Pliocene,,,,
parvilucina,37.035233,Pliocene,,,,
crepidula,33.856607,Pliocene,,,,
crepidula,33.856607,Pliocene,,,,
cyclocardia,33.856607,Pliocene,,,,
chama,33.856607,Pliocene,,,,
crepidula,34.238474,Pliocene,,,,
modiolus,33.809395,Pliocene,,,,
chama,33.809395,Pliocene,,,,
crepidula,33.809395,Pliocene,,,,
chama,33.809395,Pliocene,,,,
noetia,33.809395,Pliocene,,,,
chama,33.809395,Pliocene,,,,
chama,33.809395,Pliocene,,,,
mulinia,33.809395,Pliocene,,,,
crepidula,33.809395,Pliocene,,,,
modiolus,33.809395,Pliocene,,,,
crepidula,33.809395,Pliocene,,,,
crepidula,33.809395,Pliocene,,,,
mulinia,33.809395,Pliocene,,,,
cyclocardia,33.809395,Pliocene,,,,
modiolus,33.809395,Pliocene,,,,
cyclocardia,33.809395,Pliocene,,,,
cyclocardia,33.809395,Pliocene,,,,
crepidula,34.238474,Pliocene,,,,
crepidula,34.238474,Pliocene,,,,
crepidula,34.238474,Pliocene,,,,
crepidula,34.238474,Pliocene,,,,
crepidula,34.238474,Pliocene,,,,
crepidula,34.238474,Pliocene,,,,
crepidula,34.238474,Pliocene,,,,
crepidula,34.238474,Pliocene,,,,
crepidula,34.238474,Pliocene,,,,
crepidula,34.238474,Pliocene,,,,
crepidula,34.238474,Pliocene,,,,
crepidula,34.238474,Pliocene,,,,
crepidula,34.238474,Pliocene,,,,
crepidula,34.238474,Pliocene,,,,
crepidula,34.238474,Pliocene,,,,
crepidula,34.238474,Pliocene,,,,
crepidula,34.238474,Pliocene,,,,
crepidula,34.238474,Pliocene,,,,
crepidula,34.238474,Pliocene,,,,
crepidula,34.238474,Pliocene,,,,
crepidula,34.238474,Pliocene,,,,
crepidula,34.238474,Pliocene,,,,
crepidula,34.238474,Pliocene,,,,
crepidula,34.238474,Pliocene,,,,
crepidula,34.238474,Pliocene,,,,
crepidula,34.238474,Pliocene,,,,
crepidula,34.238474,Pliocene,,,,
crepidula,34.238474,Pliocene,,,,
crepidula,34.238474,Pliocene,,,,
crepidula,34.238474,Pliocene,,,,
crepidula,34.238474,Pliocene,,,,
crepidula,34.238474,Pliocene,,,,
crepidula,34.238474,Pliocene,,,,
crepidula,34.238474,Pliocene,,,,
crepidula,34.238474,Pliocene,,,,
crepidula,37.1023,Pliocene,,,,
parvilucina,37.1023,Pliocene,,,,
chama,37.1023,Pliocene,,,,
cyclocardia,37.1023,Pliocene,,,,
mulinia,37.1023,Pliocene,,,,
astarte,37.1023,Pliocene,,,,
modiolus,37.1023,Pliocene,,,,
noetia,37.1023,Pliocene,,,,
astarte,37.1023,Pliocene,,,,
cyclocardia,37.1023,Pliocene,,,,
crepidula,37.1023,Pliocene,,,,
spisula,37.1023,Pliocene,,,,
chama,37.1023,Pliocene,,,,
astarte,37.1023,Pliocene,,,,
noetia,37.1023,Pliocene,,,,
chesapecten,37.1023,Pliocene,,,,
chama,27.366642,Pliocene,,,,
chesapecten,33.809395,Pliocene,,,,
chesapecten,27.378187,Pliocene,,,,
chesapecten,27.378187,Pliocene,,,,
chesapecten,27.378187,Pliocene,,,,
chesapecten,27.378187,Pliocene,,,,
chesapecten,27.378187,Pliocene,,,,
chesapecten,36.901889,Pliocene,,,,
chesapecten,36.901889,Pliocene,,,,
chesapecten,36.901889,Pliocene,,,,
astarte,36.901889,Pliocene,,,,
modiolus,36.901889,Pliocene,,,,
noetia,36.901889,Pliocene,,,,
chesapecten,36.901889,Pliocene,,,,
astarte,36.901889,Pliocene,,,,
chama,36.901889,Pliocene,,,,
modiolus,36.901889,Pliocene,,,,
chama,36.901889,Pliocene,,,,
spisula,36.901889,Pliocene,,,,
modiolus,36.901889,Pliocene,,,,
crepidula,36.901889,Pliocene,,,,
chama,36.901889,Pliocene,,,,
crepidula,36.901889,Pliocene,,,,
cyclocardia,36.901889,Pliocene,,,,
chesapecten,37.305586,Pliocene,,,,
chesapecten,37.305586,Pliocene,,,,
chesapecten,37.305586,Pliocene,,,,
chama,37.305586,Pliocene,,,,
striarca,37.305586,Pliocene,,,,
cyclocardia,37.305586,Pliocene,,,,
astarte,37.305586,Pliocene,,,,
astarte,37.305586,Pliocene,,,,
chama,37.305586,Pliocene,,,,
noetia,37.305586,Pliocene,,,,
chesapecten,36.901889,Pliocene,,,,
chesapecten,36.901889,Pliocene,,,,
chesapecten,36.901889,Pliocene,,,,
chesapecten,36.901889,Pliocene,,,,
chesapecten,36.901889,Pliocene,,,,
chesapecten,36.901889,Pliocene,,,,
chesapecten,36.901889,Pliocene,,,,
modiolus,36.901889,Pliocene,,,,
cyclocardia,36.901889,Pliocene,,,,
noetia,30.3876,Pliocene,,,,
crepidula,30.3876,Pliocene,,,,
crepidula,37.1023,Pliocene,,,,
crepidula,37.1023,Pliocene,,,,
cyclocardia,33.809395,Pliocene,,,,
chama,33.809395,Pliocene,,,,
modiolus,33.809395,Pliocene,,,,
modiolus,33.809395,Pliocene,,,,
modiolus,33.809395,Pliocene,,,,
modiolus,33.809395,Pliocene,,,,
spisula,30.3876,Pliocene,,,,
chama,30.3876,Pliocene,,,,
chama,33.809395,Pliocene,,,,
mulinia,33.809395,Pliocene,,,,
mulinia,33.809395,Pliocene,,,,
chama,33.809395,Pliocene,,,,
parvilucina,33.809395,Pliocene,,,,
mulinia,33.809395,Pliocene,,,,
parvilucina,33.809395,Pliocene,,,,
mulinia,33.809395,Pliocene,,,,
astarte,33.809395,Pliocene,,,,
mulinia,33.809395,Pliocene,,,,
crepidula,33.809395,Pliocene,,,,
astarte,33.809395,Pliocene,,,,
parvilucina,33.809395,Pliocene,,,,
spisula,33.809395,Pliocene,,,,
modiolus,36.870779,Pliocene,,,,
crepidula,33.809395,Pliocene,,,,
cyclocardia,33.809395,Pliocene,,,,
chama,33.809395,Pliocene,,,,
cyclocardia,33.809395,Pliocene,,,,
chama,37.2347,Pliocene,,,,
chama,37.2347,Pliocene,,,,
chama,37.2347,Pliocene,,,,
chama,33.809395,Pliocene,,,,
crepidula,33.809395,Pliocene,,,,
crepidula,33.809395,Pliocene,,,,
crepidula,33.809395,Pliocene,,,,
crepidula,33.809395,Pliocene,,,,
mulinia,33.809395,Pliocene,,,,
crepidula,33.809395,Pliocene,,,,
noetia,33.809395,Pliocene,,,,
crepidula,27.366642,Pliocene,,,,
crepidula,27.366642,Pliocene,,,,
crepidula,27.366642,Pliocene,,,,
mulinia,30.4023,Pliocene,,,,
crepidula,27.366642,Pliocene,,,,
crepidula,27.366642,Pliocene,,,,
crepidula,27.366642,Pliocene,,,,
crepidula,27.366642,Pliocene,,,,
crepidula,27.366642,Pliocene,,,,
crepidula,27.366642,Pliocene,,,,
crepidula,27.366642,Pliocene,,,,
crepidula,27.366642,Pliocene,,,,
crepidula,27.366642,Pliocene,,,,
crepidula,27.366642,Pliocene,,,,
mulinia,33.809395,Pliocene,,,,
crepidula,33.809395,Pliocene,,,,
crepidula,33.809395,Pliocene,,,,
chama,33.809395,Pliocene,,,,
chesapecten,27.361199,Pliocene,,,,
chesapecten,27.361199,Pliocene,,,,
chesapecten,27.361199,Pliocene,,,,
chesapecten,27.361199,Pliocene,,,,
chesapecten,27.361199,Pliocene,,,,
chesapecten,27.040335,Pliocene,,,,
chesapecten,27.043546,Pliocene,,,,
crepidula,33.809395,Pliocene,,,,
crepidula,33.809395,Pliocene,,,,
crepidula,33.809395,Pliocene,,,,
noetia,36.193576,Pliocene,,,,
cyclocardia,36.193576,Pliocene,,,,
crepidula,36.193576,Pliocene,,,,
crepidula,36.193576,Pliocene,,,,
crepidula,36.193576,Pliocene,,,,
parvilucina,36.193576,Pliocene,,,,
cyclocardia,36.193576,Pliocene,,,,
astarte,36.193576,Pliocene,,,,
crepidula,36.193576,Pliocene,,,,
parvilucina,36.193576,Pliocene,,,,
spisula,36.193576,Pliocene,,,,
parvilucina,36.193576,Pliocene,,,,
astarte,36.193576,Pliocene,,,,
parvilucina,36.193576,Pliocene,,,,
striarca,34.516454,Pliocene,,,,
noetia,34.516454,Pliocene,,,,
astarte,34.428953,Pliocene,,,,
crepidula,27.366642,Pliocene,,,,
crepidula,27.366642,Pliocene,,,,
chama,27.366642,Pliocene,,,,
mulinia,27.366642,Pliocene,,,,
cyclocardia,36.193576,Pliocene,,,,
spisula,36.193576,Pliocene,,,,
noetia,36.193576,Pliocene,,,,
astarte,36.193576,Pliocene,,,,
cyclocardia,36.193576,Pliocene,,,,
cyclocardia,36.193576,Pliocene,,,,
crepidula,27.366642,Pliocene,,,,
parvilucina,27.366642,Pliocene,,,,
parvilucina,27.366642,Pliocene,,,,
mulinia,33.809395,Pliocene,,,,
mulinia,33.809395,Pliocene,,,,
crepidula,33.809395,Pliocene,,,,
crepidula,33.809395,Pliocene,,,,
crepidula,27.366642,Pliocene,,,,
parvilucina,27.366642,Pliocene,,,,
crepidula,33.809395,Pliocene,,,,
modiolus,33.809395,Pliocene,,,,
crepidula,33.809395,Pliocene,,,,
crepidula,33.809395,Pliocene,,,,
modiolus,33.809395,Pliocene,,,,
crepidula,33.809395,Pliocene,,,,
chama,33.809395,Pliocene,,,,
crepidula,33.809395,Pliocene,,,,
crepidula,33.809395,Pliocene,,,,
crepidula,33.809395,Pliocene,,,,
crepidula,33.809395,Pliocene,,,,
crepidula,33.809395,Pliocene,,,,
crepidula,33.809395,Pliocene,,,,
crepidula,33.809395,Pliocene,,,,
modiolus,33.809395,Pliocene,,,,
noetia,33.856607,Pliocene,,,,
noetia,33.856607,Pliocene,,,,
noetia,33.856607,Pliocene,,,,
chesapecten,36.758175,Pliocene,,,,
astarte,36.758175,Pliocene,,,,
chama,36.870779,Pliocene,,,,
chama,36.870779,Pliocene,,,,
chama,33.351497,Pliocene,,,,
cyclocardia,36.758175,Pliocene,,,,
spisula,36.870779,Pliocene,,,,
astarte,36.870779,Pliocene,,,,
cyclocardia,36.908245,Pliocene,,,,
spisula,36.908245,Pliocene,,,,
astarte,36.908245,Pliocene,,,,
crepidula,36.758175,Pliocene,,,,
crepidula,36.758175,Pliocene,,,,
mulinia,36.758175,Pliocene,,,,
crepidula,27.366642,Pliocene,,,,
parvilucina,27.366642,Pliocene,,,,
astarte,36.758175,Pliocene,,,,
parvilucina,36.758175,Pliocene,,,,
chama,36.758175,Pliocene,,,,
cyclocardia,36.758175,Pliocene,,,,
astarte,36.758175,Pliocene,,,,
astarte,36.758175,Pliocene,,,,
astarte,36.758175,Pliocene,,,,
astarte,36.758175,Pliocene,,,,
mulinia,36.758175,Pliocene,,,,
modiolus,36.870779,Pliocene,,,,
parvilucina,36.870779,Pliocene,,,,
chama,36.870779,Pliocene,,,,
cyclocardia,36.870779,Pliocene,,,,
crepidula,36.870779,Pliocene,,,,
crepidula,36.870779,Pliocene,,,,
astarte,37.251547,Pliocene,,,,
mulinia,37.251547,Pliocene,,,,
cyclocardia,37.251547,Pliocene,,,,
astarte,37.251547,Pliocene,,,,
chesapecten,37.26796,Pliocene,,,,
chesapecten,37.26796,Pliocene,,,,
chama,37.26796,Pliocene,,,,
chama,37.26796,Pliocene,,,,
chama,37.26796,Pliocene,,,,
chama,37.26796,Pliocene,,,,
chama,37.26796,Pliocene,,,,
noetia,37.26796,Pliocene,,,,
crepidula,37.26796,Pliocene,,,,
striarca,37.26796,Pliocene,,,,
chama,37.26796,Pliocene,,,,
cyclocardia,37.26796,Pliocene,,,,
crepidula,37.26796,Pliocene,,,,
crepidula,37.26796,Pliocene,,,,
astarte,37.26796,Pliocene,,,,
chama,37.26796,Pliocene,,,,
crepidula,27.366642,Pliocene,,,,
crepidula,27.366642,Pliocene,,,,
chesapecten,37.202029,Pliocene,,,,
chesapecten,37.202029,Pliocene,,,,
chesapecten,37.202029,Pliocene,,,,
crepidula,36.870779,Pliocene,,,,
crepidula,37.270598,Pliocene,,,,
crepidula,37.270598,Pliocene,,,,
crepidula,37.270598,Pliocene,,,,
crepidula,37.270598,Pliocene,,,,
crepidula,37.270598,Pliocene,,,,
parvilucina,37.0602,Pliocene,,,,
astarte,37.0602,Pliocene,,,,
astarte,37.0602,Pliocene,,,,
astarte,37.0602,Pliocene,,,,
cyclocardia,37.0602,Pliocene,,,,
crepidula,37.0602,Pliocene,,,,
spisula,36.870779,Pliocene,,,,
astarte,36.870779,Pliocene,,,,
cyclocardia,36.870779,Pliocene,,,,
chama,36.870779,Pliocene,,,,
noetia,36.870779,Pliocene,,,,
parvilucina,36.758175,Pliocene,,,,
chama,36.758175,Pliocene,,,,
spisula,36.870779,Pliocene,,,,
crepidula,36.870779,Pliocene,,,,
chama,27.366642,Pliocene,,,,
chama,27.366642,Pliocene,,,,
mulinia,27.366642,Pliocene,,,,
mulinia,27.366642,Pliocene,,,,
chesapecten,37.0602,Pliocene,,,,
chesapecten,37.26796,Pliocene,,,,
astarte,37.26796,Pliocene,,,,
crepidula,37.26796,Pliocene,,,,
chama,37.26796,Pliocene,,,,
striarca,37.26796,Pliocene,,,,
astarte,37.26796,Pliocene,,,,
noetia,37.26796,Pliocene,,,,
chama,37.26796,Pliocene,,,,
parvilucina,27.366642,Pliocene,,,,
crepidula,34.152321,Pliocene,,,,
astarte,34.152321,Pliocene,,,,
spisula,37.251547,Pliocene,,,,
parvilucina,34.152321,Pliocene,,,,
astarte,34.152321,Pliocene,,,,
mulinia,34.152321,Pliocene,,,,
mulinia,34.152321,Pliocene,,,,
mulinia,34.152321,Pliocene,,,,
crepidula,34.152321,Pliocene,,,,
chama,34.152321,Pliocene,,,,
parvilucina,34.152321,Pliocene,,,,
noetia,34.152321,Pliocene,,,,
mulinia,27.366642,Pliocene,,,,
chama,36.758175,Pliocene,,,,
noetia,36.758175,Pliocene,,,,
crepidula,36.758175,Pliocene,,,,
noetia,36.758175,Pliocene,,,,
parvilucina,36.758175,Pliocene,,,,
chama,36.758175,Pliocene,,,,
astarte,36.758175,Pliocene,,,,
astarte,36.758175,Pliocene,,,,
astarte,36.758175,Pliocene,,,,
astarte,36.758175,Pliocene,,,,
cyclocardia,36.758175,Pliocene,,,,
cyclocardia,36.758175,Pliocene,,,,
crepidula,36.758175,Pliocene,,,,
astarte,36.758175,Pliocene,,,,
spisula,36.758175,Pliocene,,,,
chama,33.809395,Pliocene,,,,
chesapecten,36.758175,Pliocene,,,,
crepidula,37.270598,Pliocene,,,,
crepidula,37.270598,Pliocene,,,,
chama,37.270598,Pliocene,,,,
cyclocardia,37.270598,Pliocene,,,,
astarte,37.270598,Pliocene,,,,
astarte,37.270598,Pliocene,,,,
parvilucina,37.270598,Pliocene,,,,
parvilucina,37.270598,Pliocene,,,,
chesapecten,37.270598,Pliocene,,,,
modiolus,37.270598,Pliocene,,,,
modiolus,37.270598,Pliocene,,,,
noetia,37.270598,Pliocene,,,,
striarca,37.270598,Pliocene,,,,
striarca,37.270598,Pliocene,,,,
cyclocardia,35.898381,Pliocene,,,,
modiolus,35.898381,Pliocene,,,,
astarte,35.898381,Pliocene,,,,
spisula,36.758175,Pliocene,,,,
mulinia,37.020637,Pliocene,,,,
crepidula,36.870779,Pliocene,,,,
crepidula,36.870779,Pliocene,,,,
crepidula,36.870779,Pliocene,,,,
crepidula,35.898381,Pliocene,,,,
noetia,35.898381,Pliocene,,,,
noetia,35.898381,Pliocene,,,,
noetia,35.898381,Pliocene,,,,
noetia,35.898381,Pliocene,,,,
chama,35.898381,Pliocene,,,,
chama,35.898381,Pliocene,,,,
chama,35.898381,Pliocene,,,,
chama,35.898381,Pliocene,,,,
chama,35.898381,Pliocene,,,,
chama,35.898381,Pliocene,,,,
chama,35.898381,Pliocene,,,,
chama,27.368032,Pliocene,,,,
chama,27.368032,Pliocene,,,,
mulinia,33.856607,Pliocene,,,,
mulinia,37.1023,Pliocene,,,,
mulinia,37.035233,Pliocene,,,,
chama,27.366642,Pliocene,,,,
chama,27.366642,Pliocene,,,,
noetia,27.366642,Pliocene,,,,
parvilucina,27.366642,Pliocene,,,,
chesapecten,36.870779,Pliocene,,,,
chesapecten,36.870779,Pliocene,,,,
chesapecten,36.870779,Pliocene,,,,
crepidula,36.870779,Pliocene,,,,
chesapecten,36.870779,Pliocene,,,,
noetia,36.870779,Pliocene,,,,
chama,36.870779,Pliocene,,,,
chesapecten,37.263327,Pliocene,,,,
chesapecten,37.263327,Pliocene,,,,
chesapecten,37.263327,Pliocene,,,,
chesapecten,37.263327,Pliocene,,,,
astarte,37.263327,Pliocene,,,,
chama,37.263327,Pliocene,,,,
cyclocardia,37.263327,Pliocene,,,,
chesapecten,37.26796,Pliocene,,,,
chesapecten,37.26796,Pliocene,,,,
chesapecten,37.26796,Pliocene,,,,
chesapecten,37.26796,Pliocene,,,,
chama,37.0602,Pliocene,,,,
noetia,27.368032,Pliocene,,,,
noetia,27.368032,Pliocene,,,,
astarte,34.238474,Pliocene,,,,
astarte,34.238474,Pliocene,,,,
chama,27.360528,Pliocene,,,,
chesapecten,27.361199,Pliocene,,,,
chesapecten,27.361199,Pliocene,,,,
chesapecten,27.361199,Pliocene,,,,
chesapecten,27.361199,Pliocene,,,,
chama,34.238474,Pliocene,,,,
chama,34.238474,Pliocene,,,,
parvilucina,34.238474,Pliocene,,,,
parvilucina,34.238474,Pliocene,,,,
mulinia,34.238474,Pliocene,,,,
mulinia,34.238474,Pliocene,,,,
parvilucina,34.152321,Pliocene,,,,
chama,34.152321,Pliocene,,,,
cyclocardia,34.152321,Pliocene,,,,
parvilucina,34.152321,Pliocene,,,,
parvilucina,34.152321,Pliocene,,,,
mulinia,34.152321,Pliocene,,,,
crepidula,34.152321,Pliocene,,,,
astarte,34.152321,Pliocene,,,,
crepidula,34.152321,Pliocene,,,,
spisula,34.152321,Pliocene,,,,
noetia,34.152321,Pliocene,,,,
noetia,34.152321,Pliocene,,,,
cyclocardia,34.152321,Pliocene,,,,
astarte,34.152321,Pliocene,,,,
parvilucina,34.152321,Pliocene,,,,
astarte,34.152321,Pliocene,,,,
parvilucina,34.152321,Pliocene,,,,
parvilucina,34.152321,Pliocene,,,,
chama,34.152321,Pliocene,,,,
noetia,34.152321,Pliocene,,,,
noetia,34.152321,Pliocene,,,,
crepidula,34.152321,Pliocene,,,,
crepidula,34.152321,Pliocene,,,,
crepidula,34.152321,Pliocene,,,,
crepidula,34.238474,Pliocene,,,,
noetia,34.238474,Pliocene,,,,
crepidula,34.238474,Pliocene,,,,
crepidula,34.238474,Pliocene,,,,
crepidula,34.238474,Pliocene,,,,
cyclocardia,34.238474,Pliocene,,,,
chama,33.351497,Pliocene,,,,
parvilucina,33.351497,Pliocene,,,,
cyclocardia,33.351497,Pliocene,,,,
astarte,33.351497,Pliocene,,,,
noetia,29.68443,Pliocene,,,,
crepidula,29.68443,Pliocene,,,,
mulinia,29.68443,Pliocene,,,,
chesapecten,27.375123,Pliocene,,,,
mulinia,34.152321,Pliocene,,,,
chesapecten,36.758175,Pliocene,,,,
cyclocardia,37.270598,Pliocene,,,,
crepidula,35.898381,Pliocene,,,,
crepidula,35.898381,Pliocene,,,,
crepidula,35.898381,Pliocene,,,,
crepidula,36.758175,Pliocene,,,,
cyclocardia,33.809395,Pliocene,,,,
crepidula,33.809395,Pliocene,,,,
chama,33.809395,Pliocene,,,,
chesapecten,35.344367,Pliocene,,,,
chesapecten,35.344367,Pliocene,,,,
chesapecten,35.344367,Pliocene,,,,
chesapecten,36.870779,Pliocene,,,,
chesapecten,37.204632,Pliocene,,,,
chesapecten,37.204632,Pliocene,,,,
crepidula,27.233526,Pliocene,,,,
crepidula,27.233526,Pliocene,,,,
crepidula,27.233526,Pliocene,,,,
crepidula,27.233526,Pliocene,,,,
chama,37.119649,Pliocene,,,,
chama,37.277878,Pliocene,,,,
crepidula,37.277878,Pliocene,,,,
modiolus,36.870779,Pliocene,,,,
chesapecten,37.145508,Pliocene,,,,
chesapecten,37.145508,Pliocene,,,,
astarte,34.238474,Pliocene,,,,
modiolus,34.238474,Pliocene,,,,
crepidula,34.238474,Pliocene,,,,
crepidula,34.238474,Pliocene,,,,
noetia,34.238474,Pliocene,,,,
modiolus,34.238474,Pliocene,,,,
modiolus,34.238474,Pliocene,,,,
noetia,34.238474,Pliocene,,,,
chama,37.26796,Pliocene,,,,
cyclocardia,37.26796,Pliocene,,,,
noetia,37.26796,Pliocene,,,,
astarte,37.26796,Pliocene,,,,
chama,37.26796,Pliocene,,,,
striarca,37.26796,Pliocene,,,,
mulinia,33.862122,Pliocene,,,,
crepidula,33.809395,Pliocene,,,,
chesapecten,35.604024,Pliocene,,,,
cyclocardia,35.604024,Pliocene,,,,
mulinia,35.604024,Pliocene,,,,
parvilucina,35.604024,Pliocene,,,,
crepidula,35.604024,Pliocene,,,,
parvilucina,35.604024,Pliocene,,,,
chesapecten,27.366642,Pliocene,,,,
chesapecten,27.366642,Pliocene,,,,
chesapecten,27.366642,Pliocene,,,,
chesapecten,27.366642,Pliocene,,,,
astarte,34.592977,Pliocene,,,,
chesapecten,27.3125,Pliocene,,,,
chesapecten,27.3139,Pliocene,,,,
spisula,37.0602,Pliocene,,,,
cyclocardia,37.0602,Pliocene,,,,
crepidula,37.0602,Pliocene,,,,
modiolus,37.0602,Pliocene,,,,
spisula,37.0602,Pliocene,,,,
chesapecten,37.0602,Pliocene,,,,
chesapecten,37.0602,Pliocene,,,,
chesapecten,37.0602,Pliocene,,,,
astarte,36.783802,Pliocene,,,,
cyclocardia,36.783802,Pliocene,,,,
noetia,36.783802,Pliocene,,,,
spisula,36.783802,Pliocene,,,,
chama,37.270598,Pliocene,,,,
chama,37.270598,Pliocene,,,,
chama,37.270598,Pliocene,,,,
chama,37.270598,Pliocene,,,,
chama,37.2347,Pliocene,,,,
chama,37.2347,Pliocene,,,,
chesapecten,37.0602,Pliocene,,,,
chesapecten,37.0602,Pliocene,,,,
spisula,37.0602,Pliocene,,,,
chesapecten,36.447238,Pliocene,,,,
cyclocardia,36.447238,Pliocene,,,,
astarte,36.447238,Pliocene,,,,
chesapecten,36.447238,Pliocene,,,,
parvilucina,34.152321,Pliocene,,,,
mulinia,34.607171,Pliocene,,,,
cyclocardia,34.607171,Pliocene,,,,
parvilucina,34.607171,Pliocene,,,,
mulinia,34.607171,Pliocene,,,,
chesapecten,37.251547,Pliocene,,,,
modiolus,37.251547,Pliocene,,,,
chama,37.251547,Pliocene,,,,
crepidula,33.856607,Pliocene,,,,
chama,33.856607,Pliocene,,,,
astarte,33.856607,Pliocene,,,,
cyclocardia,33.856607,Pliocene,,,,
crepidula,33.856607,Pliocene,,,,
spisula,36.758175,Pliocene,,,,
astarte,36.758175,Pliocene,,,,
crepidula,36.758175,Pliocene,,,,
astarte,36.758175,Pliocene,,,,
spisula,36.758175,Pliocene,,,,
astarte,36.758175,Pliocene,,,,
astarte,36.758175,Pliocene,,,,
cyclocardia,36.758175,Pliocene,,,,
crepidula,36.758175,Pliocene,,,,
cyclocardia,36.758175,Pliocene,,,,
chesapecten,33.3506,Pliocene,,,,
noetia,34.607171,Pliocene,,,,
mulinia,34.607171,Pliocene,,,,
noetia,34.607171,Pliocene,,,,
noetia,34.607171,Pliocene,,,,
cyclocardia,35.78466,Pliocene,,,,
parvilucina,35.78466,Pliocene,,,,
parvilucina,35.78466,Pliocene,,,,
cyclocardia,35.78466,Pliocene,,,,
chesapecten,35.78466,Pliocene,,,,
mulinia,35.78466,Pliocene,,,,
chesapecten,35.1375,Pliocene,,,,
crepidula,36.830191,Pliocene,,,,
crepidula,36.830191,Pliocene,,,,
cyclocardia,36.758175,Pliocene,,,,
cyclocardia,36.758175,Pliocene,,,,
parvilucina,36.758175,Pliocene,,,,
chama,36.758175,Pliocene,,,,
astarte,36.758175,Pliocene,,,,
noetia,36.758175,Pliocene,,,,
chama,36.758175,Pliocene,,,,
chesapecten,36.758175,Pliocene,,,,
modiolus,36.758175,Pliocene,,,,
astarte,36.758175,Pliocene,,,,
noetia,36.758175,Pliocene,,,,
crepidula,36.758175,Pliocene,,,,
chesapecten,36.007519,Pliocene,,,,
modiolus,36.007519,Pliocene,,,,
chesapecten,36.007519,Pliocene,,,,
crepidula,33.351497,Pliocene,,,,
chama,33.351497,Pliocene,,,,
noetia,36.870779,Pliocene,,,,
astarte,36.870779,Pliocene,,,,
crepidula,36.758175,Pliocene,,,,
parvilucina,36.758175,Pliocene,,,,
mulinia,36.758175,Pliocene,,,,
astarte,36.758175,Pliocene,,,,
astarte,36.758175,Pliocene,,,,
crepidula,36.758175,Pliocene,,,,
crepidula,36.758175,Pliocene,,,,
cyclocardia,36.758175,Pliocene,,,,
chama,36.758175,Pliocene,,,,
chesapecten,36.758175,Pliocene,,,,
astarte,36.758175,Pliocene,,,,
astarte,36.758175,Pliocene,,,,
crepidula,36.758175,Pliocene,,,,
mulinia,34.732905,Pliocene,,,,
astarte,34.732905,Pliocene,,,,
noetia,34.732905,Pliocene,,,,
parvilucina,34.732905,Pliocene,,,,
parvilucina,34.732905,Pliocene,,,,
crepidula,34.732905,Pliocene,,,,
cyclocardia,34.732905,Pliocene,,,,
cyclocardia,36.07657,Pliocene,,,,
astarte,36.07657,Pliocene,,,,
cyclocardia,36.07657,Pliocene,,,,
modiolus,36.758175,Pliocene,,,,
astarte,36.870779,Pliocene,,,,
chesapecten,36.870779,Pliocene,,,,
noetia,36.870779,Pliocene,,,,
chama,36.870779,Pliocene,,,,
astarte,36.870779,Pliocene,,,,
noetia,36.870779,Pliocene,,,,
noetia,36.870779,Pliocene,,,,
chama,36.870779,Pliocene,,,,
astarte,36.870779,Pliocene,,,,
astarte,36.870779,Pliocene,,,,
chama,36.870779,Pliocene,,,,
cyclocardia,36.870779,Pliocene,,,,
astarte,36.870779,Pliocene,,,,
noetia,36.870779,Pliocene,,,,
crepidula,36.870779,Pliocene,,,,
chama,36.870779,Pliocene,,,,
spisula,36.870779,Pliocene,,,,
astarte,36.870779,Pliocene,,,,
chama,36.870779,Pliocene,,,,
crepidula,36.870779,Pliocene,,,,
spisula,36.870779,Pliocene,,,,
chama,36.870779,Pliocene,,,,
astarte,36.870779,Pliocene,,,,
chama,36.870779,Pliocene,,,,
spisula,36.870779,Pliocene,,,,
spisula,36.870779,Pliocene,,,,
crepidula,36.870779,Pliocene,,,,
noetia,36.870779,Pliocene,,,,
cyclocardia,36.870779,Pliocene,,,,
parvilucina,36.870779,Pliocene,,,,
crepidula,36.870779,Pliocene,,,,
spisula,36.870779,Pliocene,,,,
crepidula,36.870779,Pliocene,,,,
spisula,36.870779,Pliocene,,,,
crepidula,36.870779,Pliocene,,,,
mulinia,36.870779,Pliocene,,,,
chesapecten,37.539878,Pliocene,,,,
spisula,37.539878,Pliocene,,,,
astarte,37.539878,Pliocene,,,,
cyclocardia,37.539878,Pliocene,,,,
chesapecten,37.539878,Pliocene,,,,
modiolus,37.539878,Pliocene,,,,
astarte,37.539878,Pliocene,,,,
spisula,37.539878,Pliocene,,,,
cyclocardia,37.539878,Pliocene,,,,
astarte,37.539878,Pliocene,,,,
astarte,37.539878,Pliocene,,,,
chesapecten,37.539878,Pliocene,,,,
astarte,34.152321,Pliocene,,,,
crepidula,34.152321,Pliocene,,,,
crepidula,34.152321,Pliocene,,,,
crepidula,34.152321,Pliocene,,,,
chama,34.152321,Pliocene,,,,
mulinia,34.152321,Pliocene,,,,
noetia,34.152321,Pliocene,,,,
noetia,34.152321,Pliocene,,,,
chesapecten,37.539878,Pliocene,,,,
chesapecten,37.539878,Pliocene,,,,
crepidula,37.204632,Pliocene,,,,
chesapecten,37.204632,Pliocene,,,,
crepidula,37.204632,Pliocene,,,,
astarte,37.204632,Pliocene,,,,
astarte,37.204632,Pliocene,,,,
chesapecten,37.204632,Pliocene,,,,
astarte,37.204632,Pliocene,,,,
chesapecten,37.204632,Pliocene,,,,
chesapecten,37.204632,Pliocene,,,,
crepidula,34.238474,Pliocene,,,,
parvilucina,34.238474,Pliocene,,,,
parvilucina,34.238474,Pliocene,,,,
parvilucina,34.238474,Pliocene,,,,
chama,34.238474,Pliocene,,,,
cyclocardia,34.238474,Pliocene,,,,
astarte,34.238474,Pliocene,,,,
astarte,34.238474,Pliocene,,,,
chama,34.238474,Pliocene,,,,
chama,34.238474,Pliocene,,,,
parvilucina,34.238474,Pliocene,,,,
parvilucina,34.238474,Pliocene,,,,
modiolus,34.238474,Pliocene,,,,
parvilucina,34.238474,Pliocene,,,,
cyclocardia,34.238474,Pliocene,,,,
mulinia,34.238474,Pliocene,,,,
parvilucina,34.238474,Pliocene,,,,
mulinia,34.238474,Pliocene,,,,
astarte,34.238474,Pliocene,,,,
mulinia,34.238474,Pliocene,,,,
astarte,34.238474,Pliocene,,,,
parvilucina,34.238474,Pliocene,,,,
parvilucina,34.238474,Pliocene,,,,
astarte,34.238474,Pliocene,,,,
astarte,34.238474,Pliocene,,,,
noetia,34.238474,Pliocene,,,,
modiolus,34.238474,Pliocene,,,,
parvilucina,34.238474,Pliocene,,,,
chama,34.238474,Pliocene,,,,
chama,34.238474,Pliocene,,,,
cyclocardia,34.238474,Pliocene,,,,
modiolus,34.238474,Pliocene,,,,
parvilucina,34.238474,Pliocene,,,,
parvilucina,34.238474,Pliocene,,,,
chama,34.238474,Pliocene,,,,
astarte,34.238474,Pliocene,,,,
cyclocardia,34.238474,Pliocene,,,,
chama,34.238474,Pliocene,,,,
crepidula,34.238474,Pliocene,,,,
crepidula,34.238474,Pliocene,,,,
crepidula,34.238474,Pliocene,,,,
crepidula,34.238474,Pliocene,,,,
crepidula,34.238474,Pliocene,,,,
astarte,36.758175,Pliocene,,,,
crepidula,36.758175,Pliocene,,,,
astarte,36.758175,Pliocene,,,,
noetia,36.758175,Pliocene,,,,
astarte,36.758175,Pliocene,,,,
crepidula,36.758175,Pliocene,,,,
astarte,36.758175,Pliocene,,,,
spisula,36.758175,Pliocene,,,,
cyclocardia,36.758175,Pliocene,,,,
crepidula,34.238474,Pliocene,,,,
crepidula,34.238474,Pliocene,,,,
mulinia,34.238474,Pliocene,,,,
astarte,34.238474,Pliocene,,,,
astarte,34.238474,Pliocene,,,,
astarte,34.238474,Pliocene,,,,
noetia,34.238474,Pliocene,,,,
modiolus,34.238474,Pliocene,,,,
modiolus,34.238474,Pliocene,,,,
mulinia,34.238474,Pliocene,,,,
astarte,34.238474,Pliocene,,,,
astarte,34.238474,Pliocene,,,,
astarte,34.238474,Pliocene,,,,
cyclocardia,34.238474,Pliocene,,,,
chama,34.238474,Pliocene,,,,
chama,34.238474,Pliocene,,,,
parvilucina,34.238474,Pliocene,,,,
parvilucina,34.238474,Pliocene,,,,
parvilucina,34.238474,Pliocene,,,,
noetia,34.238474,Pliocene,,,,
modiolus,34.238474,Pliocene,,,,
crepidula,34.238474,Pliocene,,,,
chama,30.386921,Pliocene,,,,
noetia,33.351497,Pliocene,,,,
noetia,33.351497,Pliocene,,,,
astarte,37.145508,Pliocene,,,,
astarte,37.145508,Pliocene,,,,
cyclocardia,37.145508,Pliocene,,,,
chesapecten,37.145508,Pliocene,,,,
chama,27.366642,Pliocene,,,,
cyclocardia,27.366642,Pliocene,,,,
parvilucina,33.351497,Pliocene,,,,
parvilucina,33.351497,Pliocene,,,,
parvilucina,33.351497,Pliocene,,,,
parvilucina,37.270598,Pliocene,,,,
parvilucina,33.856607,Pliocene,,,,
parvilucina,33.856607,Pliocene,,,,
crepidula,33.856607,Pliocene,,,,
noetia,33.856607,Pliocene,,,,
parvilucina,27.366642,Pliocene,,,,
parvilucina,27.366642,Pliocene,,,,
parvilucina,27.366642,Pliocene,,,,
parvilucina,27.366642,Pliocene,,,,
parvilucina,27.366642,Pliocene,,,,
astarte,37.26796,Pliocene,,,,
modiolus,37.26796,Pliocene,,,,
noetia,37.26796,Pliocene,,,,
crepidula,37.26796,Pliocene,,,,
astarte,37.26796,Pliocene,,,,
chesapecten,37.26796,Pliocene,,,,
astarte,37.26796,Pliocene,,,,
astarte,37.26796,Pliocene,,,,
parvilucina,36.758175,Pliocene,,,,
parvilucina,37.0602,Pliocene,,,,
parvilucina,37.035233,Pliocene,,,,
cyclocardia,37.035233,Pliocene,,,,
parvilucina,34.05641,Pliocene,,,,
parvilucina,34.05641,Pliocene,,,,
cyclocardia,34.05641,Pliocene,,,,
mulinia,34.05641,Pliocene,,,,
chama,36.870779,Pliocene,,,,
spisula,37.020637,Pliocene,,,,
cyclocardia,35.898381,Pliocene,,,,
parvilucina,37.251547,Pliocene,,,,
parvilucina,37.2347,Pliocene,,,,
spisula,36.870779,Pliocene,,,,
spisula,36.755878,Pliocene,,,,
mulinia,27.366642,Pliocene,,,,
chama,37.26796,Pliocene,,,,
chama,37.26796,Pliocene,,,,
striarca,37.26796,Pliocene,,,,
chama,37.26796,Pliocene,,,,
spisula,36.758175,Pliocene,,,,
spisula,36.758175,Pliocene,,,,
spisula,36.758175,Pliocene,,,,
parvilucina,33.856607,Pliocene,,,,
parvilucina,37.032918,Pliocene,,,,
crepidula,29.68443,Pliocene,,,,
crepidula,29.68443,Pliocene,,,,
crepidula,29.68443,Pliocene,,,,
crepidula,29.68443,Pliocene,,,,
crepidula,29.68443,Pliocene,,,,
crepidula,29.68443,Pliocene,,,,
crepidula,29.68443,Pliocene,,,,
crepidula,29.68443,Pliocene,,,,
crepidula,29.68443,Pliocene,,,,
crepidula,29.68443,Pliocene,,,,
crepidula,29.68443,Pliocene,,,,
crepidula,29.68443,Pliocene,,,,
crepidula,29.68443,Pliocene,,,,
crepidula,29.68443,Pliocene,,,,
crepidula,29.68443,Pliocene,,,,
crepidula,29.68443,Pliocene,,,,
crepidula,29.68443,Pliocene,,,,
crepidula,29.68443,Pliocene,,,,
spisula,36.758175,Pliocene,,,,
cyclocardia,36.758175,Pliocene,,,,
spisula,37.119649,Pliocene,,,,
modiolus,37.119649,Pliocene,,,,
crepidula,29.68443,Pliocene,,,,
mulinia,29.6873,Pliocene,,,,
mulinia,30.474367,Pliocene,,,,
crepidula,29.6873,Pliocene,,,,
cyclocardia,37.350058,Pliocene,,,,
chesapecten,37.350058,Pliocene,,,,
astarte,37.350058,Pliocene,,,,
chesapecten,37.350058,Pliocene,,,,
spisula,37.350058,Pliocene,,,,
chesapecten,37.350058,Pliocene,,,,
noetia,33.856607,Pliocene,,,,
mulinia,33.856607,Pliocene,,,,
crepidula,33.856607,Pliocene,,,,
crepidula,33.856607,Pliocene,,,,
crepidula,33.856607,Pliocene,,,,
crepidula,33.856607,Pliocene,,,,
astarte,33.856607,Pliocene,,,,
chama,33.856607,Pliocene,,,,
crepidula,33.856607,Pliocene,,,,
chama,33.856607,Pliocene,,,,
chama,33.856607,Pliocene,,,,
noetia,33.856607,Pliocene,,,,
chama,33.856607,Pliocene,,,,
mulinia,33.856607,Pliocene,,,,
crepidula,33.856607,Pliocene,,,,
crepidula,33.856607,Pliocene,,,,
chama,33.856607,Pliocene,,,,
chama,33.856607,Pliocene,,,,
crepidula,33.856607,Pliocene,,,,
crepidula,33.856607,Pliocene,,,,
crepidula,33.856607,Pliocene,,,,
crepidula,33.856607,Pliocene,,,,
parvilucina,34.05641,Pliocene,,,,
mulinia,34.05641,Pliocene,,,,
astarte,34.05641,Pliocene,,,,
crepidula,29.68443,Pliocene,,,,
mulinia,29.68443,Pliocene,,,,
spisula,29.68443,Pliocene,,,,
mulinia,27.378187,Pliocene,,,,
mulinia,27.378187,Pliocene,,,,
mulinia,27.378187,Pliocene,,,,
chama,27.378187,Pliocene,,,,
crepidula,27.378187,Pliocene,,,,
crepidula,27.378187,Pliocene,,,,
chama,27.378187,Pliocene,,,,
mulinia,27.378187,Pliocene,,,,
chama,27.378187,Pliocene,,,,
mulinia,27.378187,Pliocene,,,,
chama,27.378187,Pliocene,,,,
mulinia,27.378187,Pliocene,,,,
crepidula,33.856607,Pliocene,,,,
mulinia,33.856607,Pliocene,,,,
astarte,33.856607,Pliocene,,,,
parvilucina,29.68443,Pliocene,,,,
noetia,29.68443,Pliocene,,,,
mulinia,29.68443,Pliocene,,,,
crepidula,29.68443,Pliocene,,,,
chesapecten,30.700246,Pliocene,,,,
chesapecten,30.700246,Pliocene,,,,
chama,33.351497,Pliocene,,,,
spisula,33.351497,Pliocene,,,,
chama,33.351497,Pliocene,,,,
chama,33.351497,Pliocene,,,,
chesapecten,33.351497,Pliocene,,,,
chesapecten,27.378187,Pliocene,,,,
chama,33.351497,Pliocene,,,,
parvilucina,33.351497,Pliocene,,,,
parvilucina,33.351497,Pliocene,,,,
mulinia,27.366642,Pliocene,,,,
chama,27.366642,Pliocene,,,,
chama,27.366642,Pliocene,,,,
mulinia,27.366642,Pliocene,,,,
crepidula,27.366642,Pliocene,,,,
crepidula,27.366642,Pliocene,,,,
crepidula,27.366642,Pliocene,,,,
crepidula,27.366642,Pliocene,,,,
mulinia,29.6873,Pliocene,,,,
crepidula,29.6873,Pliocene,,,,
cyclocardia,29.6873,Pliocene,,,,
noetia,29.6873,Pliocene,,,,
crepidula,29.68443,Pliocene,,,,
mulinia,29.68443,Pliocene,,,,
mulinia,29.68443,Pliocene,,,,
noetia,29.68443,Pliocene,,,,
crepidula,29.68443,Pliocene,,,,
chama,29.68443,Pliocene,,,,
crepidula,29.68443,Pliocene,,,,
cyclocardia,29.68443,Pliocene,,,,
parvilucina,29.68443,Pliocene,,,,
crepidula,29.6873,Pliocene,,,,
parvilucina,29.6873,Pliocene,,,,
mulinia,29.6873,Pliocene,,,,
crepidula,27.366642,Pliocene,,,,
crepidula,27.366642,Pliocene,,,,
mulinia,27.366642,Pliocene,,,,
mulinia,27.366642,Pliocene,,,,
parvilucina,27.366642,Pliocene,,,,
crepidula,27.366642,Pliocene,,,,
crepidula,27.366642,Pliocene,,,,
mulinia,27.378187,Pliocene,,,,
chesapecten,27.378187,Pliocene,,,,
spisula,37.0591,Pliocene,,,,
mulinia,27.366642,Pliocene,,,,
mulinia,27.366642,Pliocene,,,,
mulinia,27.366642,Pliocene,,,,
chama,27.366642,Pliocene,,,,
parvilucina,27.366642,Pliocene,,,,
parvilucina,27.366642,Pliocene,,,,
crepidula,27.378187,Pliocene,,,,
mulinia,27.378187,Pliocene,,,,
mulinia,27.366642,Pliocene,,,,
crepidula,27.366642,Pliocene,,,,
mulinia,27.366642,Pliocene,,,,
crepidula,27.366642,Pliocene,,,,
chama,27.366642,Pliocene,,,,
crepidula,27.366642,Pliocene,,,,
chama,27.366642,Pliocene,,,,
chama,27.366642,Pliocene,,,,
chama,27.366642,Pliocene,,,,
parvilucina,27.366642,Pliocene,,,,
parvilucina,27.366642,Pliocene,,,,
mulinia,27.366642,Pliocene,,,,
parvilucina,27.366642,Pliocene,,,,
parvilucina,27.366642,Pliocene,,,,
mulinia,27.366642,Pliocene,,,,
parvilucina,27.366642,Pliocene,,,,
parvilucina,27.366642,Pliocene,,,,
crepidula,27.366642,Pliocene,,,,
parvilucina,27.366642,Pliocene,,,,
parvilucina,27.366642,Pliocene,,,,
parvilucina,27.366642,Pliocene,,,,
parvilucina,27.366642,Pliocene,,,,
mulinia,27.366642,Pliocene,,,,
crepidula,33.351497,Pliocene,,,,
parvilucina,27.366642,Pliocene,,,,
parvilucina,27.366642,Pliocene,,,,
chama,27.366642,Pliocene,,,,
chesapecten,35.344367,Pliocene,,,,
parvilucina,27.366642,Pliocene,,,,
parvilucina,27.366642,Pliocene,,,,
crepidula,27.366642,Pliocene,,,,
astarte,25.725979,Pliocene,,,,
parvilucina,27.366642,Pliocene,,,,
mulinia,27.366642,Pliocene,,,,
astarte,27.366642,Pliocene,,,,
mulinia,27.366642,Pliocene,,,,
crepidula,27.366642,Pliocene,,,,
crepidula,27.366642,Pliocene,,,,
parvilucina,27.366642,Pliocene,,,,
parvilucina,27.366642,Pliocene,,,,
chama,27.720294,Pliocene,,,,
parvilucina,27.366642,Pliocene,,,,
parvilucina,27.366642,Pliocene,,,,
parvilucina,27.366642,Pliocene,,,,
chama,27.366642,Pliocene,,,,
parvilucina,27.366642,Pliocene,,,,
parvilucina,27.366642,Pliocene,,,,
crepidula,27.366642,Pliocene,,,,
crepidula,27.366642,Pliocene,,,,
mulinia,29.68443,Pliocene,,,,
crepidula,29.68443,Pliocene,,,,
cyclocardia,29.68443,Pliocene,,,,
crepidula,27.366642,Pliocene,,,,
crepidula,27.366642,Pliocene,,,,
crepidula,27.366642,Pliocene,,,,
mulinia,29.68443,Pliocene,,,,
chesapecten,33.351497,Pliocene,,,,
chama,33.351497,Pliocene,,,,
chama,33.351497,Pliocene,,,,
chama,33.351497,Pliocene,,,,
chama,33.351497,Pliocene,,,,
chama,27.375123,Pliocene,,,,
crepidula,27.5174,Pliocene,,,,
crepidula,27.5174,Pliocene,,,,
crepidula,27.366642,Pliocene,,,,
crepidula,27.375448,Pliocene,,,,
crepidula,27.375448,Pliocene,,,,
mulinia,34.238474,Pliocene,,,,
cyclocardia,34.238474,Pliocene,,,,
astarte,34.238474,Pliocene,,,,
astarte,34.238474,Pliocene,,,,
noetia,34.238474,Pliocene,,,,
parvilucina,34.238474,Pliocene,,,,
crepidula,34.238474,Pliocene,,,,
crepidula,34.238474,Pliocene,,,,
astarte,34.238474,Pliocene,,,,
mulinia,33.351497,Pliocene,,,,
chama,33.351497,Pliocene,,,,
astarte,33.351497,Pliocene,,,,
astarte,33.351497,Pliocene,,,,
astarte,33.351497,Pliocene,,,,
chesapecten,33.351497,Pliocene,,,,
astarte,33.351497,Pliocene,,,,
crepidula,33.351497,Pliocene,,,,
astarte,30.3876,Pliocene,,,,
chama,30.3876,Pliocene,,,,
mulinia,30.3876,Pliocene,,,,
crepidula,30.3876,Pliocene,,,,
chama,30.3876,Pliocene,,,,
cyclocardia,30.3876,Pliocene,,,,
mulinia,29.6873,Pliocene,,,,
parvilucina,29.6873,Pliocene,,,,
crepidula,29.6873,Pliocene,,,,
crepidula,29.6873,Pliocene,,,,
parvilucina,29.6873,Pliocene,,,,
crepidula,29.6873,Pliocene,,,,
noetia,29.6873,Pliocene,,,,
crepidula,29.6873,Pliocene,,,,
chesapecten,35.344367,Pliocene,,,,
mulinia,29.6873,Pliocene,,,,
noetia,28.002458,Pliocene,,,,
noetia,28.002458,Pliocene,,,,
noetia,28.002458,Pliocene,,,,
chesapecten,30.700246,Pliocene,,,,
chama,27.366642,Pliocene,,,,
mulinia,27.366642,Pliocene,,,,
mulinia,28.002458,Pliocene,,,,
spisula,28.002458,Pliocene,,,,
crepidula,28.002458,Pliocene,,,,
noetia,28.002458,Pliocene,,,,
noetia,28.002458,Pliocene,,,,
crepidula,28.002458,Pliocene,,,,
crepidula,28.002458,Pliocene,,,,
crepidula,28.002458,Pliocene,,,,
chama,27.366642,Pliocene,,,,
parvilucina,27.366642,Pliocene,,,,
crepidula,28.002458,Pliocene,,,,
modiolus,28.002458,Pliocene,,,,
mulinia,27.2467,Pliocene,,,,
astarte,27.3114,Pliocene,,,,
chama,30.4642,Pliocene,,,,
mulinia,30.4642,Pliocene,,,,
cyclocardia,30.4642,Pliocene,,,,
astarte,30.4642,Pliocene,,,,
chesapecten,37.0602,Pliocene,,,,
chesapecten,37.0602,Pliocene,,,,
chesapecten,37.0602,Pliocene,,,,
chesapecten,37.0602,Pliocene,,,,
chama,27.366642,Pliocene,,,,
mulinia,27.366642,Pliocene,,,,
chama,27.366642,Pliocene,,,,
chama,27.366642,Pliocene,,,,
parvilucina,27.366642,Pliocene,,,,
chama,27.366642,Pliocene,,,,
parvilucina,27.366642,Pliocene,,,,
chama,27.366642,Pliocene,,,,
parvilucina,27.366642,Pliocene,,,,
parvilucina,27.366642,Pliocene,,,,
chesapecten,27.3708,Pliocene,,,,
chesapecten,27.3708,Pliocene,,,,
chesapecten,27.3708,Pliocene,,,,
chesapecten,27.3708,Pliocene,,,,
chama,27.366642,Pliocene,,,,
chama,33.351497,Pliocene,,,,
chesapecten,37.020637,Pliocene,,,,
chesapecten,37.119649,Pliocene,,,,
crepidula,37.119649,Pliocene,,,,
mulinia,34.152321,Pliocene,,,,
mulinia,34.152321,Pliocene,,,,
chama,27.366642,Pliocene,,,,
modiolus,33.351497,Pliocene,,,,
modiolus,33.856607,Pliocene,,,,
parvilucina,27.366642,Pliocene,,,,
chesapecten,27.010841,Pliocene,,,,
chesapecten,27.043546,Pliocene,,,,
mulinia,30.4642,Pliocene,,,,
cyclocardia,30.4642,Pliocene,,,,
cyclocardia,30.3876,Pliocene,,,,
crepidula,30.444871,Pliocene,,,,
parvilucina,30.3876,Pliocene,,,,
parvilucina,30.396207,Pliocene,,,,
cyclocardia,30.396207,Pliocene,,,,
chesapecten,27.799421,Pliocene,,,,
parvilucina,30.4642,Pliocene,,,,
astarte,30.4642,Pliocene,,,,
chesapecten,27.876615,Pliocene,,,,
chesapecten,27.876615,Pliocene,,,,
chesapecten,27.876615,Pliocene,,,,
chesapecten,27.876615,Pliocene,,,,
chesapecten,27.876615,Pliocene,,,,
chesapecten,26.954357,Pliocene,,,,
chesapecten,26.954357,Pliocene,,,,
chesapecten,26.954357,Pliocene,,,,
chesapecten,26.167368,Pliocene,,,,
chama,27.366642,Pliocene,,,,
mulinia,27.366642,Pliocene,,,,
chesapecten,27.3708,Pliocene,,,,
chesapecten,27.3708,Pliocene,,,,
chesapecten,27.3708,Pliocene,,,,
astarte,30.496448,Pliocene,,,,
mulinia,30.4642,Pliocene,,,,
parvilucina,30.495941,Pliocene,,,,
mulinia,30.396207,Pliocene,,,,
chama,27.360528,Pliocene,,,,
chama,27.368032,Pliocene,,,,
chama,27.395031,Pliocene,,,,
crepidula,30.404053,Pliocene,,,,
crepidula,30.41062,Pliocene,,,,
mulinia,30.4023,Pliocene,,,,
spisula,30.404053,Pliocene,,,,
mulinia,30.404053,Pliocene,,,,
mulinia,33.351497,Pliocene,,,,
chesapecten,33.351497,Pliocene,,,,
mulinia,34.238474,Pliocene,,,,
crepidula,34.238474,Pliocene,,,,
crepidula,34.238474,Pliocene,,,,
parvilucina,34.238474,Pliocene,,,,
astarte,34.238474,Pliocene,,,,
chama,34.238474,Pliocene,,,,
crepidula,34.238474,Pliocene,,,,
noetia,34.238474,Pliocene,,,,
parvilucina,34.238474,Pliocene,,,,
mulinia,34.238474,Pliocene,,,,
chama,34.238474,Pliocene,,,,
cyclocardia,34.238474,Pliocene,,,,
astarte,34.238474,Pliocene,,,,
astarte,34.238474,Pliocene,,,,
parvilucina,34.238474,Pliocene,,,,
astarte,34.238474,Pliocene,,,,
mulinia,34.238474,Pliocene,,,,
parvilucina,33.856607,Pliocene,,,,
crepidula,33.856607,Pliocene,,,,
chesapecten,30.700246,Pliocene,,,,
chesapecten,30.700246,Pliocene,,,,
chesapecten,30.700246,Pliocene,,,,
chesapecten,30.700246,Pliocene,,,,
chesapecten,30.700246,Pliocene,,,,
chesapecten,30.700246,Pliocene,,,,
chesapecten,30.700246,Pliocene,,,,
parvilucina,29.68443,Pliocene,,,,
