genus,age,latitude
mulinia,Pleistocene,36.916943
cyclocardia,Pleistocene,36.916943
crepidula,Pleistocene,36.786667
spisula,Pleistocene,25.952999
mulinia,Pleistocene,26.885
crepidula,Pleistocene,26.885
chama,Pleistocene,26.885
mulinia,Pleistocene,26.885
chama,Pleistocene,26.885
parvilucina,Pleistocene,26.885
mulinia,Pleistocene,26.885
mulinia,Pleistocene,26.885
noetia,Pleistocene,26.885
parvilucina,Pleistocene,26.885
chama,Pleistocene,26.885
noetia,Pleistocene,26.885
parvilucina,Pleistocene,26.885
crepidula,Pleistocene,26.885
crepidula,Pleistocene,26.885
chama,Pleistocene,26.885
chama,Pleistocene,26.885
chama,Pleistocene,26.885
parvilucina,Pleistocene,26.885
modiolus,Pleistocene,26.885
mulinia,Pleistocene,26.885
parvilucina,Pleistocene,26.885
crepidula,Pleistocene,26.885
crepidula,Pleistocene,26.885
chama,Pleistocene,26.885
chama,Pleistocene,26.885
chama,Pleistocene,26.885
mulinia,Pleistocene,26.885
mulinia,Pleistocene,26.885
noetia,Pleistocene,26.885
parvilucina,Pleistocene,26.885
crepidula,Pleistocene,26.885
astarte,Pleistocene,35.283611
cyclocardia,Pleistocene,35.283611
astarte,Pleistocene,35.283611
astarte,Pleistocene,35.283611
cyclocardia,Pleistocene,35.283611
modiolus,Pleistocene,35.283611
astarte,Pleistocene,35.283611
astarte,Pleistocene,35.283611
cyclocardia,Pleistocene,35.283611
noetia,Pleistocene,35.283611
modiolus,Pleistocene,35.283611
astarte,Pleistocene,35.283611
astarte,Pleistocene,35.283611
astarte,Pleistocene,35.283611
astarte,Pleistocene,35.283611
cyclocardia,Pleistocene,35.283611
chama,Pleistocene,35.283611
modiolus,Pleistocene,35.283611
noetia,Pleistocene,35.283611
cyclocardia,Pleistocene,35.283611
parvilucina,Pleistocene,35.283611
crepidula,Pleistocene,35.283611
crepidula,Pleistocene,35.283611
crepidula,Pleistocene,35.283611
parvilucina,Pleistocene,35.283611
crepidula,Pleistocene,35.283611
crepidula,Pleistocene,35.283611
crepidula,Pleistocene,35.283611
chesapecten,Pleistocene,36.442501
astarte,Pleistocene,36.442501
chama,Pleistocene,36.442501
chesapecten,Pleistocene,35.384998
astarte,Pleistocene,34.618332
astarte,Pleistocene,35.384998
astarte,Pleistocene,34.998055
astarte,Pleistocene,34.896667
astarte,Pleistocene,34.618332
astarte,Pleistocene,34.496944
astarte,Pleistocene,34.325832
astarte,Pleistocene,34.325832
astarte,Pleistocene,34.287777
parvilucina,Pleistocene,34.896667
parvilucina,Pleistocene,34.496944
parvilucina,Pleistocene,34.618332
parvilucina,Pleistocene,34.562222
parvilucina,Pleistocene,34.325832
parvilucina,Pleistocene,34.325832
parvilucina,Pleistocene,34.225834
mulinia,Pleistocene,35.384998
mulinia,Pleistocene,34.998055
mulinia,Pleistocene,34.999443
mulinia,Pleistocene,34.896667
mulinia,Pleistocene,34.562222
mulinia,Pleistocene,34.496944
mulinia,Pleistocene,34.225834
mulinia,Pleistocene,34.287777
mulinia,Pleistocene,34.325832
mulinia,Pleistocene,34.618332
crepidula,Pleistocene,30.389168
crepidula,Pleistocene,30.425556
crepidula,Pleistocene,30.389168
crepidula,Pleistocene,30.389168
crepidula,Pleistocene,30.425556
noetia,Pleistocene,30.389168
noetia,Pleistocene,30.389168
noetia,Pleistocene,30.425556
astarte,Pleistocene,30.389168
astarte,Pleistocene,30.389168
astarte,Pleistocene,30.389168
astarte,Pleistocene,30.389168
cyclocardia,Pleistocene,30.389168
cyclocardia,Pleistocene,30.972778
cyclocardia,Pleistocene,30.389168
cyclocardia,Pleistocene,30.425556
chama,Pleistocene,30.425556
chama,Pleistocene,30.389168
chama,Pleistocene,30.388611
parvilucina,Pleistocene,30.425556
parvilucina,Pleistocene,30.389168
parvilucina,Pleistocene,30.425556
parvilucina,Pleistocene,30.389168
parvilucina,Pleistocene,30.425556
parvilucina,Pleistocene,30.388611
parvilucina,Pleistocene,30.425556
parvilucina,Pleistocene,30.389168
spisula,Pleistocene,30.389168
spisula,Pleistocene,30.425556
spisula,Pleistocene,30.389168
mulinia,Pleistocene,30.425556
mulinia,Pleistocene,30.389168
mulinia,Pleistocene,30.425556
mulinia,Pleistocene,30.425556
chesapecten,Pleistocene,37.514442
chama,Pleistocene,37.514442
chesapecten,Pleistocene,37.29361
chama,Pleistocene,34.066944
chesapecten,Pleistocene,33.100277
chesapecten,Pleistocene,33.100277
astarte,Pleistocene,33.100277
chesapecten,Pleistocene,33.327499
chesapecten,Pleistocene,33.488609
chesapecten,Pleistocene,33.327499
chesapecten,Pleistocene,33.327499
astarte,Pleistocene,37.095554
astarte,Pleistocene,37.095554
parvilucina,Pleistocene,37.095554
parvilucina,Pleistocene,37.095554
parvilucina,Pleistocene,37.095554
chesapecten,Pleistocene,37.095554
parvilucina,Pleistocene,37.095554
crepidula,Pleistocene,37.095554
crepidula,Pleistocene,27.720833
crepidula,Pleistocene,27.720833
crepidula,Pleistocene,27.720833
crepidula,Pleistocene,27.720833
crepidula,Pleistocene,27.720833
crepidula,Pleistocene,27.720833
noetia,Pleistocene,27.720833
noetia,Pleistocene,27.720833
noetia,Pleistocene,27.720833
modiolus,Pleistocene,27.720833
chama,Pleistocene,27.720833
chama,Pleistocene,27.720833
chama,Pleistocene,27.720833
parvilucina,Pleistocene,27.720833
parvilucina,Pleistocene,27.720833
mulinia,Pleistocene,27.720833
mulinia,Pleistocene,27.720833
noetia,Pleistocene,39.223057
noetia,Pleistocene,39.538891
mulinia,Pleistocene,39.153332
crepidula,Pleistocene,38.774445
crepidula,Pleistocene,39.153332
crepidula,Pleistocene,39.153332
crepidula,Pleistocene,39.2775
crepidula,Pleistocene,39.538891
crepidula,Pleistocene,40.520279
crepidula,Pleistocene,38.774445
crepidula,Pleistocene,39.153332
crepidula,Pleistocene,39.153332
crepidula,Pleistocene,39.2775
crepidula,Pleistocene,39.538891
crepidula,Pleistocene,40.520279
crepidula,Pleistocene,39.153332
crepidula,Pleistocene,39.153332
crepidula,Pleistocene,39.2775
crepidula,Pleistocene,40.520279
noetia,Pleistocene,26.684444
modiolus,Pleistocene,26.684444
parvilucina,Pleistocene,26.684444
parvilucina,Pleistocene,26.684444
chama,Pleistocene,26.684444
chama,Pleistocene,26.684444
chama,Pleistocene,26.684444
mulinia,Pleistocene,26.684444
astarte,Pleistocene,34.287777
cyclocardia,Pleistocene,34.287777
chama,Pleistocene,34.287777
modiolus,Pleistocene,36.049999
parvilucina,Pleistocene,36.049999
crepidula,Pleistocene,36.049999
crepidula,Pleistocene,36.049999
astarte,Pleistocene,36.049999
noetia,Pleistocene,36.049999
cyclocardia,Pleistocene,36.049999
chesapecten,Pleistocene,37.171665
chama,Pleistocene,37.171665
cyclocardia,Pleistocene,37.514442
astarte,Pleistocene,37.514442
parvilucina,Pleistocene,26.769722
mulinia,Pleistocene,26.699167
mulinia,Pleistocene,26.692499
noetia,Pleistocene,26.692499
parvilucina,Pleistocene,26.343611
parvilucina,Pleistocene,26.343611
noetia,Pleistocene,34.562222
mulinia,Pleistocene,34.562222
crepidula,Pleistocene,34.562222
mulinia,Pleistocene,34.896667
astarte,Pleistocene,34.896667
cyclocardia,Pleistocene,34.896667
noetia,Pleistocene,34.896667
mulinia,Pleistocene,34.896667
cyclocardia,Pleistocene,34.896667
noetia,Pleistocene,34.896667
astarte,Pleistocene,34.896667
crepidula,Pleistocene,34.896667
crepidula,Pleistocene,34.896667
striarca,Pleistocene,37.26889
noetia,Pleistocene,37.26889
chesapecten,Pleistocene,37.26889
astarte,Pleistocene,37.26889
astarte,Pleistocene,37.26889
chama,Pleistocene,37.26889
cyclocardia,Pleistocene,37.26889
chesapecten,Pleistocene,37.26889
cyclocardia,Pleistocene,37.26889
astarte,Pleistocene,37.233891
astarte,Pleistocene,37.233891
chesapecten,Pleistocene,37.233891
crepidula,Pleistocene,37.233891
crepidula,Pleistocene,37.233891
noetia,Pleistocene,37.233891
spisula,Pleistocene,37.233891
spisula,Pleistocene,37.233891
mulinia,Pleistocene,37.233891
cyclocardia,Pleistocene,37.233891
chama,Pleistocene,37.233891
striarca,Pleistocene,37.233891
noetia,Pleistocene,37.233891
spisula,Pleistocene,37.233891
cyclocardia,Pleistocene,37.233891
parvilucina,Pleistocene,37.233891
chama,Pleistocene,37.233891
mulinia,Pleistocene,37.233891
astarte,Pleistocene,37.233891
astarte,Pleistocene,37.233891
crepidula,Pleistocene,37.233891
crepidula,Pleistocene,37.233891
cyclocardia,Pleistocene,37.233891
chesapecten,Pleistocene,37.233891
cyclocardia,Pleistocene,37.233891
parvilucina,Pleistocene,37.233891
astarte,Pleistocene,37.233891
astarte,Pleistocene,37.233891
chesapecten,Pleistocene,37.233891
crepidula,Pleistocene,37.233891
mulinia,Pleistocene,37.233891
spisula,Pleistocene,37.233891
noetia,Pleistocene,37.233891
crepidula,Pleistocene,37.233891
crepidula,Pleistocene,37.233891
noetia,Pleistocene,37.233891
parvilucina,Pleistocene,37.233891
modiolus,Pleistocene,37.233891
astarte,Pleistocene,37.233891
chesapecten,Pleistocene,37.233891
crepidula,Pleistocene,37.233891
crepidula,Pleistocene,37.233891
noetia,Pleistocene,37.233891
spisula,Pleistocene,37.233891
cyclocardia,Pleistocene,37.233891
chama,Pleistocene,37.233891
parvilucina,Pleistocene,37.233891
astarte,Pleistocene,37.233891
crepidula,Pleistocene,37.233891
crepidula,Pleistocene,37.233891
striarca,Pleistocene,37.233891
noetia,Pleistocene,37.233891
parvilucina,Pleistocene,37.233891
crepidula,Pleistocene,37.233891
crepidula,Pleistocene,37.233891
striarca,Pleistocene,37.233891
noetia,Pleistocene,37.233891
cyclocardia,Pleistocene,37.233891
parvilucina,Pleistocene,37.233891
astarte,Pleistocene,37.233891
astarte,Pleistocene,37.233891
chesapecten,Pleistocene,37.233891
crepidula,Pleistocene,37.233891
striarca,Pleistocene,37.233891
spisula,Pleistocene,37.233891
chesapecten,Pleistocene,37.233891
astarte,Pleistocene,37.233891
astarte,Pleistocene,37.233891
parvilucina,Pleistocene,37.233891
cyclocardia,Pleistocene,37.233891
noetia,Pleistocene,27.770832
astarte,Pleistocene,27.770832
chama,Pleistocene,27.770832
chama,Pleistocene,27.770832
parvilucina,Pleistocene,27.770832
mulinia,Pleistocene,26.754168
mulinia,Pleistocene,26.799999
mulinia,Pleistocene,27.770832
mulinia,Pleistocene,27.770832
mulinia,Pleistocene,27.770832
mulinia,Pleistocene,27.770832
mulinia,Pleistocene,34.896667
astarte,Pleistocene,34.896667
cyclocardia,Pleistocene,34.896667
mulinia,Pleistocene,34.896667
crepidula,Pleistocene,34.896667
astarte,Pleistocene,34.896667
spisula,Pleistocene,34.896667
cyclocardia,Pleistocene,34.896667
mulinia,Pleistocene,34.896667
astarte,Pleistocene,34.896667
cyclocardia,Pleistocene,34.896667
cyclocardia,Pleistocene,34.325832
crepidula,Pleistocene,34.325832
astarte,Pleistocene,34.325832
crepidula,Pleistocene,34.325832
astarte,Pleistocene,34.325832
astarte,Pleistocene,26.761667
cyclocardia,Pleistocene,26.761667
mulinia,Pleistocene,27.529444
noetia,Pleistocene,27.529444
noetia,Pleistocene,27.529444
mulinia,Pleistocene,27.529444
noetia,Pleistocene,26.375834
spisula,Pleistocene,25.666945
noetia,Pleistocene,26.375834
mulinia,Pleistocene,27.338057
crepidula,Pleistocene,27.338057
mulinia,Pleistocene,27.338057
crepidula,Pleistocene,26.758888
noetia,Pleistocene,26.920279
mulinia,Pleistocene,26.920279
crepidula,Pleistocene,26.920279
crepidula,Pleistocene,26.920279
chesapecten,Pleistocene,27.327778
astarte,Pleistocene,27.327778
parvilucina,Pleistocene,26.958611
crepidula,Pleistocene,26.958611
chama,Pleistocene,26.754168
mulinia,Pleistocene,26.754168
crepidula,Pleistocene,26.754168
parvilucina,Pleistocene,26.754168
modiolus,Pleistocene,26.929722
parvilucina,Pleistocene,26.929722
mulinia,Pleistocene,26.929722
crepidula,Pleistocene,26.929722
mulinia,Pleistocene,26.73361
mulinia,Pleistocene,26.73361
mulinia,Pleistocene,30.432222
astarte,Pleistocene,30.389168
crepidula,Pleistocene,30.389168
mulinia,Pleistocene,30.389168
noetia,Pleistocene,30.389168
cyclocardia,Pleistocene,30.389168
astarte,Pleistocene,30.389168
cyclocardia,Pleistocene,30.389168
chama,Pleistocene,30.389168
chama,Pleistocene,30.389168
mulinia,Pleistocene,30.389168
noetia,Pleistocene,30.389168
astarte,Pleistocene,30.389168
astarte,Pleistocene,30.389168
modiolus,Pleistocene,30.389168
cyclocardia,Pleistocene,30.389168
crepidula,Pleistocene,30.389168
crepidula,Pleistocene,26.683611
crepidula,Pleistocene,26.683611
chama,Pleistocene,26.683611
noetia,Pleistocene,26.683611
modiolus,Pleistocene,26.683611
chama,Pleistocene,26.683611
mulinia,Pleistocene,26.683611
crepidula,Pleistocene,34.351665
mulinia,Pleistocene,34.351665
cyclocardia,Pleistocene,34.351665
noetia,Pleistocene,34.351665
parvilucina,Pleistocene,34.351665
mulinia,Pleistocene,34.351665
cyclocardia,Pleistocene,34.351665
astarte,Pleistocene,34.351665
crepidula,Pleistocene,34.351665
modiolus,Pleistocene,34.351665
astarte,Pleistocene,34.351665
astarte,Pleistocene,37.232224
mulinia,Pleistocene,37.232224
chesapecten,Pleistocene,37.232224
chesapecten,Pleistocene,37.232224
astarte,Pleistocene,37.232224
crepidula,Pleistocene,37.232224
cyclocardia,Pleistocene,37.232224
cyclocardia,Pleistocene,33.973331
mulinia,Pleistocene,33.973331
noetia,Pleistocene,33.973331
crepidula,Pleistocene,33.973331
crepidula,Pleistocene,33.973331
cyclocardia,Pleistocene,37.148056
astarte,Pleistocene,37.148056
mulinia,Pleistocene,37.148056
striarca,Pleistocene,37.148056
noetia,Pleistocene,37.148056
chesapecten,Pleistocene,37.148056
chesapecten,Pleistocene,37.148056
chesapecten,Pleistocene,37.148056
mulinia,Pleistocene,27.770832
chama,Pleistocene,27.770832
mulinia,Pleistocene,27.770832
crepidula,Pleistocene,27.770832
noetia,Pleistocene,34.168056
astarte,Pleistocene,34.168056
crepidula,Pleistocene,34.168056
crepidula,Pleistocene,34.168056
mulinia,Pleistocene,34.168056
astarte,Pleistocene,34.168056
astarte,Pleistocene,34.168056
mulinia,Pleistocene,34.168056
crepidula,Pleistocene,34.325832
noetia,Pleistocene,34.325832
chesapecten,Pleistocene,34.325832
astarte,Pleistocene,34.325832
crepidula,Pleistocene,34.325832
astarte,Pleistocene,34.325832
crepidula,Pleistocene,27.770832
crepidula,Pleistocene,27.770832
crepidula,Pleistocene,27.770832
crepidula,Pleistocene,27.770832
crepidula,Pleistocene,26.799999
parvilucina,Pleistocene,26.958611
crepidula,Pleistocene,26.958611
crepidula,Pleistocene,26.958611
mulinia,Pleistocene,35.05722
mulinia,Pleistocene,35.05722
mulinia,Pleistocene,35.05722
mulinia,Pleistocene,35.05722
mulinia,Pleistocene,35.05722
mulinia,Pleistocene,34.983891
astarte,Pleistocene,33.628334
cyclocardia,Pleistocene,33.628334
mulinia,Pleistocene,33.628334
cyclocardia,Pleistocene,33.398888
parvilucina,Pleistocene,33.398888
chesapecten,Pleistocene,33.100277
astarte,Pleistocene,33.100277
astarte,Pleistocene,33.100277
cyclocardia,Pleistocene,33.100277
chama,Pleistocene,33.100277
parvilucina,Pleistocene,33.100277
astarte,Pleistocene,30.625834
parvilucina,Pleistocene,30.625834
parvilucina,Pleistocene,30.625834
chama,Pleistocene,30.383333
mulinia,Pleistocene,27.316668
chesapecten,Pleistocene,27.316668
chesapecten,Pleistocene,27.316668
crepidula,Pleistocene,32.983891
noetia,Pleistocene,27.63833
mulinia,Pleistocene,27.63833
noetia,Pleistocene,29.231981
noetia,Pleistocene,26.8145
parvilucina,Pleistocene,27.321403
mulinia,Pleistocene,27.321403
crepidula,Pleistocene,27.321403
crepidula,Pleistocene,27.321403
crepidula,Pleistocene,30.706386
parvilucina,Pleistocene,30.706386
mulinia,Pleistocene,30.706386
mulinia,Pleistocene,30.706386
mulinia,Pleistocene,30.706386
mulinia,Pleistocene,30.706386
crepidula,Pleistocene,30.706386
parvilucina,Pleistocene,30.706386
noetia,Pleistocene,30.715418
noetia,Pleistocene,26.750024
chama,Pleistocene,26.750024
chama,Pleistocene,26.750024
chama,Pleistocene,26.750024
chama,Pleistocene,26.750024
chama,Pleistocene,26.750024
chama,Pleistocene,26.750024
parvilucina,Pleistocene,26.750024
parvilucina,Pleistocene,26.750024
parvilucina,Pleistocene,26.750024
mulinia,Pleistocene,26.750024
mulinia,Pleistocene,26.750024
mulinia,Pleistocene,26.750024
crepidula,Pleistocene,26.750024
crepidula,Pleistocene,26.750024
crepidula,Pleistocene,26.750024
crepidula,Pleistocene,26.750024
noetia,Pleistocene,26.683145
chama,Pleistocene,26.683145
chama,Pleistocene,26.683145
noetia,Pleistocene,26.75389
chama,Pleistocene,26.75389
chama,Pleistocene,26.75389
chama,Pleistocene,26.75389
chama,Pleistocene,26.75389
mulinia,Pleistocene,26.75389
mulinia,Pleistocene,26.75389
mulinia,Pleistocene,26.75389
chesapecten,Pleistocene,26.975402
crepidula,Pleistocene,27.63833
chama,Pleistocene,26.659514
noetia,Pleistocene,26.659514
chama,Pleistocene,26.659514
chama,Pleistocene,26.659514
modiolus,Pleistocene,26.659514
modiolus,Pleistocene,26.659514
crepidula,Pleistocene,26.659514
crepidula,Pleistocene,26.659514
noetia,Pleistocene,26.659514
chama,Pleistocene,26.659514
chama,Pleistocene,26.75389
mulinia,Pleistocene,29.481431
parvilucina,Pleistocene,29.481431
noetia,Pleistocene,29.481431
crepidula,Pleistocene,29.481431
crepidula,Pleistocene,29.481431
crepidula,Pleistocene,29.481431
astarte,Pleistocene,26.750024
chama,Pleistocene,26.750024
crepidula,Pleistocene,26.750024
parvilucina,Pleistocene,26.750024
chama,Pleistocene,26.750024
mulinia,Pleistocene,26.750024
crepidula,Pleistocene,26.750024
chama,Pleistocene,26.750024
crepidula,Pleistocene,26.750024
spisula,Pleistocene,26.750024
chama,Pleistocene,26.750024
chama,Pleistocene,26.750024
chama,Pleistocene,26.750024
crepidula,Pleistocene,27.692967
crepidula,Pleistocene,27.692967
crepidula,Pleistocene,27.692967
noetia,Pleistocene,27.692967
parvilucina,Pleistocene,27.692967
mulinia,Pleistocene,27.692967
chama,Pleistocene,27.692967
crepidula,Pleistocene,27.692967
crepidula,Pleistocene,27.692967
crepidula,Pleistocene,27.692967
chama,Pleistocene,27.692967
mulinia,Pleistocene,27.692967
parvilucina,Pleistocene,27.692967
modiolus,Pleistocene,27.692967
chama,Pleistocene,27.692967
noetia,Pleistocene,27.692967
crepidula,Pleistocene,27.692967
crepidula,Pleistocene,27.692967
mulinia,Pleistocene,27.692967
parvilucina,Pleistocene,27.692967
noetia,Pleistocene,27.692967
crepidula,Pleistocene,27.692967
crepidula,Pleistocene,27.692967
parvilucina,Pleistocene,27.692967
crepidula,Pleistocene,27.692967
crepidula,Pleistocene,27.692967
crepidula,Pleistocene,27.692967
parvilucina,Pleistocene,27.692967
chama,Pleistocene,27.692967
noetia,Pleistocene,27.692967
mulinia,Pleistocene,27.692967
chama,Pleistocene,27.692967
parvilucina,Pleistocene,27.692967
modiolus,Pleistocene,27.692967
noetia,Pleistocene,27.692967
mulinia,Pleistocene,27.692967
mulinia,Pleistocene,27.692967
parvilucina,Pleistocene,27.692967
crepidula,Pleistocene,27.692967
crepidula,Pleistocene,27.692967
crepidula,Pleistocene,27.692967
crepidula,Pleistocene,27.692967
crepidula,Pleistocene,27.692967
noetia,Pleistocene,27.692967
crepidula,Pleistocene,27.692967
noetia,Pleistocene,27.692967
crepidula,Pleistocene,27.692967
crepidula,Pleistocene,27.692967
crepidula,Pleistocene,26.789463
crepidula,Pleistocene,26.789463
crepidula,Pleistocene,26.753565
noetia,Pleistocene,26.789463
noetia,Pleistocene,27.692967
noetia,Pleistocene,27.692967
noetia,Pleistocene,27.692967
noetia,Pleistocene,27.692967
crepidula,Pleistocene,27.692967
noetia,Pleistocene,27.692967
noetia,Pleistocene,27.692967
noetia,Pleistocene,27.692967
noetia,Pleistocene,27.692967
crepidula,Pleistocene,27.692967
chama,Pleistocene,26.659514
chama,Pleistocene,26.733905
chama,Pleistocene,26.733905
noetia,Pleistocene,27.482995
spisula,Pleistocene,27.4472
noetia,Pleistocene,26.715597
chama,Pleistocene,26.659514
noetia,Pleistocene,26.659514
crepidula,Pleistocene,26.659514
crepidula,Pleistocene,26.659514
crepidula,Pleistocene,26.659514
chama,Pleistocene,26.659514
crepidula,Pleistocene,26.733905
crepidula,Pleistocene,26.733905
chama,Pleistocene,26.733905
chama,Pleistocene,26.740239
chama,Pleistocene,26.763957
crepidula,Pleistocene,26.816657
crepidula,Pleistocene,26.816657
mulinia,Pleistocene,26.816657
chama,Pleistocene,26.816657
crepidula,Pleistocene,26.809732
noetia,Pleistocene,26.809732
crepidula,Pleistocene,26.809732
mulinia,Pleistocene,26.809732
chama,Pleistocene,26.767115
chama,Pleistocene,26.733905
parvilucina,Pleistocene,26.659514
mulinia,Pleistocene,26.659514
crepidula,Pleistocene,28.04064
mulinia,Pleistocene,28.04064
chama,Pleistocene,27.366642
mulinia,Pleistocene,27.366642
chama,Pleistocene,26.75389
mulinia,Pleistocene,27.366642
chama,Pleistocene,27.366642
parvilucina,Pleistocene,27.366642
crepidula,Pleistocene,27.366642
crepidula,Pleistocene,27.366642
crepidula,Pleistocene,26.659514
crepidula,Pleistocene,26.659514
chama,Pleistocene,26.659514
noetia,Pleistocene,26.659514
chama,Pleistocene,26.659514
modiolus,Pleistocene,26.659514
chama,Pleistocene,26.659514
chama,Pleistocene,26.659514
mulinia,Pleistocene,26.659514
mulinia,Pleistocene,26.659514
chama,Pleistocene,26.683145
chama,Pleistocene,26.683145
chama,Pleistocene,26.683145
parvilucina,Pleistocene,29.4547
cyclocardia,Pleistocene,29.4547
mulinia,Pleistocene,29.4547
crepidula,Pleistocene,29.4547
crepidula,Pleistocene,29.4547
crepidula,Pleistocene,29.4547
mulinia,Pleistocene,29.4547
crepidula,Pleistocene,29.4547
crepidula,Pleistocene,29.4547
modiolus,Pleistocene,26.659514
chama,Pleistocene,26.659514
crepidula,Pleistocene,26.659514
crepidula,Pleistocene,26.659514
noetia,Pleistocene,26.659514
chama,Pleistocene,26.659514
chama,Pleistocene,26.659514
crepidula,Pleistocene,26.659514
noetia,Pleistocene,26.659514
mulinia,Pleistocene,26.659514
parvilucina,Pleistocene,26.659514
parvilucina,Pleistocene,26.683145
parvilucina,Pleistocene,26.683145
crepidula,Pleistocene,26.683145
crepidula,Pleistocene,26.683145
crepidula,Pleistocene,29.15114
crepidula,Pleistocene,29.15114
crepidula,Pleistocene,29.15114
noetia,Pleistocene,29.15114
mulinia,Pleistocene,29.15114
mulinia,Pleistocene,29.15114
spisula,Pleistocene,29.15114
mulinia,Pleistocene,29.15114
crepidula,Pleistocene,29.15114
crepidula,Pleistocene,29.8759
crepidula,Pleistocene,29.8759
noetia,Pleistocene,29.8759
mulinia,Pleistocene,29.8759
crepidula,Pleistocene,29.8759
crepidula,Pleistocene,29.8759
mulinia,Pleistocene,29.8759
mulinia,Pleistocene,28.482159
crepidula,Pleistocene,28.482159
noetia,Pleistocene,28.482159
crepidula,Pleistocene,28.482159
crepidula,Pleistocene,28.482159
mulinia,Pleistocene,28.482159
crepidula,Pleistocene,28.482159
crepidula,Pleistocene,28.482159
mulinia,Pleistocene,28.482159
mulinia,Pleistocene,28.482159
crepidula,Pleistocene,28.482159
crepidula,Pleistocene,28.482159
noetia,Pleistocene,28.482159
noetia,Pleistocene,28.398101
crepidula,Pleistocene,28.398101
crepidula,Pleistocene,28.398101
spisula,Pleistocene,28.398101
chama,Pleistocene,28.398101
noetia,Pleistocene,28.398101
parvilucina,Pleistocene,28.398101
modiolus,Pleistocene,28.398101
mulinia,Pleistocene,28.398101
crepidula,Pleistocene,26.659514
crepidula,Pleistocene,26.659514
crepidula,Pleistocene,29.481431
crepidula,Pleistocene,26.750024
crepidula,Pleistocene,27.692967
crepidula,Pleistocene,28.04064
crepidula,Pleistocene,28.04064
crepidula,Pleistocene,28.04064
mulinia,Pleistocene,28.04064
mulinia,Pleistocene,27.637619
crepidula,Pleistocene,27.637619
noetia,Pleistocene,27.637619
noetia,Pleistocene,27.637619
noetia,Pleistocene,27.637619
mulinia,Pleistocene,29.502373
spisula,Pleistocene,29.502373
noetia,Pleistocene,29.502373
crepidula,Pleistocene,29.502373
crepidula,Pleistocene,29.502373
crepidula,Pleistocene,29.502373
noetia,Pleistocene,29.502373
crepidula,Pleistocene,26.733905
crepidula,Pleistocene,26.733905
crepidula,Pleistocene,26.733905
chama,Pleistocene,26.733905
noetia,Pleistocene,26.733905
crepidula,Pleistocene,26.733905
mulinia,Pleistocene,26.733905
noetia,Pleistocene,26.733905
chama,Pleistocene,26.733905
chama,Pleistocene,26.733905
mulinia,Pleistocene,26.733905
crepidula,Pleistocene,26.733905
crepidula,Pleistocene,26.733905
chama,Pleistocene,26.733905
chama,Pleistocene,26.733905
crepidula,Pleistocene,26.733905
crepidula,Pleistocene,26.733905
crepidula,Pleistocene,26.733905
mulinia,Pleistocene,26.733905
chama,Pleistocene,26.733905
chama,Pleistocene,26.733905
parvilucina,Pleistocene,28.04064
chama,Pleistocene,26.733905
chama,Pleistocene,26.733905
chama,Pleistocene,26.733905
chama,Pleistocene,26.733905
chama,Pleistocene,26.733905
chama,Pleistocene,26.733905
crepidula,Pleistocene,26.733905
chama,Pleistocene,26.733905
chama,Pleistocene,26.733905
crepidula,Pleistocene,26.733905
crepidula,Pleistocene,26.733905
crepidula,Pleistocene,26.733905
crepidula,Pleistocene,26.733905
crepidula,Pleistocene,26.733905
mulinia,Pleistocene,26.733905
mulinia,Pleistocene,26.733905
noetia,Pleistocene,26.733905
crepidula,Pleistocene,26.733905
chama,Pleistocene,26.733905
chama,Pleistocene,26.733905
cyclocardia,Pleistocene,26.733905
noetia,Pleistocene,26.733905
chama,Pleistocene,26.733905
mulinia,Pleistocene,26.733905
chama,Pleistocene,26.733905
crepidula,Pleistocene,26.733905
chama,Pleistocene,26.733905
parvilucina,Pleistocene,26.733905
mulinia,Pleistocene,26.733905
crepidula,Pleistocene,27.7009
noetia,Pleistocene,27.7009
crepidula,Pleistocene,26.75389
mulinia,Pleistocene,26.75389
crepidula,Pleistocene,26.75389
spisula,Pleistocene,26.75389
chama,Pleistocene,26.659514
modiolus,Pleistocene,26.659514
crepidula,Pleistocene,26.659514
noetia,Pleistocene,26.659514
chama,Pleistocene,26.659514
parvilucina,Pleistocene,26.659514
chama,Pleistocene,26.659514
crepidula,Pleistocene,26.659514
mulinia,Pleistocene,26.659514
noetia,Pleistocene,27.7009
crepidula,Pleistocene,27.7009
parvilucina,Pleistocene,27.7009
crepidula,Pleistocene,27.7009
noetia,Pleistocene,27.7009
noetia,Pleistocene,27.7009
crepidula,Pleistocene,27.7009
crepidula,Pleistocene,27.7009
mulinia,Pleistocene,27.7009
crepidula,Pleistocene,27.7009
crepidula,Pleistocene,27.7009
noetia,Pleistocene,27.7009
crepidula,Pleistocene,27.7009
noetia,Pleistocene,27.7009
noetia,Pleistocene,27.7009
mulinia,Pleistocene,27.7009
crepidula,Pleistocene,27.7009
parvilucina,Pleistocene,27.7009
crepidula,Pleistocene,27.692967
crepidula,Pleistocene,27.692967
crepidula,Pleistocene,27.692967
parvilucina,Pleistocene,27.692967
parvilucina,Pleistocene,27.692967
noetia,Pleistocene,27.7009
crepidula,Pleistocene,27.7009
chama,Pleistocene,26.472352
chama,Pleistocene,26.472352
crepidula,Pleistocene,26.472352
crepidula,Pleistocene,26.472352
crepidula,Pleistocene,26.472352
crepidula,Pleistocene,26.472352
crepidula,Pleistocene,26.472352
mulinia,Pleistocene,26.472352
crepidula,Pleistocene,26.472352
crepidula,Pleistocene,26.472352
crepidula,Pleistocene,26.472352
crepidula,Pleistocene,28.04064
crepidula,Pleistocene,28.04064
crepidula,Pleistocene,28.04064
crepidula,Pleistocene,28.04064
crepidula,Pleistocene,28.04064
parvilucina,Pleistocene,28.04064
parvilucina,Pleistocene,28.04064
crepidula,Pleistocene,28.04064
crepidula,Pleistocene,28.04064
mulinia,Pleistocene,28.04064
crepidula,Pleistocene,28.04064
parvilucina,Pleistocene,28.04064
parvilucina,Pleistocene,28.04064
crepidula,Pleistocene,28.04064
crepidula,Pleistocene,28.04064
mulinia,Pleistocene,28.04064
parvilucina,Pleistocene,28.04064
parvilucina,Pleistocene,28.04064
mulinia,Pleistocene,28.04064
mulinia,Pleistocene,28.04064
parvilucina,Pleistocene,28.04064
crepidula,Pleistocene,26.659514
noetia,Pleistocene,26.659514
crepidula,Pleistocene,26.659514
crepidula,Pleistocene,26.659514
noetia,Pleistocene,26.659514
crepidula,Pleistocene,26.659514
crepidula,Pleistocene,26.659514
crepidula,Pleistocene,26.659514
mulinia,Pleistocene,26.659514
mulinia,Pleistocene,26.659514
parvilucina,Pleistocene,26.659514
crepidula,Pleistocene,26.659514
crepidula,Pleistocene,26.659514
crepidula,Pleistocene,26.659514
crepidula,Pleistocene,26.659514
mulinia,Pleistocene,26.659514
parvilucina,Pleistocene,28.0394
crepidula,Pleistocene,28.0394
noetia,Pleistocene,28.0394
chama,Pleistocene,26.66302
parvilucina,Pleistocene,28.0394
parvilucina,Pleistocene,28.0394
crepidula,Pleistocene,28.0394
crepidula,Pleistocene,28.0394
parvilucina,Pleistocene,28.0394
parvilucina,Pleistocene,28.0394
noetia,Pleistocene,26.733905
chama,Pleistocene,26.733905
chama,Pleistocene,26.733905
mulinia,Pleistocene,26.733905
chama,Pleistocene,26.750024
noetia,Pleistocene,26.78668
chama,Pleistocene,26.78668
crepidula,Pleistocene,26.78668
crepidula,Pleistocene,26.78668
noetia,Pleistocene,27.050637
crepidula,Pleistocene,27.050637
crepidula,Pleistocene,27.050637
chama,Pleistocene,27.055408
crepidula,Pleistocene,27.055408
crepidula,Pleistocene,27.055408
noetia,Pleistocene,27.055408
crepidula,Pleistocene,27.055408
chama,Pleistocene,27.050637
crepidula,Pleistocene,27.050192
crepidula,Pleistocene,27.050192
chama,Pleistocene,27.050192
crepidula,Pleistocene,27.050637
crepidula,Pleistocene,27.050637
crepidula,Pleistocene,27.050637
crepidula,Pleistocene,27.050637
crepidula,Pleistocene,27.050637
crepidula,Pleistocene,27.7009
crepidula,Pleistocene,27.7009
mulinia,Pleistocene,27.7009
noetia,Pleistocene,27.7009
mulinia,Pleistocene,27.7009
noetia,Pleistocene,27.7009
crepidula,Pleistocene,27.7009
mulinia,Pleistocene,27.7009
crepidula,Pleistocene,27.7009
mulinia,Pleistocene,27.7009
noetia,Pleistocene,27.7009
noetia,Pleistocene,27.7009
crepidula,Pleistocene,27.7009
crepidula,Pleistocene,27.7009
crepidula,Pleistocene,27.7009
noetia,Pleistocene,27.7009
modiolus,Pleistocene,27.7009
noetia,Pleistocene,27.7009
mulinia,Pleistocene,27.7009
crepidula,Pleistocene,27.7009
crepidula,Pleistocene,27.7009
crepidula,Pleistocene,27.7009
crepidula,Pleistocene,27.7009
mulinia,Pleistocene,27.7009
chama,Pleistocene,27.7009
crepidula,Pleistocene,27.7009
crepidula,Pleistocene,27.7009
chama,Pleistocene,27.7009
noetia,Pleistocene,27.7009
noetia,Pleistocene,27.7009
mulinia,Pleistocene,27.7009
crepidula,Pleistocene,27.7009
mulinia,Pleistocene,27.692967
crepidula,Pleistocene,27.692967
chama,Pleistocene,27.692967
parvilucina,Pleistocene,27.692967
crepidula,Pleistocene,27.7009
parvilucina,Pleistocene,27.7009
mulinia,Pleistocene,27.7009
crepidula,Pleistocene,27.692967
crepidula,Pleistocene,27.692967
chama,Pleistocene,26.733905
noetia,Pleistocene,26.683145
noetia,Pleistocene,26.683145
crepidula,Pleistocene,26.914218
parvilucina,Pleistocene,27.7009
parvilucina,Pleistocene,27.7009
mulinia,Pleistocene,27.366642
crepidula,Pleistocene,27.7009
crepidula,Pleistocene,27.7009
noetia,Pleistocene,27.7009
noetia,Pleistocene,27.7009
crepidula,Pleistocene,27.7009
crepidula,Pleistocene,26.75389
chama,Pleistocene,26.75389
crepidula,Pleistocene,26.75389
chama,Pleistocene,26.75389
mulinia,Pleistocene,26.75389
chama,Pleistocene,26.75389
crepidula,Pleistocene,26.75389
parvilucina,Pleistocene,26.75389
crepidula,Pleistocene,26.75389
crepidula,Pleistocene,26.75389
mulinia,Pleistocene,26.75389
parvilucina,Pleistocene,26.75389
mulinia,Pleistocene,26.75389
parvilucina,Pleistocene,26.75389
mulinia,Pleistocene,26.75389
mulinia,Pleistocene,26.75389
crepidula,Pleistocene,26.75389
crepidula,Pleistocene,26.75389
crepidula,Pleistocene,26.75389
crepidula,Pleistocene,26.75389
mulinia,Pleistocene,26.7749
mulinia,Pleistocene,26.7749
crepidula,Pleistocene,26.7793
crepidula,Pleistocene,26.7793
crepidula,Pleistocene,26.7793
crepidula,Pleistocene,26.7793
mulinia,Pleistocene,26.7793
parvilucina,Pleistocene,26.7793
crepidula,Pleistocene,26.7793
noetia,Pleistocene,26.7793
chama,Pleistocene,27.050637
chama,Pleistocene,27.050637
noetia,Pleistocene,28.398101
crepidula,Pleistocene,28.398101
mulinia,Pleistocene,28.398101
parvilucina,Pleistocene,27.050637
crepidula,Pleistocene,28.048016
mulinia,Pleistocene,28.398101
mulinia,Pleistocene,28.398101
crepidula,Pleistocene,28.398101
crepidula,Pleistocene,28.398101
chama,Pleistocene,28.398101
mulinia,Pleistocene,28.398101
mulinia,Pleistocene,28.398101
mulinia,Pleistocene,28.398101
mulinia,Pleistocene,28.398101
mulinia,Pleistocene,28.398101
mulinia,Pleistocene,28.398101
mulinia,Pleistocene,28.398101
mulinia,Pleistocene,28.398101
mulinia,Pleistocene,28.398101
mulinia,Pleistocene,28.398101
noetia,Pleistocene,28.398101
crepidula,Pleistocene,28.398101
noetia,Pleistocene,28.398101
noetia,Pleistocene,28.398101
noetia,Pleistocene,28.398101
noetia,Pleistocene,28.398101
crepidula,Pleistocene,28.398101
crepidula,Pleistocene,28.398101
noetia,Pleistocene,28.398101
crepidula,Pleistocene,28.398101
crepidula,Pleistocene,28.398101
noetia,Pleistocene,28.398101
crepidula,Pleistocene,28.398101
mulinia,Pleistocene,28.398101
mulinia,Pleistocene,28.398101
mulinia,Pleistocene,28.398101
mulinia,Pleistocene,28.398101
mulinia,Pleistocene,28.398101
crepidula,Pleistocene,28.398101
mulinia,Pleistocene,28.398101
noetia,Pleistocene,28.398101
crepidula,Pleistocene,29.520573
crepidula,Pleistocene,29.520573
mulinia,Pleistocene,29.520573
noetia,Pleistocene,29.520573
mulinia,Pleistocene,29.520573
crepidula,Pleistocene,29.520573
crepidula,Pleistocene,29.520573
parvilucina,Pleistocene,29.520573
mulinia,Pleistocene,29.520573
mulinia,Pleistocene,26.659514
parvilucina,Pleistocene,26.659514
crepidula,Pleistocene,26.659514
chama,Pleistocene,26.659514
parvilucina,Pleistocene,26.659514
crepidula,Pleistocene,26.659514
crepidula,Pleistocene,26.659514
parvilucina,Pleistocene,26.659514
chama,Pleistocene,26.659514
parvilucina,Pleistocene,26.659514
chama,Pleistocene,26.7749
mulinia,Pleistocene,26.659514
parvilucina,Pleistocene,26.659514
crepidula,Pleistocene,26.659514
crepidula,Pleistocene,26.659514
crepidula,Pleistocene,26.659514
chama,Pleistocene,26.659514
crepidula,Pleistocene,26.659514
crepidula,Pleistocene,26.659514
crepidula,Pleistocene,26.659514
crepidula,Pleistocene,26.659514
parvilucina,Pleistocene,26.659514
mulinia,Pleistocene,26.659514
parvilucina,Pleistocene,27.7009
mulinia,Pleistocene,27.7009
crepidula,Pleistocene,26.7749
crepidula,Pleistocene,26.7749
mulinia,Pleistocene,26.659514
crepidula,Pleistocene,26.659514
mulinia,Pleistocene,26.659514
chama,Pleistocene,26.7749
chama,Pleistocene,26.7749
mulinia,Pleistocene,26.7749
chama,Pleistocene,26.7749
chama,Pleistocene,26.7946
crepidula,Pleistocene,26.7946
parvilucina,Pleistocene,26.659514
chama,Pleistocene,26.659514
chama,Pleistocene,26.659514
chama,Pleistocene,26.659514
mulinia,Pleistocene,26.659514
mulinia,Pleistocene,26.659514
mulinia,Pleistocene,26.659514
parvilucina,Pleistocene,26.659514
mulinia,Pleistocene,26.659514
mulinia,Pleistocene,26.659514
noetia,Pleistocene,26.659514
noetia,Pleistocene,27.575165
chama,Pleistocene,26.472352
mulinia,Pleistocene,26.472352
noetia,Pleistocene,26.7946
crepidula,Pleistocene,26.7946
crepidula,Pleistocene,26.7946
crepidula,Pleistocene,26.7946
parvilucina,Pleistocene,26.472352
mulinia,Pleistocene,26.472352
chama,Pleistocene,26.472352
crepidula,Pleistocene,28.398101
crepidula,Pleistocene,28.398101
noetia,Pleistocene,28.398101
noetia,Pleistocene,28.398101
noetia,Pleistocene,28.398101
parvilucina,Pleistocene,26.472352
parvilucina,Pleistocene,26.472352
mulinia,Pleistocene,26.472352
crepidula,Pleistocene,26.472352
crepidula,Pleistocene,26.472352
crepidula,Pleistocene,26.472352
chama,Pleistocene,26.472352
mulinia,Pleistocene,26.472352
mulinia,Pleistocene,26.472352
parvilucina,Pleistocene,26.472352
noetia,Pleistocene,26.472352
chama,Pleistocene,26.472352
chama,Pleistocene,26.472352
chama,Pleistocene,26.472352
noetia,Pleistocene,28.398101
noetia,Pleistocene,28.398101
mulinia,Pleistocene,26.472352
mulinia,Pleistocene,26.472352
crepidula,Pleistocene,26.472352
mulinia,Pleistocene,26.472352
parvilucina,Pleistocene,26.472352
parvilucina,Pleistocene,26.472352
chama,Pleistocene,26.472352
noetia,Pleistocene,26.472352
noetia,Pleistocene,26.472352
parvilucina,Pleistocene,26.472352
chama,Pleistocene,26.472352
noetia,Pleistocene,27.5246
crepidula,Pleistocene,27.5246
mulinia,Pleistocene,27.5246
crepidula,Pleistocene,27.5246
noetia,Pleistocene,27.5246
crepidula,Pleistocene,30.706386
mulinia,Pleistocene,30.706386
spisula,Pleistocene,30.706386
parvilucina,Pleistocene,26.472352
chama,Pleistocene,26.472352
chama,Pleistocene,26.472352
mulinia,Pleistocene,26.75389
mulinia,Pleistocene,26.75389
noetia,Pleistocene,26.75389
crepidula,Pleistocene,26.75389
parvilucina,Pleistocene,26.472352
chama,Pleistocene,26.75389
crepidula,Pleistocene,26.75389
crepidula,Pleistocene,26.75389
crepidula,Pleistocene,26.75389
mulinia,Pleistocene,26.75389
crepidula,Pleistocene,26.75389
noetia,Pleistocene,25.821126
noetia,Pleistocene,25.821126
crepidula,Pleistocene,26.733905
chama,Pleistocene,26.733905
parvilucina,Pleistocene,25.821126
crepidula,Pleistocene,25.821126
chama,Pleistocene,25.821126
crepidula,Pleistocene,25.821126
crepidula,Pleistocene,25.821126
chama,Pleistocene,25.821126
noetia,Pleistocene,25.821126
chama,Pleistocene,25.821126
parvilucina,Pleistocene,25.821126
crepidula,Pleistocene,25.821126
mulinia,Pleistocene,25.821126
mulinia,Pleistocene,26.7793
crepidula,Pleistocene,26.7793
crepidula,Pleistocene,26.7793
mulinia,Pleistocene,26.7793
crepidula,Pleistocene,26.7793
parvilucina,Pleistocene,26.7793
noetia,Pleistocene,26.7946
crepidula,Pleistocene,26.7946
mulinia,Pleistocene,26.7946
chama,Pleistocene,26.7946
chama,Pleistocene,26.7946
noetia,Pleistocene,26.7946
chama,Pleistocene,26.7946
crepidula,Pleistocene,26.733905
crepidula,Pleistocene,26.733905
parvilucina,Pleistocene,26.7946
crepidula,Pleistocene,26.733905
noetia,Pleistocene,26.7946
crepidula,Pleistocene,25.7943
mulinia,Pleistocene,26.733905
chama,Pleistocene,26.733905
parvilucina,Pleistocene,26.7946
noetia,Pleistocene,25.821126
crepidula,Pleistocene,25.821126
mulinia,Pleistocene,25.821126
crepidula,Pleistocene,26.793546
modiolus,Pleistocene,26.793546
crepidula,Pleistocene,26.793546
noetia,Pleistocene,26.793546
chama,Pleistocene,26.793546
modiolus,Pleistocene,26.793546
crepidula,Pleistocene,26.793546
crepidula,Pleistocene,26.793546
mulinia,Pleistocene,26.793546
mulinia,Pleistocene,26.793546
parvilucina,Pleistocene,26.793546
mulinia,Pleistocene,26.793546
crepidula,Pleistocene,26.793546
crepidula,Pleistocene,26.793546
parvilucina,Pleistocene,26.793546
chama,Pleistocene,26.793546
chama,Pleistocene,26.793546
chama,Pleistocene,26.793546
chama,Pleistocene,26.793546
mulinia,Pleistocene,26.793546
noetia,Pleistocene,26.793546
chama,Pleistocene,26.793546
chama,Pleistocene,26.793546
chama,Pleistocene,26.793546
crepidula,Pleistocene,26.793546
noetia,Pleistocene,26.793546
mulinia,Pleistocene,26.793546
crepidula,Pleistocene,26.793546
chama,Pleistocene,26.793546
mulinia,Pleistocene,26.793546
noetia,Pleistocene,26.793546
noetia,Pleistocene,26.793546
crepidula,Pleistocene,26.793546
crepidula,Pleistocene,26.793546
chama,Pleistocene,26.793546
modiolus,Pleistocene,26.793546
parvilucina,Pleistocene,26.793546
crepidula,Pleistocene,26.793546
chama,Pleistocene,26.793546
crepidula,Pleistocene,26.793546
crepidula,Pleistocene,26.81017
crepidula,Pleistocene,26.81017
crepidula,Pleistocene,26.81017
crepidula,Pleistocene,26.81017
crepidula,Pleistocene,26.81017
crepidula,Pleistocene,26.81017
crepidula,Pleistocene,26.81017
crepidula,Pleistocene,26.75389
crepidula,Pleistocene,26.75389
modiolus,Pleistocene,28.398101
chama,Pleistocene,25.821126
crepidula,Pleistocene,26.75389
chama,Pleistocene,26.75389
chama,Pleistocene,26.75389
chama,Pleistocene,25.821126
mulinia,Pleistocene,25.821126
parvilucina,Pleistocene,25.821126
mulinia,Pleistocene,26.75389
crepidula,Pleistocene,26.733905
crepidula,Pleistocene,26.733905
crepidula,Pleistocene,26.733905
chama,Pleistocene,26.733905
mulinia,Pleistocene,26.733905
crepidula,Pleistocene,26.7946
crepidula,Pleistocene,26.7946
crepidula,Pleistocene,26.7946
parvilucina,Pleistocene,26.7946
chama,Pleistocene,27.692967
parvilucina,Pleistocene,27.692967
mulinia,Pleistocene,27.692967
parvilucina,Pleistocene,26.7946
chama,Pleistocene,26.7946
crepidula,Pleistocene,27.692967
noetia,Pleistocene,26.7749
noetia,Pleistocene,27.692967
parvilucina,Pleistocene,27.692967
parvilucina,Pleistocene,26.683145
crepidula,Pleistocene,26.789011
crepidula,Pleistocene,26.737028
chama,Pleistocene,26.737028
crepidula,Pleistocene,26.737028
chama,Pleistocene,26.770515
mulinia,Pleistocene,26.770515
crepidula,Pleistocene,26.770515
mulinia,Pleistocene,26.770515
mulinia,Pleistocene,26.733905
parvilucina,Pleistocene,26.733905
mulinia,Pleistocene,27.575165
chama,Pleistocene,26.750024
chama,Pleistocene,26.750024
chama,Pleistocene,26.750024
parvilucina,Pleistocene,26.750024
noetia,Pleistocene,26.750024
chama,Pleistocene,26.750024
crepidula,Pleistocene,26.750024
crepidula,Pleistocene,28.398101
crepidula,Pleistocene,28.398101
modiolus,Pleistocene,28.398101
mulinia,Pleistocene,28.398101
mulinia,Pleistocene,28.398101
chama,Pleistocene,28.398101
mulinia,Pleistocene,27.575165
noetia,Pleistocene,27.575165
mulinia,Pleistocene,26.733905
parvilucina,Pleistocene,26.733905
mulinia,Pleistocene,26.733905
mulinia,Pleistocene,26.7461
noetia,Pleistocene,26.7461
parvilucina,Pleistocene,26.7461
crepidula,Pleistocene,26.7461
crepidula,Pleistocene,26.7461
parvilucina,Pleistocene,29.520573
crepidula,Pleistocene,29.520573
crepidula,Pleistocene,29.520573
noetia,Pleistocene,29.520573
mulinia,Pleistocene,29.520573
parvilucina,Pleistocene,29.520573
crepidula,Pleistocene,29.520573
noetia,Pleistocene,26.500512
crepidula,Pleistocene,26.500512
mulinia,Pleistocene,26.500512
parvilucina,Pleistocene,26.500512
mulinia,Pleistocene,26.500512
crepidula,Pleistocene,26.500512
parvilucina,Pleistocene,26.500512
mulinia,Pleistocene,26.500512
crepidula,Pleistocene,26.500512
mulinia,Pleistocene,26.500512
mulinia,Pleistocene,26.500512
parvilucina,Pleistocene,26.500512
mulinia,Pleistocene,26.500512
crepidula,Pleistocene,26.500512
crepidula,Pleistocene,26.500512
mulinia,Pleistocene,26.500512
crepidula,Pleistocene,26.500512
parvilucina,Pleistocene,26.500512
mulinia,Pleistocene,26.500512
mulinia,Pleistocene,26.500512
noetia,Pleistocene,26.500512
noetia,Pleistocene,26.500512
crepidula,Pleistocene,26.500512
crepidula,Pleistocene,26.500512
chama,Pleistocene,26.500512
chama,Pleistocene,26.500512
crepidula,Pleistocene,26.500512
parvilucina,Pleistocene,26.500512
crepidula,Pleistocene,26.500512
mulinia,Pleistocene,26.500512
chama,Pleistocene,26.500512
noetia,Pleistocene,26.500512
noetia,Pleistocene,26.500512
mulinia,Pleistocene,26.500512
crepidula,Pleistocene,26.500512
parvilucina,Pleistocene,26.500512
crepidula,Pleistocene,26.500512
crepidula,Pleistocene,26.500512
mulinia,Pleistocene,26.500512
chama,Pleistocene,26.500512
chama,Pleistocene,26.500512
noetia,Pleistocene,26.500512
noetia,Pleistocene,27.830905
mulinia,Pleistocene,27.830905
crepidula,Pleistocene,27.830905
parvilucina,Pleistocene,27.830905
spisula,Pleistocene,27.830905
crepidula,Pleistocene,27.830905
noetia,Pleistocene,27.830905
mulinia,Pleistocene,27.830905
crepidula,Pleistocene,27.830905
spisula,Pleistocene,27.830905
noetia,Pleistocene,27.830905
chesapecten,Pleistocene,26.733905
crepidula,Pleistocene,35.344367
crepidula,Pleistocene,26.500512
crepidula,Pleistocene,31.915917
crepidula,Pleistocene,31.915917
mulinia,Pleistocene,31.915917
crepidula,Pleistocene,31.915917
noetia,Pleistocene,31.915917
noetia,Pleistocene,31.988
mulinia,Pleistocene,31.988
parvilucina,Pleistocene,31.988
parvilucina,Pleistocene,27.830905
mulinia,Pleistocene,27.830905
chama,Pleistocene,27.830905
crepidula,Pleistocene,27.830905
crepidula,Pleistocene,27.830905
noetia,Pleistocene,27.830905
parvilucina,Pleistocene,27.830905
chama,Pleistocene,27.830905
mulinia,Pleistocene,27.830905
mulinia,Pleistocene,27.830905
crepidula,Pleistocene,27.830905
crepidula,Pleistocene,27.830905
crepidula,Pleistocene,27.830905
crepidula,Pleistocene,27.830905
noetia,Pleistocene,27.830905
mulinia,Pleistocene,29.697247
mulinia,Pleistocene,29.697247
mulinia,Pleistocene,29.697247
crepidula,Pleistocene,26.934215
crepidula,Pleistocene,26.934215
crepidula,Pleistocene,26.934215
mulinia,Pleistocene,26.934215
chama,Pleistocene,26.934215
parvilucina,Pleistocene,26.934215
crepidula,Pleistocene,26.934215
parvilucina,Pleistocene,26.934215
crepidula,Pleistocene,26.934215
crepidula,Pleistocene,26.934215
chama,Pleistocene,26.934215
parvilucina,Pleistocene,27.7009
mulinia,Pleistocene,27.7009
parvilucina,Pleistocene,27.7009
crepidula,Pleistocene,27.7009
mulinia,Pleistocene,27.7009
noetia,Pleistocene,27.7009
crepidula,Pleistocene,27.7009
crepidula,Pleistocene,27.7009
crepidula,Pleistocene,27.7009
crepidula,Pleistocene,27.7009
mulinia,Pleistocene,27.7009
chama,Pleistocene,27.7009
parvilucina,Pleistocene,27.7009
noetia,Pleistocene,27.692967
parvilucina,Pleistocene,27.692967
mulinia,Pleistocene,27.692967
crepidula,Pleistocene,27.692967
crepidula,Pleistocene,26.934215
mulinia,Pleistocene,26.934215
parvilucina,Pleistocene,26.934215
crepidula,Pleistocene,27.7009
chama,Pleistocene,26.934215
chama,Pleistocene,26.934215
parvilucina,Pleistocene,27.7009
crepidula,Pleistocene,27.7009
chama,Pleistocene,27.7009
noetia,Pleistocene,27.7009
parvilucina,Pleistocene,26.934215
parvilucina,Pleistocene,26.934215
astarte,Pleistocene,26.934215
crepidula,Pleistocene,27.038599
crepidula,Pleistocene,27.038599
chama,Pleistocene,27.038599
noetia,Pleistocene,27.038599
parvilucina,Pleistocene,27.038599
parvilucina,Pleistocene,27.038599
noetia,Pleistocene,27.038599
parvilucina,Pleistocene,27.038599
crepidula,Pleistocene,27.038599
mulinia,Pleistocene,27.038599
parvilucina,Pleistocene,27.038599
crepidula,Pleistocene,27.038599
crepidula,Pleistocene,27.038599
mulinia,Pleistocene,27.038599
crepidula,Pleistocene,27.038599
crepidula,Pleistocene,27.038599
noetia,Pleistocene,27.038599
mulinia,Pleistocene,27.038599
crepidula,Pleistocene,27.038599
parvilucina,Pleistocene,27.038599
chama,Pleistocene,27.038599
noetia,Pleistocene,27.038599
noetia,Pleistocene,27.038599
crepidula,Pleistocene,27.038599
parvilucina,Pleistocene,27.038599
crepidula,Pleistocene,27.038599
crepidula,Pleistocene,27.038599
crepidula,Pleistocene,27.038599
crepidula,Pleistocene,27.038599
crepidula,Pleistocene,27.038599
crepidula,Pleistocene,27.038599
noetia,Pleistocene,27.038599
mulinia,Pleistocene,27.038599
crepidula,Pleistocene,27.038599
noetia,Pleistocene,27.038599
crepidula,Pleistocene,27.038599
chama,Pleistocene,26.3387
chama,Pleistocene,26.3387
crepidula,Pleistocene,26.3387
chama,Pleistocene,26.3387
crepidula,Pleistocene,26.3387
crepidula,Pleistocene,26.3387
crepidula,Pleistocene,26.3387
crepidula,Pleistocene,26.3387
parvilucina,Pleistocene,26.963382
crepidula,Pleistocene,26.963382
crepidula,Pleistocene,26.963382
crepidula,Pleistocene,26.963382
chama,Pleistocene,26.963382
mulinia,Pleistocene,26.963382
mulinia,Pleistocene,26.963382
crepidula,Pleistocene,26.963382
crepidula,Pleistocene,26.963382
chama,Pleistocene,26.963382
chama,Pleistocene,26.963382
chama,Pleistocene,26.963382
chama,Pleistocene,26.963382
chama,Pleistocene,26.963382
noetia,Pleistocene,26.963382
noetia,Pleistocene,26.963382
noetia,Pleistocene,26.963382
chama,Pleistocene,26.963382
crepidula,Pleistocene,26.963382
crepidula,Pleistocene,26.963382
chama,Pleistocene,26.963382
crepidula,Pleistocene,26.963382
crepidula,Pleistocene,26.963382
chama,Pleistocene,26.963382
chama,Pleistocene,27.8346
chama,Pleistocene,27.8346
chama,Pleistocene,27.8346
astarte,Pleistocene,27.8346
mulinia,Pleistocene,27.8346
chama,Pleistocene,27.8346
chama,Pleistocene,27.8346
crepidula,Pleistocene,27.8346
crepidula,Pleistocene,27.8346
crepidula,Pleistocene,27.8346
crepidula,Pleistocene,27.8346
crepidula,Pleistocene,27.8346
crepidula,Pleistocene,27.8346
crepidula,Pleistocene,27.8346
crepidula,Pleistocene,29.51988
crepidula,Pleistocene,29.51988
crepidula,Pleistocene,29.51988
crepidula,Pleistocene,29.51988
mulinia,Pleistocene,29.51988
crepidula,Pleistocene,29.51988
mulinia,Pleistocene,29.51988
parvilucina,Pleistocene,29.51988
parvilucina,Pleistocene,29.51988
parvilucina,Pleistocene,29.51988
astarte,Pleistocene,29.51988
mulinia,Pleistocene,29.51988
mulinia,Pleistocene,29.51988
mulinia,Pleistocene,29.51988
parvilucina,Pleistocene,29.51988
noetia,Pleistocene,29.51988
noetia,Pleistocene,29.51988
crepidula,Pleistocene,29.51988
crepidula,Pleistocene,29.51988
crepidula,Pleistocene,29.51988
crepidula,Pleistocene,29.51988
crepidula,Pleistocene,29.51988
noetia,Pleistocene,29.51988
mulinia,Pleistocene,29.51988
parvilucina,Pleistocene,29.51988
astarte,Pleistocene,29.51988
parvilucina,Pleistocene,29.51988
parvilucina,Pleistocene,29.51988
mulinia,Pleistocene,29.51988
mulinia,Pleistocene,26.743702
parvilucina,Pleistocene,26.743702
parvilucina,Pleistocene,26.743702
mulinia,Pleistocene,26.743702
mulinia,Pleistocene,26.743702
mulinia,Pleistocene,26.743702
parvilucina,Pleistocene,26.743702
parvilucina,Pleistocene,26.743702
parvilucina,Pleistocene,26.743702
parvilucina,Pleistocene,26.743702
parvilucina,Pleistocene,26.886
crepidula,Pleistocene,26.886
parvilucina,Pleistocene,26.886
chama,Pleistocene,26.886
parvilucina,Pleistocene,26.886
chama,Pleistocene,26.886
crepidula,Pleistocene,26.740047
chama,Pleistocene,26.740047
mulinia,Pleistocene,26.740047
crepidula,Pleistocene,26.740047
crepidula,Pleistocene,26.740047
crepidula,Pleistocene,26.740047
chama,Pleistocene,26.740047
crepidula,Pleistocene,26.740047
mulinia,Pleistocene,26.740047
mulinia,Pleistocene,26.740047
mulinia,Pleistocene,26.740047
parvilucina,Pleistocene,26.740047
mulinia,Pleistocene,26.740047
crepidula,Pleistocene,28.757588
crepidula,Pleistocene,28.757588
crepidula,Pleistocene,28.757588
crepidula,Pleistocene,28.757588
parvilucina,Pleistocene,28.757588
mulinia,Pleistocene,28.757588
mulinia,Pleistocene,28.757588
crepidula,Pleistocene,28.757588
crepidula,Pleistocene,28.757588
noetia,Pleistocene,28.757588
noetia,Pleistocene,28.757588
noetia,Pleistocene,28.757588
parvilucina,Pleistocene,28.757588
mulinia,Pleistocene,28.757588
mulinia,Pleistocene,28.757588
mulinia,Pleistocene,28.757588
crepidula,Pleistocene,26.765403
noetia,Pleistocene,26.765403
crepidula,Pleistocene,26.765403
crepidula,Pleistocene,26.765403
crepidula,Pleistocene,26.765403
mulinia,Pleistocene,26.765403
parvilucina,Pleistocene,26.765403
noetia,Pleistocene,26.884339
mulinia,Pleistocene,26.884339
crepidula,Pleistocene,26.884339
crepidula,Pleistocene,26.884339
parvilucina,Pleistocene,26.745484
parvilucina,Pleistocene,26.745484
mulinia,Pleistocene,26.745484
crepidula,Pleistocene,26.745484
crepidula,Pleistocene,26.749249
mulinia,Pleistocene,26.749249
chama,Pleistocene,26.749249
crepidula,Pleistocene,26.749249
chama,Pleistocene,26.757358
mulinia,Pleistocene,26.757358
mulinia,Pleistocene,26.749249
parvilucina,Pleistocene,26.749249
mulinia,Pleistocene,26.749249
chama,Pleistocene,26.757358
chama,Pleistocene,26.757358
chama,Pleistocene,26.757358
chama,Pleistocene,26.757358
chama,Pleistocene,26.753565
chama,Pleistocene,26.753565
parvilucina,Pleistocene,26.753565
chama,Pleistocene,26.753565
crepidula,Pleistocene,26.753565
crepidula,Pleistocene,26.753565
crepidula,Pleistocene,26.753565
noetia,Pleistocene,26.753565
chama,Pleistocene,26.765403
mulinia,Pleistocene,26.765403
mulinia,Pleistocene,26.765403
noetia,Pleistocene,26.765403
mulinia,Pleistocene,26.765403
chama,Pleistocene,26.765403
crepidula,Pleistocene,26.765403
crepidula,Pleistocene,26.765403
parvilucina,Pleistocene,26.887079
parvilucina,Pleistocene,26.887079
chama,Pleistocene,26.886716
mulinia,Pleistocene,26.886716
crepidula,Pleistocene,26.887079
mulinia,Pleistocene,26.886716
crepidula,Pleistocene,26.886716
chama,Pleistocene,26.886716
parvilucina,Pleistocene,26.886716
mulinia,Pleistocene,26.765545
chama,Pleistocene,26.765545
chama,Pleistocene,26.765545
chama,Pleistocene,26.765545
parvilucina,Pleistocene,26.745083
parvilucina,Pleistocene,26.765545
mulinia,Pleistocene,26.745083
chama,Pleistocene,26.745083
parvilucina,Pleistocene,26.745083
parvilucina,Pleistocene,26.745083
parvilucina,Pleistocene,26.768477
parvilucina,Pleistocene,26.887079
chama,Pleistocene,26.744725
chama,Pleistocene,26.744725
crepidula,Pleistocene,29.697247
crepidula,Pleistocene,29.697247
crepidula,Pleistocene,29.697247
parvilucina,Pleistocene,29.697247
chama,Pleistocene,29.697247
chama,Pleistocene,29.697247
chama,Pleistocene,29.697247
chama,Pleistocene,29.697247
astarte,Pleistocene,29.697247
crepidula,Pleistocene,29.697247
crepidula,Pleistocene,29.697247
crepidula,Pleistocene,29.697247
modiolus,Pleistocene,29.697247
noetia,Pleistocene,29.697247
chama,Pleistocene,29.697247
parvilucina,Pleistocene,29.697247
crepidula,Pleistocene,29.697247
mulinia,Pleistocene,29.697247
crepidula,Pleistocene,27.5253
crepidula,Pleistocene,27.5253
crepidula,Pleistocene,27.5253
crepidula,Pleistocene,27.201965
crepidula,Pleistocene,27.201965
crepidula,Pleistocene,27.201965
modiolus,Pleistocene,27.201965
mulinia,Pleistocene,27.5256
crepidula,Pleistocene,27.201965
noetia,Pleistocene,29.481431
crepidula,Pleistocene,29.481431
crepidula,Pleistocene,29.481431
crepidula,Pleistocene,29.481431
mulinia,Pleistocene,29.481431
mulinia,Pleistocene,29.481431
mulinia,Pleistocene,29.481431
mulinia,Pleistocene,29.481431
mulinia,Pleistocene,29.481431
mulinia,Pleistocene,29.481431
mulinia,Pleistocene,29.481431
mulinia,Pleistocene,29.481431
mulinia,Pleistocene,29.481431
mulinia,Pleistocene,29.481431
mulinia,Pleistocene,29.481431
parvilucina,Pleistocene,29.481431
parvilucina,Pleistocene,29.481431
parvilucina,Pleistocene,29.481431
parvilucina,Pleistocene,29.481431
parvilucina,Pleistocene,29.481431
parvilucina,Pleistocene,29.481431
parvilucina,Pleistocene,29.481431
parvilucina,Pleistocene,29.481431
parvilucina,Pleistocene,29.481431
parvilucina,Pleistocene,29.481431
parvilucina,Pleistocene,29.481431
parvilucina,Pleistocene,29.481431
crepidula,Pleistocene,29.481431
crepidula,Pleistocene,29.481431
chama,Pleistocene,26.788779
chama,Pleistocene,26.788779
chama,Pleistocene,26.788779
chama,Pleistocene,26.788779
chama,Pleistocene,26.788779
chama,Pleistocene,26.788779
chama,Pleistocene,26.788779
chama,Pleistocene,26.788779
crepidula,Pleistocene,33.9876
crepidula,Pleistocene,33.9876
noetia,Pleistocene,33.9876
astarte,Pleistocene,33.9876
noetia,Pleistocene,26.780479
crepidula,Pleistocene,26.780479
mulinia,Pleistocene,26.659514
chama,Pleistocene,26.659514
chama,Pleistocene,26.659514
chama,Pleistocene,26.659514
parvilucina,Pleistocene,26.659514
modiolus,Pleistocene,26.659514
crepidula,Pleistocene,26.659514
crepidula,Pleistocene,26.659514
crepidula,Pleistocene,26.659514
crepidula,Pleistocene,26.659514
spisula,Pleistocene,33.9876
parvilucina,Pleistocene,29.481431
crepidula,Pleistocene,29.481431
crepidula,Pleistocene,27.000793
mulinia,Pleistocene,34.198641
mulinia,Pleistocene,34.198641
spisula,Pleistocene,34.198641
astarte,Pleistocene,34.198641
astarte,Pleistocene,34.198641
astarte,Pleistocene,34.198641
astarte,Pleistocene,34.198641
crepidula,Pleistocene,34.198641
crepidula,Pleistocene,34.198641
chama,Pleistocene,34.198641
chama,Pleistocene,34.198641
chama,Pleistocene,34.198641
chama,Pleistocene,34.198641
modiolus,Pleistocene,34.198641
spisula,Pleistocene,34.198641
crepidula,Pleistocene,34.352642
chama,Pleistocene,34.352642
astarte,Pleistocene,34.352642
astarte,Pleistocene,34.352642
astarte,Pleistocene,34.352642
astarte,Pleistocene,34.352642
crepidula,Pleistocene,34.352642
crepidula,Pleistocene,34.352642
crepidula,Pleistocene,34.352642
noetia,Pleistocene,26.788779
crepidula,Pleistocene,35.0426
crepidula,Pleistocene,35.0426
crepidula,Pleistocene,35.0426
crepidula,Pleistocene,35.0426
crepidula,Pleistocene,35.0426
crepidula,Pleistocene,35.0426
crepidula,Pleistocene,35.0426
crepidula,Pleistocene,35.0426
crepidula,Pleistocene,35.0426
crepidula,Pleistocene,35.0426
crepidula,Pleistocene,35.0426
crepidula,Pleistocene,35.0426
crepidula,Pleistocene,35.0426
crepidula,Pleistocene,35.0426
crepidula,Pleistocene,35.0426
crepidula,Pleistocene,35.0426
crepidula,Pleistocene,35.0426
crepidula,Pleistocene,35.0426
crepidula,Pleistocene,35.0426
crepidula,Pleistocene,35.0426
crepidula,Pleistocene,35.0426
crepidula,Pleistocene,35.0426
crepidula,Pleistocene,35.0426
crepidula,Pleistocene,35.0426
crepidula,Pleistocene,35.0426
crepidula,Pleistocene,35.0426
crepidula,Pleistocene,35.0426
crepidula,Pleistocene,35.0426
crepidula,Pleistocene,35.0426
crepidula,Pleistocene,35.0426
crepidula,Pleistocene,35.0426
crepidula,Pleistocene,35.0426
crepidula,Pleistocene,35.0426
crepidula,Pleistocene,35.0426
crepidula,Pleistocene,35.0426
crepidula,Pleistocene,35.0426
crepidula,Pleistocene,35.0426
crepidula,Pleistocene,35.0426
crepidula,Pleistocene,35.0426
crepidula,Pleistocene,35.0426
crepidula,Pleistocene,35.0426
crepidula,Pleistocene,35.0426
crepidula,Pleistocene,35.0426
crepidula,Pleistocene,35.0426
crepidula,Pleistocene,35.0426
crepidula,Pleistocene,35.0426
crepidula,Pleistocene,35.0426
crepidula,Pleistocene,35.0426
crepidula,Pleistocene,35.0426
crepidula,Pleistocene,35.0426
crepidula,Pleistocene,35.0426
crepidula,Pleistocene,35.0426
crepidula,Pleistocene,35.0426
crepidula,Pleistocene,35.0426
crepidula,Pleistocene,35.0426
crepidula,Pleistocene,35.0426
crepidula,Pleistocene,35.0426
crepidula,Pleistocene,35.0426
crepidula,Pleistocene,35.0426
crepidula,Pleistocene,35.0426
crepidula,Pleistocene,35.0426
crepidula,Pleistocene,35.0426
crepidula,Pleistocene,35.0426
crepidula,Pleistocene,35.0426
crepidula,Pleistocene,35.0426
crepidula,Pleistocene,35.0426
crepidula,Pleistocene,35.0426
crepidula,Pleistocene,35.0426
crepidula,Pleistocene,35.0426
crepidula,Pleistocene,35.0426
crepidula,Pleistocene,35.0426
crepidula,Pleistocene,35.0426
crepidula,Pleistocene,35.0426
crepidula,Pleistocene,35.0426
crepidula,Pleistocene,35.0426
crepidula,Pleistocene,35.0426
crepidula,Pleistocene,35.0426
crepidula,Pleistocene,35.0426
crepidula,Pleistocene,35.0426
crepidula,Pleistocene,35.0426
crepidula,Pleistocene,35.0426
crepidula,Pleistocene,35.0426
crepidula,Pleistocene,35.0426
crepidula,Pleistocene,35.0426
crepidula,Pleistocene,35.0426
crepidula,Pleistocene,35.0426
crepidula,Pleistocene,35.0426
crepidula,Pleistocene,35.0426
crepidula,Pleistocene,35.0426
crepidula,Pleistocene,35.0426
crepidula,Pleistocene,35.0426
crepidula,Pleistocene,35.0426
crepidula,Pleistocene,35.0426
crepidula,Pleistocene,35.0426
crepidula,Pleistocene,35.0426
crepidula,Pleistocene,35.0426
crepidula,Pleistocene,35.0426
crepidula,Pleistocene,35.0426
crepidula,Pleistocene,35.0426
crepidula,Pleistocene,35.0426
crepidula,Pleistocene,35.0426
crepidula,Pleistocene,35.0426
crepidula,Pleistocene,35.0426
crepidula,Pleistocene,35.0426
crepidula,Pleistocene,35.0426
crepidula,Pleistocene,35.0426
crepidula,Pleistocene,35.0426
crepidula,Pleistocene,35.0426
crepidula,Pleistocene,35.0426
crepidula,Pleistocene,35.0426
crepidula,Pleistocene,35.0426
crepidula,Pleistocene,35.0426
crepidula,Pleistocene,35.0426
crepidula,Pleistocene,35.0426
crepidula,Pleistocene,35.0426
crepidula,Pleistocene,35.0426
crepidula,Pleistocene,35.0426
crepidula,Pleistocene,35.0426
crepidula,Pleistocene,35.0426
crepidula,Pleistocene,35.0426
crepidula,Pleistocene,35.0426
crepidula,Pleistocene,35.0426
crepidula,Pleistocene,35.0426
crepidula,Pleistocene,35.0426
crepidula,Pleistocene,35.0426
crepidula,Pleistocene,35.0426
crepidula,Pleistocene,35.0426
crepidula,Pleistocene,35.0426
crepidula,Pleistocene,35.0426
crepidula,Pleistocene,35.0426
crepidula,Pleistocene,35.0426
crepidula,Pleistocene,35.0426
crepidula,Pleistocene,35.0426
crepidula,Pleistocene,35.0426
crepidula,Pleistocene,35.0426
crepidula,Pleistocene,35.0426
crepidula,Pleistocene,35.0426
crepidula,Pleistocene,35.0426
crepidula,Pleistocene,35.0426
crepidula,Pleistocene,35.0426
crepidula,Pleistocene,35.0426
crepidula,Pleistocene,35.0426
crepidula,Pleistocene,35.0426
crepidula,Pleistocene,35.0426
crepidula,Pleistocene,35.0426
crepidula,Pleistocene,35.0426
crepidula,Pleistocene,35.0426
crepidula,Pleistocene,35.0426
crepidula,Pleistocene,35.0426
crepidula,Pleistocene,35.0426
crepidula,Pleistocene,35.0426
crepidula,Pleistocene,35.0426
crepidula,Pleistocene,35.0426
crepidula,Pleistocene,35.0426
crepidula,Pleistocene,35.0426
crepidula,Pleistocene,35.0426
crepidula,Pleistocene,35.0426
crepidula,Pleistocene,35.0426
crepidula,Pleistocene,35.0426
crepidula,Pleistocene,35.0426
crepidula,Pleistocene,35.0426
crepidula,Pleistocene,35.0426
crepidula,Pleistocene,35.0426
crepidula,Pleistocene,35.0426
crepidula,Pleistocene,35.0426
crepidula,Pleistocene,35.0426
crepidula,Pleistocene,35.0426
crepidula,Pleistocene,35.0426
crepidula,Pleistocene,35.0426
crepidula,Pleistocene,35.0426
crepidula,Pleistocene,35.0426
crepidula,Pleistocene,35.0426
crepidula,Pleistocene,35.0426
crepidula,Pleistocene,35.0426
crepidula,Pleistocene,35.0426
crepidula,Pleistocene,35.0426
crepidula,Pleistocene,35.0426
crepidula,Pleistocene,35.0426
crepidula,Pleistocene,35.0426
crepidula,Pleistocene,35.0426
crepidula,Pleistocene,35.0426
crepidula,Pleistocene,35.0426
crepidula,Pleistocene,35.0426
crepidula,Pleistocene,35.0426
crepidula,Pleistocene,35.0426
crepidula,Pleistocene,35.0426
crepidula,Pleistocene,35.0426
crepidula,Pleistocene,35.0426
crepidula,Pleistocene,35.0426
crepidula,Pleistocene,35.0426
crepidula,Pleistocene,35.0426
crepidula,Pleistocene,35.0426
crepidula,Pleistocene,35.0426
crepidula,Pleistocene,35.0426
crepidula,Pleistocene,35.0426
crepidula,Pleistocene,35.0426
crepidula,Pleistocene,35.0426
crepidula,Pleistocene,35.0426
crepidula,Pleistocene,35.0426
crepidula,Pleistocene,35.0426
crepidula,Pleistocene,35.0426
crepidula,Pleistocene,35.0426
crepidula,Pleistocene,35.0426
crepidula,Pleistocene,35.0426
crepidula,Pleistocene,35.0426
crepidula,Pleistocene,35.0426
crepidula,Pleistocene,35.0426
crepidula,Pleistocene,35.0426
crepidula,Pleistocene,35.0426
crepidula,Pleistocene,35.0426
crepidula,Pleistocene,35.0426
crepidula,Pleistocene,35.0426
crepidula,Pleistocene,35.0426
crepidula,Pleistocene,35.0426
crepidula,Pleistocene,35.0426
crepidula,Pleistocene,35.0426
crepidula,Pleistocene,35.0426
crepidula,Pleistocene,35.0426
crepidula,Pleistocene,35.0426
crepidula,Pleistocene,35.0426
crepidula,Pleistocene,35.0426
crepidula,Pleistocene,35.0426
crepidula,Pleistocene,35.0426
crepidula,Pleistocene,35.0426
crepidula,Pleistocene,35.0426
crepidula,Pleistocene,35.0426
crepidula,Pleistocene,35.0426
crepidula,Pleistocene,35.0426
crepidula,Pleistocene,35.0426
crepidula,Pleistocene,35.0426
crepidula,Pleistocene,35.0426
crepidula,Pleistocene,35.0426
crepidula,Pleistocene,35.0426
crepidula,Pleistocene,35.0426
crepidula,Pleistocene,35.0426
crepidula,Pleistocene,35.0426
crepidula,Pleistocene,35.0426
crepidula,Pleistocene,35.0426
chama,Pleistocene,26.852167
chama,Pleistocene,26.7105
chama,Pleistocene,26.659514
crepidula,Pleistocene,27.5253
parvilucina,Pleistocene,27.5253
crepidula,Pleistocene,27.5253
parvilucina,Pleistocene,27.5253
parvilucina,Pleistocene,27.5253
chama,Pleistocene,27.5253
crepidula,Pleistocene,27.5253
crepidula,Pleistocene,27.5253
crepidula,Pleistocene,27.5253
crepidula,Pleistocene,27.5253
crepidula,Pleistocene,27.5253
crepidula,Pleistocene,27.5253
noetia,Pleistocene,27.5253
parvilucina,Pleistocene,27.5253
chama,Pleistocene,27.5253
parvilucina,Pleistocene,27.5253
crepidula,Pleistocene,27.5253
crepidula,Pleistocene,27.5253
crepidula,Pleistocene,27.5253
parvilucina,Pleistocene,27.5253
crepidula,Pleistocene,27.5253
crepidula,Pleistocene,27.5253
parvilucina,Pleistocene,27.5253
crepidula,Pleistocene,27.5253
crepidula,Pleistocene,27.5253
crepidula,Pleistocene,27.5253
crepidula,Pleistocene,27.5253
crepidula,Pleistocene,27.5253
crepidula,Pleistocene,27.5253
crepidula,Pleistocene,27.5253
chama,Pleistocene,27.5253
crepidula,Pleistocene,27.5253
crepidula,Pleistocene,27.5253
chama,Pleistocene,27.5253
parvilucina,Pleistocene,27.5253
chama,Pleistocene,27.5253
crepidula,Pleistocene,27.5253
crepidula,Pleistocene,27.5253
crepidula,Pleistocene,27.5253
crepidula,Pleistocene,27.5253
crepidula,Pleistocene,27.5253
chama,Pleistocene,27.5253
parvilucina,Pleistocene,27.5253
chama,Pleistocene,27.5253
chama,Pleistocene,27.5253
crepidula,Pleistocene,27.5253
crepidula,Pleistocene,27.5253
chama,Pleistocene,27.5253
crepidula,Pleistocene,27.5253
chama,Pleistocene,27.5253
parvilucina,Pleistocene,27.5253
crepidula,Pleistocene,27.5253
chama,Pleistocene,27.5253
crepidula,Pleistocene,27.5253
crepidula,Pleistocene,27.5253
parvilucina,Pleistocene,27.5253
chama,Pleistocene,27.5253
crepidula,Pleistocene,27.5253
crepidula,Pleistocene,27.5253
crepidula,Pleistocene,27.5253
crepidula,Pleistocene,27.5253
parvilucina,Pleistocene,27.5253
crepidula,Pleistocene,27.5253
crepidula,Pleistocene,27.5253
crepidula,Pleistocene,27.5253
chama,Pleistocene,27.5253
crepidula,Pleistocene,27.5253
crepidula,Pleistocene,27.5242
crepidula,Pleistocene,27.5242
noetia,Pleistocene,27.5242
mulinia,Pleistocene,27.5242
crepidula,Pleistocene,27.5253
crepidula,Pleistocene,27.5253
parvilucina,Pleistocene,27.5253
chama,Pleistocene,27.5253
chama,Pleistocene,27.5253
crepidula,Pleistocene,27.5253
chama,Pleistocene,27.5253
parvilucina,Pleistocene,27.5253
crepidula,Pleistocene,27.5253
crepidula,Pleistocene,27.5253
crepidula,Pleistocene,27.5253
crepidula,Pleistocene,27.5253
parvilucina,Pleistocene,27.5253
chama,Pleistocene,27.5253
crepidula,Pleistocene,27.5253
crepidula,Pleistocene,27.5253
crepidula,Pleistocene,27.5253
noetia,Pleistocene,27.5253
chama,Pleistocene,27.5253
crepidula,Pleistocene,27.5253
crepidula,Pleistocene,27.5253
chama,Pleistocene,27.5253
chama,Pleistocene,26.733905
crepidula,Pleistocene,26.733905
parvilucina,Pleistocene,26.733905
astarte,Pleistocene,26.733905
crepidula,Pleistocene,27.5253
crepidula,Pleistocene,27.5253
crepidula,Pleistocene,27.5253
crepidula,Pleistocene,27.5253
crepidula,Pleistocene,27.5253
crepidula,Pleistocene,27.5253
crepidula,Pleistocene,27.5253
crepidula,Pleistocene,27.5253
crepidula,Pleistocene,27.5253
crepidula,Pleistocene,27.5253
crepidula,Pleistocene,27.5253
astarte,Pleistocene,26.733905
chama,Pleistocene,27.5253
crepidula,Pleistocene,27.5253
parvilucina,Pleistocene,27.5253
chama,Pleistocene,27.5253
chama,Pleistocene,26.3632
spisula,Pleistocene,26.787085
crepidula,Pleistocene,27.570321
crepidula,Pleistocene,26.500512
chama,Pleistocene,26.791737
chama,Pleistocene,26.852167
chama,Pleistocene,26.852167
modiolus,Pleistocene,26.657645
chama,Pleistocene,26.7461
spisula,Pleistocene,34.198641
crepidula,Pleistocene,34.198641
crepidula,Pleistocene,26.81234
mulinia,Pleistocene,29.22963
mulinia,Pleistocene,29.22963
crepidula,Pleistocene,27.2017
noetia,Pleistocene,26.683702
noetia,Pleistocene,26.81234
noetia,Pleistocene,26.81234
noetia,Pleistocene,27.731716
noetia,Pleistocene,26.737028
noetia,Pleistocene,26.737028
noetia,Pleistocene,26.6837
noetia,Pleistocene,26.715597
noetia,Pleistocene,26.715597
chama,Pleistocene,26.7462
chama,Pleistocene,26.7462
chama,Pleistocene,26.780479
chama,Pleistocene,26.780479
chama,Pleistocene,26.780479
chama,Pleistocene,26.7461
chama,Pleistocene,26.568421
chama,Pleistocene,26.568421
crepidula,Pleistocene,26.780479
chama,Pleistocene,27.010841
spisula,Pleistocene,27.4472
chama,Pleistocene,26.737684
chama,Pleistocene,26.737684
chama,Pleistocene,26.737684
chama,Pleistocene,26.737684
crepidula,Pleistocene,26.737684
chama,Pleistocene,26.737684
chama,Pleistocene,26.737684
noetia,Pleistocene,26.780479
crepidula,Pleistocene,29.697247
crepidula,Pleistocene,29.697247
chama,Pleistocene,29.697247
parvilucina,Pleistocene,29.697247
chama,Pleistocene,29.697247
parvilucina,Pleistocene,29.697247
crepidula,Pleistocene,26.788458
crepidula,Pleistocene,26.788458
parvilucina,Pleistocene,26.684842
crepidula,Pleistocene,26.684842
crepidula,Pleistocene,26.765443
crepidula,Pleistocene,26.765443
crepidula,Pleistocene,26.767757
crepidula,Pleistocene,26.765443
mulinia,Pleistocene,26.7878
noetia,Pleistocene,26.7878
crepidula,Pleistocene,26.767757
crepidula,Pleistocene,26.7878
crepidula,Pleistocene,26.7878
spisula,Pleistocene,27.683787
crepidula,Pleistocene,26.500512
crepidula,Pleistocene,26.788779
noetia,Pleistocene,26.788779
chama,Pleistocene,26.765403
chama,Pleistocene,26.385355
crepidula,Pleistocene,26.385355
chama,Pleistocene,26.385355
crepidula,Pleistocene,26.657645
crepidula,Pleistocene,27.731716
crepidula,Pleistocene,27.731716
noetia,Pleistocene,27.731716
chama,Pleistocene,26.472352
crepidula,Pleistocene,27.4404
noetia,Pleistocene,27.4404
crepidula,Pleistocene,27.4404
crepidula,Pleistocene,27.2017
noetia,Pleistocene,27.0002
crepidula,Pleistocene,27.2017
chama,Pleistocene,27.2017
crepidula,Pleistocene,27.2017
crepidula,Pleistocene,27.2017
chama,Pleistocene,26.7781
chama,Pleistocene,26.7781
chama,Pleistocene,26.7781
crepidula,Pleistocene,26.681925
noetia,Pleistocene,26.747289
chama,Pleistocene,26.747289
chama,Pleistocene,26.747289
crepidula,Pleistocene,26.747289
crepidula,Pleistocene,26.747289
chama,Pleistocene,26.747289
chama,Pleistocene,26.747289
chama,Pleistocene,26.747289
chama,Pleistocene,26.747289
chama,Pleistocene,26.747289
crepidula,Pleistocene,26.747289
chama,Pleistocene,27.010841
crepidula,Pleistocene,27.010841
crepidula,Pleistocene,27.010841
crepidula,Pleistocene,27.010841
chama,Pleistocene,26.7749
chama,Pleistocene,26.7749
chama,Pleistocene,26.7749
chama,Pleistocene,26.7749
chama,Pleistocene,26.7749
chama,Pleistocene,26.737028
chama,Pleistocene,26.737028
chama,Pleistocene,26.737028
chama,Pleistocene,26.737028
chama,Pleistocene,26.737028
chama,Pleistocene,26.737028
chama,Pleistocene,26.737028
chama,Pleistocene,26.737028
chama,Pleistocene,26.737028
chama,Pleistocene,26.737028
chama,Pleistocene,26.737028
chama,Pleistocene,27.000793
chama,Pleistocene,27.000793
noetia,Pleistocene,27.000793
crepidula,Pleistocene,26.699744
crepidula,Pleistocene,26.699744
crepidula,Pleistocene,26.699744
crepidula,Pleistocene,26.699744
noetia,Pleistocene,26.699744
noetia,Pleistocene,26.699744
noetia,Pleistocene,26.699744
chama,Pleistocene,26.699744
noetia,Pleistocene,26.683702
chama,Pleistocene,26.683702
chama,Pleistocene,26.683702
crepidula,Pleistocene,26.683702
crepidula,Pleistocene,26.683702
crepidula,Pleistocene,26.683702
crepidula,Pleistocene,26.683702
cyclocardia,Pleistocene,26.683702
mulinia,Pleistocene,26.591238
crepidula,Pleistocene,26.591238
chama,Pleistocene,26.7749
chama,Pleistocene,26.7749
noetia,Pleistocene,26.9679
noetia,Pleistocene,26.9679
noetia,Pleistocene,26.9679
noetia,Pleistocene,26.9679
noetia,Pleistocene,26.9679
chama,Pleistocene,26.9679
chama,Pleistocene,26.9679
chama,Pleistocene,26.9679
chama,Pleistocene,26.9679
chama,Pleistocene,26.9679
chama,Pleistocene,26.9679
chama,Pleistocene,26.427418
crepidula,Pleistocene,26.679469
chama,Pleistocene,26.679469
crepidula,Pleistocene,26.679469
chama,Pleistocene,26.679469
noetia,Pleistocene,26.679469
noetia,Pleistocene,26.474889
crepidula,Pleistocene,27.008886
mulinia,Pleistocene,27.008886
chama,Pleistocene,27.000793
mulinia,Pleistocene,27.485
noetia,Pleistocene,27.485
crepidula,Pleistocene,26.474889
noetia,Pleistocene,26.427418
chama,Pleistocene,26.427418
chama,Pleistocene,26.427418
chama,Pleistocene,26.427418
mulinia,Pleistocene,26.325877
chama,Pleistocene,26.747742
chama,Pleistocene,26.747742
chama,Pleistocene,26.715597
chama,Pleistocene,26.715597
chama,Pleistocene,26.715597
chama,Pleistocene,26.715597
chama,Pleistocene,26.715597
chama,Pleistocene,26.715597
chama,Pleistocene,26.715597
chama,Pleistocene,26.715597
noetia,Pleistocene,26.715597
modiolus,Pleistocene,26.715597
chama,Pleistocene,26.715597
chama,Pleistocene,26.715597
mulinia,Pleistocene,26.715597
mulinia,Pleistocene,26.715597
mulinia,Pleistocene,26.715597
mulinia,Pleistocene,26.715597
mulinia,Pleistocene,26.715597
mulinia,Pleistocene,26.715597
mulinia,Pleistocene,26.715597
mulinia,Pleistocene,26.715597
mulinia,Pleistocene,26.653646
modiolus,Pleistocene,26.653646
mulinia,Pleistocene,26.653646
crepidula,Pleistocene,26.715597
crepidula,Pleistocene,26.715597
crepidula,Pleistocene,26.715597
crepidula,Pleistocene,26.715597
crepidula,Pleistocene,26.715597
mulinia,Pleistocene,26.715597
chama,Pleistocene,26.715597
chama,Pleistocene,26.653646
chama,Pleistocene,26.653646
chama,Pleistocene,26.653646
chama,Pleistocene,26.653646
chama,Pleistocene,26.653646
chama,Pleistocene,26.653646
chama,Pleistocene,26.653646
chama,Pleistocene,26.653646
crepidula,Pleistocene,26.653646
crepidula,Pleistocene,26.653646
chama,Pleistocene,26.747742
crepidula,Pleistocene,26.747742
crepidula,Pleistocene,26.747742
noetia,Pleistocene,26.81234
noetia,Pleistocene,26.81234
crepidula,Pleistocene,26.81234
crepidula,Pleistocene,26.81234
crepidula,Pleistocene,26.7462
noetia,Pleistocene,26.787085
chama,Pleistocene,26.788779
chama,Pleistocene,26.788779
chama,Pleistocene,26.788779
chama,Pleistocene,26.788779
chama,Pleistocene,26.788779
chama,Pleistocene,26.788779
chama,Pleistocene,26.635024
chama,Pleistocene,26.635024
chama,Pleistocene,26.635024
crepidula,Pleistocene,26.737028
crepidula,Pleistocene,26.737028
crepidula,Pleistocene,26.737028
chama,Pleistocene,26.747742
chama,Pleistocene,26.81234
chama,Pleistocene,26.642219
chama,Pleistocene,26.642219
crepidula,Pleistocene,26.642219
chama,Pleistocene,26.500512
crepidula,Pleistocene,26.635024
crepidula,Pleistocene,26.635024
chama,Pleistocene,26.7946
chama,Pleistocene,26.7946
chama,Pleistocene,26.7946
chama,Pleistocene,26.7946
chama,Pleistocene,26.7946
chama,Pleistocene,26.7946
chama,Pleistocene,26.7946
chama,Pleistocene,26.7946
chama,Pleistocene,27.000793
chama,Pleistocene,27.000793
crepidula,Pleistocene,26.737028
mulinia,Pleistocene,26.737028
chama,Pleistocene,26.737028
chama,Pleistocene,26.737028
modiolus,Pleistocene,26.7946
chama,Pleistocene,26.793546
chama,Pleistocene,26.793546
chama,Pleistocene,26.793546
chama,Pleistocene,26.793546
crepidula,Pleistocene,26.793546
chama,Pleistocene,26.793546
noetia,Pleistocene,26.793546
crepidula,Pleistocene,26.793546
noetia,Pleistocene,26.793546
crepidula,Pleistocene,26.7946
crepidula,Pleistocene,26.7946
mulinia,Pleistocene,28.055648
mulinia,Pleistocene,28.055648
mulinia,Pleistocene,28.055648
noetia,Pleistocene,26.9708
mulinia,Pleistocene,26.9708
mulinia,Pleistocene,26.9708
noetia,Pleistocene,27.731716
mulinia,Pleistocene,26.7454
mulinia,Pleistocene,26.7454
crepidula,Pleistocene,26.7454
crepidula,Pleistocene,26.9708
crepidula,Pleistocene,26.9708
noetia,Pleistocene,38.00893
crepidula,Pleistocene,27.321403
noetia,Pleistocene,27.321403
noetia,Pleistocene,27.321403
crepidula,Pleistocene,27.321403
crepidula,Pleistocene,27.321403
crepidula,Pleistocene,27.321403
crepidula,Pleistocene,27.321403
mulinia,Pleistocene,31.120863
chama,Pleistocene,31.120863
crepidula,Pleistocene,31.120863
parvilucina,Pleistocene,31.120863
mulinia,Pleistocene,31.120863
crepidula,Pleistocene,31.120863
parvilucina,Pleistocene,31.120863
mulinia,Pleistocene,31.120863
mulinia,Pleistocene,31.120863
mulinia,Pleistocene,31.120863
parvilucina,Pleistocene,31.120863
crepidula,Pleistocene,31.120863
crepidula,Pleistocene,31.120863
chama,Pleistocene,31.120863
mulinia,Pleistocene,31.120863
chama,Pleistocene,26.7462
chama,Pleistocene,26.7462
chama,Pleistocene,26.7462
chama,Pleistocene,26.7462
chama,Pleistocene,26.7462
crepidula,Pleistocene,31.108353
mulinia,Pleistocene,31.108353
noetia,Pleistocene,31.108353
crepidula,Pleistocene,26.500512
crepidula,Pleistocene,26.500512
chama,Pleistocene,26.500512
spisula,Pleistocene,31.120863
mulinia,Pleistocene,31.120863
mulinia,Pleistocene,31.120863
mulinia,Pleistocene,31.120863
mulinia,Pleistocene,31.120863
mulinia,Pleistocene,31.120863
mulinia,Pleistocene,31.120863
mulinia,Pleistocene,31.120863
mulinia,Pleistocene,31.120863
mulinia,Pleistocene,31.120863
crepidula,Pleistocene,26.7135
noetia,Pleistocene,31.120863
crepidula,Pleistocene,26.7135
chama,Pleistocene,33.82152
chama,Pleistocene,33.82152
chama,Pleistocene,33.82152
chama,Pleistocene,33.82152
chama,Pleistocene,33.82152
cyclocardia,Pleistocene,33.82152
astarte,Pleistocene,34.198641
noetia,Pleistocene,26.793546
noetia,Pleistocene,26.793546
noetia,Pleistocene,26.793546
mulinia,Pleistocene,26.793546
crepidula,Pleistocene,26.7402
crepidula,Pleistocene,26.7402
crepidula,Pleistocene,26.793546
chama,Pleistocene,26.7454
chama,Pleistocene,26.7454
noetia,Pleistocene,26.7454
noetia,Pleistocene,26.7454
chama,Pleistocene,34.198641
astarte,Pleistocene,34.198641
spisula,Pleistocene,34.198641
crepidula,Pleistocene,34.198641
crepidula,Pleistocene,34.198641
crepidula,Pleistocene,29.8759
crepidula,Pleistocene,29.8759
mulinia,Pleistocene,26.987334
chama,Pleistocene,26.384706
chama,Pleistocene,26.384706
chama,Pleistocene,26.384706
mulinia,Pleistocene,33.7141
crepidula,Pleistocene,33.7141
spisula,Pleistocene,33.7141
noetia,Pleistocene,33.7141
cyclocardia,Pleistocene,34.198641
chama,Pleistocene,34.198641
astarte,Pleistocene,34.198641
astarte,Pleistocene,34.198641
noetia,Pleistocene,26.500512
chama,Pleistocene,26.7135
chama,Pleistocene,26.7135
parvilucina,Pleistocene,26.7135
crepidula,Pleistocene,26.7135
chama,Pleistocene,26.780479
chama,Pleistocene,26.780479
chama,Pleistocene,26.780479
chama,Pleistocene,26.780479
noetia,Pleistocene,26.659514
noetia,Pleistocene,26.659514
noetia,Pleistocene,26.659514
noetia,Pleistocene,26.384706
noetia,Pleistocene,26.384706
noetia,Pleistocene,26.384706
noetia,Pleistocene,26.384706
chama,Pleistocene,26.733905
chama,Pleistocene,26.733905
noetia,Pleistocene,26.733905
parvilucina,Pleistocene,29.5849
crepidula,Pleistocene,29.5849
parvilucina,Pleistocene,29.5849
noetia,Pleistocene,29.5849
crepidula,Pleistocene,29.5849
crepidula,Pleistocene,29.5849
chama,Pleistocene,27.1708
crepidula,Pleistocene,26.714952
noetia,Pleistocene,26.500512
noetia,Pleistocene,26.500512
crepidula,Pleistocene,26.759819
chama,Pleistocene,26.568421
noetia,Pleistocene,28.45048
mulinia,Pleistocene,28.45048
mulinia,Pleistocene,26.500512
crepidula,Pleistocene,29.332711
crepidula,Pleistocene,26.914014
noetia,Pleistocene,26.914014
mulinia,Pleistocene,26.914014
crepidula,Pleistocene,26.914014
crepidula,Pleistocene,26.472352
crepidula,Pleistocene,26.472352
mulinia,Pleistocene,26.472352
chama,Pleistocene,26.472352
chama,Pleistocene,26.472352
chama,Pleistocene,26.472352
crepidula,Pleistocene,26.568421
crepidula,Pleistocene,26.568421
noetia,Pleistocene,29.162987
crepidula,Pleistocene,29.162987
mulinia,Pleistocene,29.162987
crepidula,Pleistocene,29.162987
crepidula,Pleistocene,26.705166
crepidula,Pleistocene,26.759819
chama,Pleistocene,27.038599
mulinia,Pleistocene,28.068492
crepidula,Pleistocene,27.0941
noetia,Pleistocene,27.047708
noetia,Pleistocene,27.047708
crepidula,Pleistocene,27.047708
noetia,Pleistocene,27.047708
crepidula,Pleistocene,27.047708
mulinia,Pleistocene,28.068355
crepidula,Pleistocene,28.068492
noetia,Pleistocene,29.474776
noetia,Pleistocene,29.474776
mulinia,Pleistocene,29.474776
mulinia,Pleistocene,29.474776
crepidula,Pleistocene,26.757903
chama,Pleistocene,26.759819
crepidula,Pleistocene,26.759819
crepidula,Pleistocene,26.759819
crepidula,Pleistocene,29.481989
crepidula,Pleistocene,29.481989
noetia,Pleistocene,27.192969
crepidula,Pleistocene,27.056207
chama,Pleistocene,26.7135
mulinia,Pleistocene,26.7135
noetia,Pleistocene,26.7135
chama,Pleistocene,26.659514
mulinia,Pleistocene,26.659514
parvilucina,Pleistocene,26.659514
mulinia,Pleistocene,26.659514
chama,Pleistocene,26.7135
chama,Pleistocene,26.7135
mulinia,Pleistocene,26.7135
noetia,Pleistocene,29.697247
mulinia,Pleistocene,29.697247
crepidula,Pleistocene,26.7462
mulinia,Pleistocene,26.7462
crepidula,Pleistocene,26.7462
crepidula,Pleistocene,29.294543
parvilucina,Pleistocene,29.294543
parvilucina,Pleistocene,29.294543
crepidula,Pleistocene,29.294543
noetia,Pleistocene,29.294543
crepidula,Pleistocene,29.294543
modiolus,Pleistocene,26.852167
noetia,Pleistocene,26.852167
noetia,Pleistocene,26.852167
chama,Pleistocene,27.0439
chama,Pleistocene,29.294543
chama,Pleistocene,29.294543
chama,Pleistocene,29.294543
chama,Pleistocene,26.9679
chama,Pleistocene,26.9679
chama,Pleistocene,26.7135
crepidula,Pleistocene,26.7135
crepidula,Pleistocene,26.7135
crepidula,Pleistocene,26.7135
crepidula,Pleistocene,27.0941
chama,Pleistocene,27.0941
noetia,Pleistocene,27.0941
crepidula,Pleistocene,27.0941
chama,Pleistocene,27.0941
crepidula,Pleistocene,27.0941
crepidula,Pleistocene,27.0941
chama,Pleistocene,27.0941
chama,Pleistocene,26.698198
mulinia,Pleistocene,29.482366
noetia,Pleistocene,29.482366
noetia,Pleistocene,27.678391
crepidula,Pleistocene,27.678391
crepidula,Pleistocene,27.678391
mulinia,Pleistocene,27.678391
parvilucina,Pleistocene,26.7483
parvilucina,Pleistocene,26.7483
mulinia,Pleistocene,26.7483
crepidula,Pleistocene,26.7483
crepidula,Pleistocene,26.7483
crepidula,Pleistocene,26.7483
crepidula,Pleistocene,26.35639
crepidula,Pleistocene,26.35639
chama,Pleistocene,26.35639
crepidula,Pleistocene,26.35639
crepidula,Pleistocene,26.35639
crepidula,Pleistocene,26.35639
chama,Pleistocene,26.35639
chama,Pleistocene,26.35639
parvilucina,Pleistocene,26.35639
crepidula,Pleistocene,26.35639
crepidula,Pleistocene,26.35639
crepidula,Pleistocene,26.35639
chama,Pleistocene,26.35639
chama,Pleistocene,26.35639
parvilucina,Pleistocene,26.35639
parvilucina,Pleistocene,26.35639
chama,Pleistocene,26.35639
crepidula,Pleistocene,26.35639
crepidula,Pleistocene,26.35639
crepidula,Pleistocene,26.35639
parvilucina,Pleistocene,26.35639
chama,Pleistocene,26.35639
modiolus,Pleistocene,26.35639
chama,Pleistocene,26.35639
parvilucina,Pleistocene,26.35639
crepidula,Pleistocene,26.35639
crepidula,Pleistocene,26.35639
crepidula,Pleistocene,26.35639
crepidula,Pleistocene,26.943163
chama,Pleistocene,26.708467
chama,Pleistocene,26.708467
chama,Pleistocene,26.708467
chama,Pleistocene,26.396467
chama,Pleistocene,26.708467
chama,Pleistocene,26.708467
chama,Pleistocene,26.396467
chama,Pleistocene,26.396467
chama,Pleistocene,26.708467
chama,Pleistocene,26.780984
chama,Pleistocene,26.780984
noetia,Pleistocene,26.780984
chama,Pleistocene,26.780984
chama,Pleistocene,26.500512
mulinia,Pleistocene,27.15746
parvilucina,Pleistocene,27.15746
crepidula,Pleistocene,27.15746
crepidula,Pleistocene,27.15746
crepidula,Pleistocene,26.852167
crepidula,Pleistocene,26.852167
crepidula,Pleistocene,26.852167
chama,Pleistocene,26.733905
noetia,Pleistocene,27.05696
noetia,Pleistocene,27.05696
parvilucina,Pleistocene,27.05696
parvilucina,Pleistocene,27.05696
parvilucina,Pleistocene,27.05696
crepidula,Pleistocene,27.05696
crepidula,Pleistocene,27.05696
parvilucina,Pleistocene,27.05696
parvilucina,Pleistocene,27.05696
parvilucina,Pleistocene,27.05696
parvilucina,Pleistocene,27.05696
parvilucina,Pleistocene,27.05696
parvilucina,Pleistocene,27.05696
noetia,Pleistocene,27.05696
crepidula,Pleistocene,27.05696
crepidula,Pleistocene,27.05696
noetia,Pleistocene,27.05696
chama,Pleistocene,27.05696
parvilucina,Pleistocene,27.05696
chama,Pleistocene,26.358593
chama,Pleistocene,26.358593
noetia,Pleistocene,26.35639
crepidula,Pleistocene,26.35639
noetia,Pleistocene,26.35639
chama,Pleistocene,26.35639
chama,Pleistocene,26.35639
crepidula,Pleistocene,26.35639
crepidula,Pleistocene,26.35639
crepidula,Pleistocene,26.6837
chama,Pleistocene,26.6837
chama,Pleistocene,26.6837
crepidula,Pleistocene,26.568421
noetia,Pleistocene,26.568421
chama,Pleistocene,26.568421
crepidula,Pleistocene,26.9679
crepidula,Pleistocene,26.9679
chama,Pleistocene,26.9679
chama,Pleistocene,26.9679
modiolus,Pleistocene,26.9679
noetia,Pleistocene,26.653037
crepidula,Pleistocene,26.653037
mulinia,Pleistocene,26.427418
crepidula,Pleistocene,26.427418
noetia,Pleistocene,26.653646
crepidula,Pleistocene,26.788779
crepidula,Pleistocene,26.788779
crepidula,Pleistocene,26.7749
spisula,Pleistocene,33.82152
crepidula,Pleistocene,33.82152
crepidula,Pleistocene,33.82152
parvilucina,Pleistocene,26.35639
noetia,Pleistocene,33.82152
noetia,Pleistocene,33.82152
noetia,Pleistocene,33.82152
spisula,Pleistocene,33.82152
crepidula,Pleistocene,33.82152
crepidula,Pleistocene,33.82152
parvilucina,Pleistocene,26.35639
parvilucina,Pleistocene,26.35639
parvilucina,Pleistocene,26.35639
parvilucina,Pleistocene,26.35639
parvilucina,Pleistocene,26.35639
parvilucina,Pleistocene,26.35639
parvilucina,Pleistocene,26.35639
chama,Pleistocene,33.82152
mulinia,Pleistocene,26.765403
crepidula,Pleistocene,26.9679
crepidula,Pleistocene,26.9679
crepidula,Pleistocene,26.384706
crepidula,Pleistocene,26.384706
crepidula,Pleistocene,26.6837
parvilucina,Pleistocene,26.35639
parvilucina,Pleistocene,26.35639
parvilucina,Pleistocene,26.35639
chama,Pleistocene,26.35639
parvilucina,Pleistocene,26.35639
crepidula,Pleistocene,26.35639
parvilucina,Pleistocene,26.35639
crepidula,Pleistocene,26.35639
crepidula,Pleistocene,26.35639
crepidula,Pleistocene,26.35639
parvilucina,Pleistocene,26.35639
parvilucina,Pleistocene,26.35639
crepidula,Pleistocene,33.886442
crepidula,Pleistocene,33.886442
crepidula,Pleistocene,33.886442
crepidula,Pleistocene,33.886442
mulinia,Pleistocene,35.0426
crepidula,Pleistocene,35.0426
mulinia,Pleistocene,35.0426
noetia,Pleistocene,35.0426
crepidula,Pleistocene,35.0426
astarte,Pleistocene,36.831365
astarte,Pleistocene,33.886442
astarte,Pleistocene,33.886442
crepidula,Pleistocene,36.790118
crepidula,Pleistocene,35.057
mulinia,Pleistocene,35.057
parvilucina,Pleistocene,35.057
noetia,Pleistocene,35.057
crepidula,Pleistocene,35.057
crepidula,Pleistocene,33.9876
chama,Pleistocene,33.9876
cyclocardia,Pleistocene,33.9876
mulinia,Pleistocene,33.9876
crepidula,Pleistocene,33.9876
mulinia,Pleistocene,33.9876
spisula,Pleistocene,33.9876
parvilucina,Pleistocene,34.982062
crepidula,Pleistocene,34.982062
crepidula,Pleistocene,34.982062
cyclocardia,Pleistocene,34.195865
crepidula,Pleistocene,34.982062
mulinia,Pleistocene,34.982062
astarte,Pleistocene,34.198641
astarte,Pleistocene,34.198641
astarte,Pleistocene,34.198641
astarte,Pleistocene,34.198641
astarte,Pleistocene,34.198641
astarte,Pleistocene,34.198641
crepidula,Pleistocene,34.198641
crepidula,Pleistocene,34.198641
crepidula,Pleistocene,34.198641
crepidula,Pleistocene,34.198641
chama,Pleistocene,33.886442
noetia,Pleistocene,36.790118
noetia,Pleistocene,34.198641
crepidula,Pleistocene,26.733905
crepidula,Pleistocene,26.733905
modiolus,Pleistocene,26.35639
modiolus,Pleistocene,26.35639
noetia,Pleistocene,26.609391
chama,Pleistocene,26.747289
noetia,Pleistocene,35.0426
noetia,Pleistocene,35.0426
mulinia,Pleistocene,35.057
mulinia,Pleistocene,35.057
mulinia,Pleistocene,35.057
mulinia,Pleistocene,35.057
mulinia,Pleistocene,35.057
mulinia,Pleistocene,35.057
mulinia,Pleistocene,35.057
mulinia,Pleistocene,35.057
noetia,Pleistocene,34.982062
mulinia,Pleistocene,34.982062
mulinia,Pleistocene,34.982062
mulinia,Pleistocene,34.982062
mulinia,Pleistocene,34.982062
mulinia,Pleistocene,34.982062
mulinia,Pleistocene,34.982062
mulinia,Pleistocene,34.982062
mulinia,Pleistocene,34.982062
mulinia,Pleistocene,34.982062
mulinia,Pleistocene,34.982062
crepidula,Pleistocene,35.057
mulinia,Pleistocene,35.057
mulinia,Pleistocene,35.057
mulinia,Pleistocene,35.057
mulinia,Pleistocene,35.057
mulinia,Pleistocene,35.057
mulinia,Pleistocene,35.057
mulinia,Pleistocene,35.057
mulinia,Pleistocene,35.057
mulinia,Pleistocene,35.057
mulinia,Pleistocene,35.057
mulinia,Pleistocene,35.057
mulinia,Pleistocene,35.057
mulinia,Pleistocene,35.057
mulinia,Pleistocene,35.057
mulinia,Pleistocene,35.057
chama,Pleistocene,26.7462
mulinia,Pleistocene,26.7462
parvilucina,Pleistocene,26.7462
crepidula,Pleistocene,26.7462
noetia,Pleistocene,32.6953
crepidula,Pleistocene,32.6953
crepidula,Pleistocene,28.804374
crepidula,Pleistocene,28.804374
mulinia,Pleistocene,28.804374
parvilucina,Pleistocene,28.804374
mulinia,Pleistocene,27.648334
crepidula,Pleistocene,27.648334
noetia,Pleistocene,27.648334
mulinia,Pleistocene,27.648334
crepidula,Pleistocene,27.648334
noetia,Pleistocene,27.648334
mulinia,Pleistocene,27.648334
crepidula,Pleistocene,27.648334
mulinia,Pleistocene,27.648334
modiolus,Pleistocene,26.6837
mulinia,Pleistocene,26.780479
modiolus,Pleistocene,26.780479
crepidula,Pleistocene,26.35895
crepidula,Pleistocene,26.35895
chama,Pleistocene,26.35895
crepidula,Pleistocene,26.35895
crepidula,Pleistocene,26.35895
crepidula,Pleistocene,26.35895
chama,Pleistocene,26.35895
crepidula,Pleistocene,26.35895
crepidula,Pleistocene,26.35895
crepidula,Pleistocene,26.7749
chama,Pleistocene,26.7749
crepidula,Pleistocene,26.7462
crepidula,Pleistocene,26.7462
astarte,Pleistocene,34.561863
spisula,Pleistocene,34.561863
cyclocardia,Pleistocene,34.561863
noetia,Pleistocene,34.561863
noetia,Pleistocene,29.697247
noetia,Pleistocene,29.697247
noetia,Pleistocene,29.697247
crepidula,Pleistocene,29.697247
crepidula,Pleistocene,26.500512
chama,Pleistocene,26.500512
chama,Pleistocene,26.500512
chama,Pleistocene,26.500512
chama,Pleistocene,26.500512
chama,Pleistocene,26.500512
noetia,Pleistocene,26.780479
chama,Pleistocene,26.358593
crepidula,Pleistocene,26.358593
mulinia,Pleistocene,34.198641
chama,Pleistocene,34.198641
parvilucina,Pleistocene,34.352642
astarte,Pleistocene,34.352642
mulinia,Pleistocene,34.352642
astarte,Pleistocene,34.352642
noetia,Pleistocene,34.352642
noetia,Pleistocene,26.357456
noetia,Pleistocene,26.7946
noetia,Pleistocene,26.7946
noetia,Pleistocene,26.7946
noetia,Pleistocene,26.7946
chama,Pleistocene,26.609391
chama,Pleistocene,26.609391
chama,Pleistocene,33.82152
chama,Pleistocene,33.82152
chama,Pleistocene,26.753952
chama,Pleistocene,26.659514
noetia,Pleistocene,26.659514
chama,Pleistocene,26.659514
modiolus,Pleistocene,26.659514
chama,Pleistocene,26.659514
noetia,Pleistocene,26.659514
noetia,Pleistocene,26.659514
crepidula,Pleistocene,26.659514
crepidula,Pleistocene,26.659514
crepidula,Pleistocene,28.804374
mulinia,Pleistocene,28.804374
mulinia,Pleistocene,26.750024
crepidula,Pleistocene,26.753952
chama,Pleistocene,27.05696
crepidula,Pleistocene,27.05696
modiolus,Pleistocene,25.792615
noetia,Pleistocene,27.4472
crepidula,Pleistocene,27.4472
chama,Pleistocene,26.7946
chama,Pleistocene,26.7946
mulinia,Pleistocene,26.7749
crepidula,Pleistocene,27.05696
chama,Pleistocene,27.05696
noetia,Pleistocene,26.500512
mulinia,Pleistocene,29.697247
crepidula,Pleistocene,29.697247
cyclocardia,Pleistocene,33.820618
chama,Pleistocene,26.8145
crepidula,Pleistocene,26.737684
chama,Pleistocene,26.737684
crepidula,Pleistocene,26.737684
crepidula,Pleistocene,26.737684
parvilucina,Pleistocene,26.737684
chama,Pleistocene,33.820618
chama,Pleistocene,33.820618
spisula,Pleistocene,33.886442
spisula,Pleistocene,33.886442
chama,Pleistocene,33.820618
chama,Pleistocene,33.820618
cyclocardia,Pleistocene,33.886442
cyclocardia,Pleistocene,33.820618
parvilucina,Pleistocene,33.886442
cyclocardia,Pleistocene,33.886442
cyclocardia,Pleistocene,33.886442
chama,Pleistocene,27.201965
chama,Pleistocene,27.201965
parvilucina,Pleistocene,27.201965
chama,Pleistocene,27.201965
chama,Pleistocene,27.201965
crepidula,Pleistocene,27.201965
chama,Pleistocene,26.765957
chama,Pleistocene,33.820618
noetia,Pleistocene,33.820618
cyclocardia,Pleistocene,33.820618
parvilucina,Pleistocene,26.788351
chama,Pleistocene,26.788351
chama,Pleistocene,33.820618
parvilucina,Pleistocene,26.765957
chama,Pleistocene,34.198641
astarte,Pleistocene,34.198641
chama,Pleistocene,33.820618
chama,Pleistocene,33.820618
chama,Pleistocene,33.820618
astarte,Pleistocene,33.820618
mulinia,Pleistocene,33.820618
cyclocardia,Pleistocene,33.820618
chama,Pleistocene,33.820618
chama,Pleistocene,33.820618
crepidula,Pleistocene,33.761946
crepidula,Pleistocene,33.761946
parvilucina,Pleistocene,33.761946
mulinia,Pleistocene,33.761946
crepidula,Pleistocene,33.761946
spisula,Pleistocene,33.761946
chama,Pleistocene,33.820618
chama,Pleistocene,33.820618
chama,Pleistocene,33.820618
cyclocardia,Pleistocene,33.820618
chama,Pleistocene,34.198641
spisula,Pleistocene,33.761946
astarte,Pleistocene,34.198641
astarte,Pleistocene,34.198641
astarte,Pleistocene,34.198641
astarte,Pleistocene,34.198641
astarte,Pleistocene,34.198641
chama,Pleistocene,33.820618
noetia,Pleistocene,33.886442
spisula,Pleistocene,33.886442
astarte,Pleistocene,33.886442
chama,Pleistocene,26.745145
chama,Pleistocene,26.745145
chama,Pleistocene,26.745145
cyclocardia,Pleistocene,33.820618
astarte,Pleistocene,34.198641
astarte,Pleistocene,34.198641
chama,Pleistocene,34.198641
crepidula,Pleistocene,33.886442
mulinia,Pleistocene,33.886442
chama,Pleistocene,26.745145
spisula,Pleistocene,33.886442
spisula,Pleistocene,34.198641
crepidula,Pleistocene,33.820618
spisula,Pleistocene,33.886442
mulinia,Pleistocene,34.116314
noetia,Pleistocene,34.116314
chama,Pleistocene,33.820618
chama,Pleistocene,33.820618
chama,Pleistocene,33.820618
chama,Pleistocene,33.820618
chama,Pleistocene,33.820618
chama,Pleistocene,33.820618
chama,Pleistocene,33.820618
chama,Pleistocene,33.820618
chama,Pleistocene,33.820618
chama,Pleistocene,33.820618
chama,Pleistocene,33.820618
chama,Pleistocene,33.820618
chama,Pleistocene,33.820618
chama,Pleistocene,33.820618
chama,Pleistocene,33.820618
chama,Pleistocene,33.820618
chama,Pleistocene,33.820618
chama,Pleistocene,33.820618
chama,Pleistocene,33.820618
chama,Pleistocene,33.820618
chama,Pleistocene,33.820618
chama,Pleistocene,33.820618
chama,Pleistocene,33.820618
chama,Pleistocene,33.820618
chama,Pleistocene,33.820618
chama,Pleistocene,33.820618
chama,Pleistocene,33.820618
chama,Pleistocene,33.820618
chama,Pleistocene,33.820618
chama,Pleistocene,33.820618
chama,Pleistocene,33.820618
chama,Pleistocene,33.820618
chama,Pleistocene,33.820618
chama,Pleistocene,33.820618
mulinia,Pleistocene,33.820618
spisula,Pleistocene,34.116314
spisula,Pleistocene,34.116314
crepidula,Pleistocene,33.899438
chama,Pleistocene,33.899438
astarte,Pleistocene,34.445885
astarte,Pleistocene,34.445885
spisula,Pleistocene,33.82624
crepidula,Pleistocene,33.886442
cyclocardia,Pleistocene,33.886442
crepidula,Pleistocene,33.886442
cyclocardia,Pleistocene,33.82595
crepidula,Pleistocene,33.82595
chama,Pleistocene,33.82595
crepidula,Pleistocene,33.886442
crepidula,Pleistocene,33.820618
crepidula,Pleistocene,34.325451
crepidula,Pleistocene,34.445885
crepidula,Pleistocene,34.059008
crepidula,Pleistocene,34.116314
crepidula,Pleistocene,33.886442
crepidula,Pleistocene,34.445885
crepidula,Pleistocene,33.886442
cyclocardia,Pleistocene,33.886442
chama,Pleistocene,26.745145
astarte,Pleistocene,33.886442
mulinia,Pleistocene,33.886442
cyclocardia,Pleistocene,33.886442
cyclocardia,Pleistocene,33.886442
crepidula,Pleistocene,33.886442
cyclocardia,Pleistocene,34.325451
cyclocardia,Pleistocene,34.116314
crepidula,Pleistocene,34.116314
crepidula,Pleistocene,34.116314
crepidula,Pleistocene,26.768477
cyclocardia,Pleistocene,34.198641
crepidula,Pleistocene,34.198641
cyclocardia,Pleistocene,33.82595
noetia,Pleistocene,34.00656
chama,Pleistocene,26.733905
parvilucina,Pleistocene,26.963722
noetia,Pleistocene,26.789011
crepidula,Pleistocene,26.967466
crepidula,Pleistocene,34.445885
chama,Pleistocene,33.886442
cyclocardia,Pleistocene,34.116314
crepidula,Pleistocene,34.116314
crepidula,Pleistocene,26.808512
crepidula,Pleistocene,33.820618
noetia,Pleistocene,26.963722
parvilucina,Pleistocene,26.964128
cyclocardia,Pleistocene,33.783408
chama,Pleistocene,33.821127
cyclocardia,Pleistocene,33.821127
noetia,Pleistocene,26.967466
spisula,Pleistocene,33.825827
chama,Pleistocene,33.864416
spisula,Pleistocene,33.781677
crepidula,Pleistocene,26.788351
crepidula,Pleistocene,26.788351
crepidula,Pleistocene,27.078259
chama,Pleistocene,26.745145
crepidula,Pleistocene,26.963382
crepidula,Pleistocene,26.963382
crepidula,Pleistocene,26.808512
chama,Pleistocene,26.788947
chama,Pleistocene,26.751356
crepidula,Pleistocene,26.963382
crepidula,Pleistocene,26.963382
spisula,Pleistocene,33.761151
crepidula,Pleistocene,33.761429
noetia,Pleistocene,33.761429
chama,Pleistocene,33.761429
crepidula,Pleistocene,33.761429
noetia,Pleistocene,33.657776
noetia,Pleistocene,33.793196
astarte,Pleistocene,33.822296
crepidula,Pleistocene,34.198641
mulinia,Pleistocene,27.8346
mulinia,Pleistocene,26.948883
mulinia,Pleistocene,26.751356
mulinia,Pleistocene,26.745083
crepidula,Pleistocene,34.198641
crepidula,Pleistocene,34.198641
crepidula,Pleistocene,34.198641
crepidula,Pleistocene,33.820618
mulinia,Pleistocene,26.963722
mulinia,Pleistocene,26.964128
mulinia,Pleistocene,26.948883
mulinia,Pleistocene,33.886442
crepidula,Pleistocene,32.822576
mulinia,Pleistocene,34.116314
crepidula,Pleistocene,33.761946
crepidula,Pleistocene,33.761946
mulinia,Pleistocene,34.445885
mulinia,Pleistocene,34.116314
mulinia,Pleistocene,34.116314
mulinia,Pleistocene,33.82595
spisula,Pleistocene,33.770462
mulinia,Pleistocene,35.074704
crepidula,Pleistocene,33.820618
crepidula,Pleistocene,33.820618
crepidula,Pleistocene,33.820618
spisula,Pleistocene,33.820618
crepidula,Pleistocene,33.820618
mulinia,Pleistocene,33.886442
cyclocardia,Pleistocene,33.821127
chama,Pleistocene,33.821127
astarte,Pleistocene,34.198641
chama,Pleistocene,34.116314
mulinia,Pleistocene,33.820618
mulinia,Pleistocene,33.820618
crepidula,Pleistocene,34.116314
crepidula,Pleistocene,33.820618
crepidula,Pleistocene,33.820618
crepidula,Pleistocene,33.886442
parvilucina,Pleistocene,33.899438
parvilucina,Pleistocene,33.82595
astarte,Pleistocene,33.770462
parvilucina,Pleistocene,33.794678
parvilucina,Pleistocene,34.198641
crepidula,Pleistocene,33.886442
mulinia,Pleistocene,33.886442
crepidula,Pleistocene,33.886442
crepidula,Pleistocene,26.967466
crepidula,Pleistocene,33.820618
crepidula,Pleistocene,35.063718
mulinia,Pleistocene,26.743702
crepidula,Pleistocene,33.761946
crepidula,Pleistocene,27.078259
crepidula,Pleistocene,34.404873
astarte,Pleistocene,33.886442
astarte,Pleistocene,34.445885
astarte,Pleistocene,34.325451
astarte,Pleistocene,33.886442
astarte,Pleistocene,33.886442
astarte,Pleistocene,33.886442
astarte,Pleistocene,33.770462
astarte,Pleistocene,33.82595
astarte,Pleistocene,33.82595
astarte,Pleistocene,33.899438
spisula,Pleistocene,33.761151
mulinia,Pleistocene,34.116314
spisula,Pleistocene,34.116314
astarte,Pleistocene,33.820618
crepidula,Pleistocene,33.82595
crepidula,Pleistocene,33.799145
crepidula,Pleistocene,33.793196
crepidula,Pleistocene,33.821127
mulinia,Pleistocene,33.821127
mulinia,Pleistocene,33.799145
mulinia,Pleistocene,33.930761
noetia,Pleistocene,33.930761
chama,Pleistocene,34.198641
mulinia,Pleistocene,35.072947
crepidula,Pleistocene,33.855065
crepidula,Pleistocene,33.886442
crepidula,Pleistocene,33.886442
spisula,Pleistocene,33.886442
crepidula,Pleistocene,34.116314
crepidula,Pleistocene,34.116314
astarte,Pleistocene,33.822296
crepidula,Pleistocene,34.445885
spisula,Pleistocene,34.059008
mulinia,Pleistocene,33.761946
mulinia,Pleistocene,26.757358
noetia,Pleistocene,26.789023
chama,Pleistocene,26.788955
noetia,Pleistocene,26.788955
noetia,Pleistocene,26.789023
chama,Pleistocene,33.930761
spisula,Pleistocene,33.930761
cyclocardia,Pleistocene,33.930761
chama,Pleistocene,33.930761
cyclocardia,Pleistocene,33.930761
mulinia,Pleistocene,33.930761
crepidula,Pleistocene,33.930761
chama,Pleistocene,33.930761
astarte,Pleistocene,33.930761
crepidula,Pleistocene,33.930761
spisula,Pleistocene,33.930761
crepidula,Pleistocene,33.930761
noetia,Pleistocene,33.930761
crepidula,Pleistocene,33.930761
astarte,Pleistocene,26.963382
crepidula,Pleistocene,29.024357
noetia,Pleistocene,29.021734
noetia,Pleistocene,29.021734
crepidula,Pleistocene,29.021734
crepidula,Pleistocene,29.021734
parvilucina,Pleistocene,29.021734
chama,Pleistocene,29.021734
chama,Pleistocene,25.817807
mulinia,Pleistocene,34.059008
parvilucina,Pleistocene,26.963722
chama,Pleistocene,26.963722
mulinia,Pleistocene,33.930761
chama,Pleistocene,26.767037
mulinia,Pleistocene,26.767037
chama,Pleistocene,26.767037
mulinia,Pleistocene,26.767037
parvilucina,Pleistocene,33.793196
chama,Pleistocene,26.766297
chama,Pleistocene,26.766297
crepidula,Pleistocene,33.886442
crepidula,Pleistocene,33.886442
mulinia,Pleistocene,26.733905
mulinia,Pleistocene,29.021734
mulinia,Pleistocene,29.021734
noetia,Pleistocene,29.021734
crepidula,Pleistocene,29.021734
mulinia,Pleistocene,29.024357
noetia,Pleistocene,29.024357
mulinia,Pleistocene,29.024357
crepidula,Pleistocene,26.781694
chama,Pleistocene,26.751356
crepidula,Pleistocene,26.963522
crepidula,Pleistocene,33.886442
crepidula,Pleistocene,35.063718
crepidula,Pleistocene,35.063718
crepidula,Pleistocene,26.765545
crepidula,Pleistocene,33.761151
crepidula,Pleistocene,34.116314
spisula,Pleistocene,33.793196
crepidula,Pleistocene,33.986498
cyclocardia,Pleistocene,26.803827
chama,Pleistocene,26.803827
modiolus,Pleistocene,33.820618
mulinia,Pleistocene,26.715597
crepidula,Pleistocene,33.886442
cyclocardia,Pleistocene,34.351818
noetia,Pleistocene,33.864416
noetia,Pleistocene,33.825827
noetia,Pleistocene,34.198641
noetia,Pleistocene,33.886442
noetia,Pleistocene,33.855065
noetia,Pleistocene,35.072947
noetia,Pleistocene,33.82595
noetia,Pleistocene,33.820618
noetia,Pleistocene,33.825827
spisula,Pleistocene,27.891775
spisula,Pleistocene,32.822576
mulinia,Pleistocene,33.766825
chama,Pleistocene,33.864416
noetia,Pleistocene,33.761429
noetia,Pleistocene,33.761429
noetia,Pleistocene,33.761429
noetia,Pleistocene,33.761429
noetia,Pleistocene,33.886442
noetia,Pleistocene,33.886442
noetia,Pleistocene,33.886442
noetia,Pleistocene,34.116314
noetia,Pleistocene,34.116314
noetia,Pleistocene,34.116314
noetia,Pleistocene,33.886442
noetia,Pleistocene,33.886442
noetia,Pleistocene,33.886442
noetia,Pleistocene,33.886442
chama,Pleistocene,26.803827
chama,Pleistocene,33.886442
chama,Pleistocene,26.765593
mulinia,Pleistocene,33.886442
astarte,Pleistocene,33.886442
crepidula,Pleistocene,33.886442
cyclocardia,Pleistocene,33.886442
cyclocardia,Pleistocene,33.886442
crepidula,Pleistocene,33.820618
crepidula,Pleistocene,33.820618
crepidula,Pleistocene,33.820618
crepidula,Pleistocene,33.820618
crepidula,Pleistocene,33.820618
crepidula,Pleistocene,33.820618
crepidula,Pleistocene,33.820618
crepidula,Pleistocene,33.820618
crepidula,Pleistocene,33.820618
crepidula,Pleistocene,33.820618
crepidula,Pleistocene,33.820618
crepidula,Pleistocene,33.820618
crepidula,Pleistocene,33.820618
crepidula,Pleistocene,33.820618
chama,Pleistocene,35.063718
chama,Pleistocene,33.825827
chama,Pleistocene,26.733905
chama,Pleistocene,26.965954
chama,Pleistocene,26.965954
chama,Pleistocene,26.964128
chama,Pleistocene,26.965954
noetia,Pleistocene,34.116314
noetia,Pleistocene,34.445885
chama,Pleistocene,34.445885
crepidula,Pleistocene,26.884339
noetia,Pleistocene,35.063718
chama,Pleistocene,33.761429
cyclocardia,Pleistocene,33.899438
cyclocardia,Pleistocene,33.899438
chama,Pleistocene,33.82595
chama,Pleistocene,33.82595
chama,Pleistocene,33.886442
chama,Pleistocene,33.886442
chama,Pleistocene,33.886442
chama,Pleistocene,33.886442
chama,Pleistocene,33.886442
chama,Pleistocene,33.886442
crepidula,Pleistocene,33.761429
chama,Pleistocene,34.325451
chama,Pleistocene,26.765957
chama,Pleistocene,26.788351
chama,Pleistocene,26.788351
chama,Pleistocene,26.803827
chama,Pleistocene,26.964128
chama,Pleistocene,33.821127
chama,Pleistocene,33.770462
chama,Pleistocene,33.770462
chama,Pleistocene,26.733905
chama,Pleistocene,34.198641
chama,Pleistocene,33.886442
noetia,Pleistocene,33.822296
chama,Pleistocene,26.733905
chama,Pleistocene,26.745145
noetia,Pleistocene,33.82624
noetia,Pleistocene,33.820618
noetia,Pleistocene,35.063718
crepidula,Pleistocene,33.864416
crepidula,Pleistocene,33.886442
crepidula,Pleistocene,33.886442
crepidula,Pleistocene,33.886442
crepidula,Pleistocene,33.886442
crepidula,Pleistocene,33.886442
spisula,Pleistocene,33.886442
chama,Pleistocene,33.886442
parvilucina,Pleistocene,26.765545
parvilucina,Pleistocene,26.964128
spisula,Pleistocene,33.761151
spisula,Pleistocene,34.116314
parvilucina,Pleistocene,33.821127
chama,Pleistocene,26.7461
chama,Pleistocene,26.7461
cyclocardia,Pleistocene,33.82595
crepidula,Pleistocene,33.761946
cyclocardia,Pleistocene,33.820618
crepidula,Pleistocene,33.820618
noetia,Pleistocene,33.820618
crepidula,Pleistocene,26.967706
crepidula,Pleistocene,26.967706
crepidula,Pleistocene,33.930761
astarte,Pleistocene,33.930761
chama,Pleistocene,33.930761
mulinia,Pleistocene,33.930761
crepidula,Pleistocene,33.930761
astarte,Pleistocene,33.930761
parvilucina,Pleistocene,33.820618
noetia,Pleistocene,28.375618
mulinia,Pleistocene,28.375618
chama,Pleistocene,26.788947
modiolus,Pleistocene,26.967466
crepidula,Pleistocene,27.0934
parvilucina,Pleistocene,27.0934
noetia,Pleistocene,27.0934
noetia,Pleistocene,27.0934
crepidula,Pleistocene,27.0934
crepidula,Pleistocene,26.834068
noetia,Pleistocene,33.761946
noetia,Pleistocene,34.198641
noetia,Pleistocene,27.891775
noetia,Pleistocene,28.375618
noetia,Pleistocene,33.761429
noetia,Pleistocene,33.766825
noetia,Pleistocene,34.059008
noetia,Pleistocene,34.059008
noetia,Pleistocene,33.886442
noetia,Pleistocene,33.886442
noetia,Pleistocene,26.972303
noetia,Pleistocene,33.820618
noetia,Pleistocene,33.886442
noetia,Pleistocene,26.967466
noetia,Pleistocene,28.375618
noetia,Pleistocene,27.952987
noetia,Pleistocene,35.063718
noetia,Pleistocene,33.886442
noetia,Pleistocene,26.963722
noetia,Pleistocene,26.967706
noetia,Pleistocene,33.761429
noetia,Pleistocene,26.886716
noetia,Pleistocene,33.886442
noetia,Pleistocene,33.886442
noetia,Pleistocene,33.886442
noetia,Pleistocene,34.561863
noetia,Pleistocene,26.788351
noetia,Pleistocene,26.749249
noetia,Pleistocene,26.789011
noetia,Pleistocene,26.963382
noetia,Pleistocene,26.789011
chama,Pleistocene,34.392965
noetia,Pleistocene,33.793196
noetia,Pleistocene,33.793196
noetia,Pleistocene,33.82595
parvilucina,Pleistocene,34.198641
parvilucina,Pleistocene,35.074704
parvilucina,Pleistocene,26.972303
noetia,Pleistocene,34.116314
noetia,Pleistocene,27.952987
noetia,Pleistocene,34.198641
noetia,Pleistocene,35.063718
noetia,Pleistocene,33.82624
noetia,Pleistocene,26.788955
noetia,Pleistocene,33.82595
noetia,Pleistocene,27.148921
noetia,Pleistocene,34.198641
crepidula,Pleistocene,26.984872
chama,Pleistocene,26.984872
crepidula,Pleistocene,26.976678
noetia,Pleistocene,26.976678
crepidula,Pleistocene,26.976678
mulinia,Pleistocene,27.5256
crepidula,Pleistocene,27.5256
noetia,Pleistocene,27.5256
parvilucina,Pleistocene,33.886442
cyclocardia,Pleistocene,33.886442
astarte,Pleistocene,33.886442
crepidula,Pleistocene,33.886442
astarte,Pleistocene,33.886442
parvilucina,Pleistocene,33.82595
modiolus,Pleistocene,26.967706
parvilucina,Pleistocene,26.984872
crepidula,Pleistocene,27.5256
crepidula,Pleistocene,27.5256
spisula,Pleistocene,27.5256
crepidula,Pleistocene,27.5256
crepidula,Pleistocene,27.5256
noetia,Pleistocene,33.820618
noetia,Pleistocene,33.761946
crepidula,Pleistocene,33.761946
parvilucina,Pleistocene,33.761946
crepidula,Pleistocene,33.761946
crepidula,Pleistocene,33.761946
chama,Pleistocene,26.757358
spisula,Pleistocene,31.915917
mulinia,Pleistocene,31.915917
parvilucina,Pleistocene,31.915917
parvilucina,Pleistocene,27.5256
spisula,Pleistocene,27.5256
mulinia,Pleistocene,27.5256
mulinia,Pleistocene,27.5256
spisula,Pleistocene,33.886442
chama,Pleistocene,26.765403
mulinia,Pleistocene,26.765403
crepidula,Pleistocene,26.765403
mulinia,Pleistocene,27.8346
parvilucina,Pleistocene,27.8346
chama,Pleistocene,27.8346
mulinia,Pleistocene,27.4404
mulinia,Pleistocene,27.4404
mulinia,Pleistocene,27.4404
mulinia,Pleistocene,27.4404
mulinia,Pleistocene,27.4404
mulinia,Pleistocene,27.4404
mulinia,Pleistocene,27.4404
mulinia,Pleistocene,27.4404
mulinia,Pleistocene,27.4404
mulinia,Pleistocene,27.4404
mulinia,Pleistocene,27.4404
crepidula,Pleistocene,33.930761
cyclocardia,Pleistocene,33.930761
chama,Pleistocene,33.930761
parvilucina,Pleistocene,33.930761
noetia,Pleistocene,33.930761
crepidula,Pleistocene,33.930761
chama,Pleistocene,33.930761
chama,Pleistocene,33.930761
cyclocardia,Pleistocene,33.930761
mulinia,Pleistocene,28.410068
noetia,Pleistocene,26.912553
crepidula,Pleistocene,26.912553
crepidula,Pleistocene,26.912553
noetia,Pleistocene,26.912553
noetia,Pleistocene,26.912553
mulinia,Pleistocene,26.912553
mulinia,Pleistocene,26.912553
mulinia,Pleistocene,26.912553
crepidula,Pleistocene,26.912553
spisula,Pleistocene,26.912553
parvilucina,Pleistocene,26.912553
crepidula,Pleistocene,26.912553
modiolus,Pleistocene,25.792615
chama,Pleistocene,25.792615
crepidula,Pleistocene,25.792615
parvilucina,Pleistocene,33.886442
noetia,Pleistocene,25.817807
chama,Pleistocene,25.817807
chama,Pleistocene,25.817807
crepidula,Pleistocene,26.500512
crepidula,Pleistocene,25.817807
mulinia,Pleistocene,26.500512
mulinia,Pleistocene,26.733905
noetia,Pleistocene,26.52805
crepidula,Pleistocene,26.568421
crepidula,Pleistocene,26.568421
chama,Pleistocene,26.568421
chama,Pleistocene,26.52805
mulinia,Pleistocene,26.52805
mulinia,Pleistocene,26.733905
chama,Pleistocene,26.733905
parvilucina,Pleistocene,26.733905
noetia,Pleistocene,27.4472
crepidula,Pleistocene,27.4472
mulinia,Pleistocene,27.4472
parvilucina,Pleistocene,26.753952
noetia,Pleistocene,26.753952
mulinia,Pleistocene,26.753952
mulinia,Pleistocene,26.753952
crepidula,Pleistocene,26.753952
mulinia,Pleistocene,27.4472
noetia,Pleistocene,27.683787
crepidula,Pleistocene,26.358593
chama,Pleistocene,26.472352
chama,Pleistocene,27.050637
noetia,Pleistocene,27.050637
chama,Pleistocene,27.050637
chama,Pleistocene,27.050637
noetia,Pleistocene,27.050637
chama,Pleistocene,27.050192
noetia,Pleistocene,27.050192
noetia,Pleistocene,27.050192
parvilucina,Pleistocene,26.500512
mulinia,Pleistocene,29.87891
mulinia,Pleistocene,29.87891
crepidula,Pleistocene,29.87891
mulinia,Pleistocene,29.87891
crepidula,Pleistocene,29.87891
crepidula,Pleistocene,29.87891
parvilucina,Pleistocene,29.87891
mulinia,Pleistocene,29.87891
noetia,Pleistocene,29.87891
crepidula,Pleistocene,26.7402
chama,Pleistocene,26.735583
parvilucina,Pleistocene,26.735583
mulinia,Pleistocene,26.500512
crepidula,Pleistocene,27.733
crepidula,Pleistocene,27.733
parvilucina,Pleistocene,27.7375
crepidula,Pleistocene,27.7375
noetia,Pleistocene,27.733
crepidula,Pleistocene,26.7886
crepidula,Pleistocene,26.7886
noetia,Pleistocene,26.780479
noetia,Pleistocene,26.786961
chama,Pleistocene,26.786961
mulinia,Pleistocene,26.786961
noetia,Pleistocene,26.683145
crepidula,Pleistocene,26.683145
chama,Pleistocene,26.683145
chama,Pleistocene,26.683145
noetia,Pleistocene,26.683145
spisula,Pleistocene,26.7749
chama,Pleistocene,26.7749
noetia,Pleistocene,26.7749
crepidula,Pleistocene,26.7749
crepidula,Pleistocene,26.7749
mulinia,Pleistocene,26.7749
chama,Pleistocene,27.055408
chama,Pleistocene,26.884339
chama,Pleistocene,26.884339
chama,Pleistocene,26.884339
chama,Pleistocene,26.427418
chama,Pleistocene,26.9679
mulinia,Pleistocene,26.659514
chama,Pleistocene,26.3632
chama,Pleistocene,26.683145
chama,Pleistocene,26.471977
chama,Pleistocene,26.733905
chama,Pleistocene,26.733905
chama,Pleistocene,26.786961
chama,Pleistocene,26.472352
chama,Pleistocene,26.472352
mulinia,Pleistocene,26.786961
crepidula,Pleistocene,26.786961
crepidula,Pleistocene,26.733905
noetia,Pleistocene,26.500512
chama,Pleistocene,27.69662
chama,Pleistocene,26.750024
crepidula,Pleistocene,26.52805
crepidula,Pleistocene,27.7009
crepidula,Pleistocene,27.7009
parvilucina,Pleistocene,27.7009
parvilucina,Pleistocene,27.7009
mulinia,Pleistocene,27.7009
crepidula,Pleistocene,27.5246
crepidula,Pleistocene,27.69662
crepidula,Pleistocene,27.69662
chama,Pleistocene,27.69662
parvilucina,Pleistocene,27.7009
crepidula,Pleistocene,27.5256
crepidula,Pleistocene,27.5256
noetia,Pleistocene,27.5256
spisula,Pleistocene,27.5256
mulinia,Pleistocene,26.793142
crepidula,Pleistocene,26.683145
crepidula,Pleistocene,26.683145
noetia,Pleistocene,26.786961
noetia,Pleistocene,26.786961
modiolus,Pleistocene,26.683145
noetia,Pleistocene,26.683145
noetia,Pleistocene,26.659514
noetia,Pleistocene,26.659514
crepidula,Pleistocene,35.344367
astarte,Pleistocene,35.344367
cyclocardia,Pleistocene,35.344367
crepidula,Pleistocene,35.344367
mulinia,Pleistocene,35.344367
chama,Pleistocene,26.770515
chama,Pleistocene,26.683145
chama,Pleistocene,26.683145
chama,Pleistocene,26.683145
chama,Pleistocene,26.683145
chama,Pleistocene,26.683145
chama,Pleistocene,26.765443
mulinia,Pleistocene,26.659514
chama,Pleistocene,26.733905
chama,Pleistocene,26.756815
parvilucina,Pleistocene,28.683825
noetia,Pleistocene,28.683825
mulinia,Pleistocene,28.683825
mulinia,Pleistocene,28.683825
mulinia,Pleistocene,28.683825
mulinia,Pleistocene,28.683825
mulinia,Pleistocene,28.683825
mulinia,Pleistocene,28.683825
crepidula,Pleistocene,28.863753
parvilucina,Pleistocene,28.863753
mulinia,Pleistocene,28.863753
crepidula,Pleistocene,28.863753
mulinia,Pleistocene,28.863753
parvilucina,Pleistocene,26.74415
noetia,Pleistocene,27.014265
modiolus,Pleistocene,27.014265
crepidula,Pleistocene,27.014265
crepidula,Pleistocene,27.014265
crepidula,Pleistocene,27.014265
parvilucina,Pleistocene,27.014265
chama,Pleistocene,26.3632
parvilucina,Pleistocene,26.95065
crepidula,Pleistocene,26.95065
parvilucina,Pleistocene,27.02274
crepidula,Pleistocene,27.055408
parvilucina,Pleistocene,27.055408
parvilucina,Pleistocene,26.35639
chama,Pleistocene,27.055408
noetia,Pleistocene,27.055408
chama,Pleistocene,27.055408
mulinia,Pleistocene,26.767115
mulinia,Pleistocene,26.786961
modiolus,Pleistocene,26.683145
mulinia,Pleistocene,26.733905
mulinia,Pleistocene,26.733905
mulinia,Pleistocene,26.7883
chama,Pleistocene,26.3632
chama,Pleistocene,26.3632
chama,Pleistocene,27.014265
parvilucina,Pleistocene,27.014265
parvilucina,Pleistocene,27.014265
parvilucina,Pleistocene,28.03096
chama,Pleistocene,26.3632
noetia,Pleistocene,27.02274
chama,Pleistocene,27.02274
crepidula,Pleistocene,26.95065
modiolus,Pleistocene,26.95065
crepidula,Pleistocene,26.95065
parvilucina,Pleistocene,26.95065
chama,Pleistocene,26.95065
noetia,Pleistocene,26.95065
crepidula,Pleistocene,27.02274
cyclocardia,Pleistocene,34.561863
mulinia,Pleistocene,34.561863
mulinia,Pleistocene,34.561863
mulinia,Pleistocene,34.561863
mulinia,Pleistocene,34.561863
crepidula,Pleistocene,34.561863
noetia,Pleistocene,34.561863
cyclocardia,Pleistocene,34.561863
astarte,Pleistocene,34.561863
crepidula,Pleistocene,34.561863
mulinia,Pleistocene,34.561863
parvilucina,Pleistocene,34.561863
mulinia,Pleistocene,34.561863
mulinia,Pleistocene,34.561863
crepidula,Pleistocene,34.561863
noetia,Pleistocene,34.561863
spisula,Pleistocene,34.561863
mulinia,Pleistocene,34.561863
crepidula,Pleistocene,34.561863
crepidula,Pleistocene,34.561863
cyclocardia,Pleistocene,34.561863
crepidula,Pleistocene,34.561863
noetia,Pleistocene,34.561863
crepidula,Pleistocene,34.561863
astarte,Pleistocene,34.561863
crepidula,Pleistocene,34.561863
crepidula,Pleistocene,34.561863
noetia,Pleistocene,34.561863
modiolus,Pleistocene,26.35639
chama,Pleistocene,26.35639
chama,Pleistocene,26.35639
chama,Pleistocene,26.733905
chama,Pleistocene,26.733905
chama,Pleistocene,26.733905
crepidula,Pleistocene,26.733905
astarte,Pleistocene,34.198641
astarte,Pleistocene,34.198641
cyclocardia,Pleistocene,34.198641
chama,Pleistocene,34.198641
chama,Pleistocene,34.198641
noetia,Pleistocene,34.198641
noetia,Pleistocene,34.198641
chama,Pleistocene,34.198641
crepidula,Pleistocene,34.198641
crepidula,Pleistocene,34.198641
mulinia,Pleistocene,34.198641
chama,Pleistocene,34.198641
cyclocardia,Pleistocene,34.198641
parvilucina,Pleistocene,34.198641
chama,Pleistocene,34.198641
mulinia,Pleistocene,34.198641
crepidula,Pleistocene,34.198641
mulinia,Pleistocene,34.198641
mulinia,Pleistocene,27.539559
mulinia,Pleistocene,27.539559
mulinia,Pleistocene,27.539559
mulinia,Pleistocene,27.539559
mulinia,Pleistocene,27.539559
mulinia,Pleistocene,27.539559
mulinia,Pleistocene,27.539559
mulinia,Pleistocene,27.539559
mulinia,Pleistocene,27.539559
mulinia,Pleistocene,27.539559
mulinia,Pleistocene,27.539559
mulinia,Pleistocene,27.539559
mulinia,Pleistocene,27.539559
mulinia,Pleistocene,27.539559
mulinia,Pleistocene,27.539559
mulinia,Pleistocene,27.539559
mulinia,Pleistocene,27.539559
mulinia,Pleistocene,27.539559
mulinia,Pleistocene,27.539559
mulinia,Pleistocene,27.539559
mulinia,Pleistocene,27.539559
mulinia,Pleistocene,27.539559
mulinia,Pleistocene,27.539559
mulinia,Pleistocene,27.539559
mulinia,Pleistocene,27.539559
mulinia,Pleistocene,27.539559
mulinia,Pleistocene,27.539559
mulinia,Pleistocene,27.539559
mulinia,Pleistocene,27.539559
mulinia,Pleistocene,27.539559
mulinia,Pleistocene,27.539559
mulinia,Pleistocene,27.539559
mulinia,Pleistocene,27.539559
mulinia,Pleistocene,27.539559
mulinia,Pleistocene,27.539559
mulinia,Pleistocene,27.539559
mulinia,Pleistocene,27.539559
mulinia,Pleistocene,27.539559
mulinia,Pleistocene,27.539559
mulinia,Pleistocene,27.539559
mulinia,Pleistocene,27.539559
mulinia,Pleistocene,27.539559
mulinia,Pleistocene,27.539559
mulinia,Pleistocene,27.539559
mulinia,Pleistocene,27.539559
mulinia,Pleistocene,27.539559
mulinia,Pleistocene,27.539559
mulinia,Pleistocene,27.539559
mulinia,Pleistocene,27.539559
mulinia,Pleistocene,27.539559
mulinia,Pleistocene,27.539559
mulinia,Pleistocene,27.539559
mulinia,Pleistocene,27.539559
mulinia,Pleistocene,27.539559
mulinia,Pleistocene,27.539559
mulinia,Pleistocene,27.539559
mulinia,Pleistocene,27.539559
mulinia,Pleistocene,27.539559
mulinia,Pleistocene,27.539559
mulinia,Pleistocene,27.539559
mulinia,Pleistocene,27.539559
mulinia,Pleistocene,27.539559
mulinia,Pleistocene,27.539559
mulinia,Pleistocene,27.539559
mulinia,Pleistocene,27.539559
mulinia,Pleistocene,27.539559
mulinia,Pleistocene,27.539559
mulinia,Pleistocene,27.539559
mulinia,Pleistocene,27.539559
mulinia,Pleistocene,27.539559
mulinia,Pleistocene,27.539559
mulinia,Pleistocene,27.539559
mulinia,Pleistocene,27.539559
mulinia,Pleistocene,27.539559
mulinia,Pleistocene,27.539559
mulinia,Pleistocene,27.539559
mulinia,Pleistocene,27.539559
mulinia,Pleistocene,27.539559
mulinia,Pleistocene,27.539559
mulinia,Pleistocene,27.539559
mulinia,Pleistocene,27.539559
mulinia,Pleistocene,27.539559
mulinia,Pleistocene,27.539559
mulinia,Pleistocene,27.539559
mulinia,Pleistocene,27.539559
mulinia,Pleistocene,27.539559
mulinia,Pleistocene,27.539559
mulinia,Pleistocene,27.539559
mulinia,Pleistocene,27.539559
mulinia,Pleistocene,27.539559
mulinia,Pleistocene,27.539559
mulinia,Pleistocene,27.539559
mulinia,Pleistocene,27.539559
mulinia,Pleistocene,27.539559
mulinia,Pleistocene,27.539559
mulinia,Pleistocene,27.539559
mulinia,Pleistocene,27.539559
mulinia,Pleistocene,27.539559
mulinia,Pleistocene,27.539559
mulinia,Pleistocene,27.539559
mulinia,Pleistocene,27.539559
mulinia,Pleistocene,27.539559
mulinia,Pleistocene,27.539559
mulinia,Pleistocene,27.539559
mulinia,Pleistocene,27.539559
mulinia,Pleistocene,27.539559
mulinia,Pleistocene,27.539559
mulinia,Pleistocene,27.539559
mulinia,Pleistocene,27.539559
mulinia,Pleistocene,27.539559
mulinia,Pleistocene,27.539559
mulinia,Pleistocene,27.539559
mulinia,Pleistocene,27.539559
mulinia,Pleistocene,27.539559
mulinia,Pleistocene,27.539559
mulinia,Pleistocene,27.539559
mulinia,Pleistocene,27.539559
mulinia,Pleistocene,27.539559
mulinia,Pleistocene,27.539559
mulinia,Pleistocene,27.539559
mulinia,Pleistocene,27.539559
mulinia,Pleistocene,27.539559
mulinia,Pleistocene,27.539559
mulinia,Pleistocene,27.539559
mulinia,Pleistocene,27.539559
mulinia,Pleistocene,27.539559
mulinia,Pleistocene,27.539559
mulinia,Pleistocene,27.539559
mulinia,Pleistocene,27.539559
mulinia,Pleistocene,27.539559
mulinia,Pleistocene,27.539559
mulinia,Pleistocene,27.539559
mulinia,Pleistocene,27.539559
mulinia,Pleistocene,27.539559
mulinia,Pleistocene,27.539559
mulinia,Pleistocene,27.539559
mulinia,Pleistocene,27.539559
mulinia,Pleistocene,27.539559
mulinia,Pleistocene,27.539559
mulinia,Pleistocene,27.539559
mulinia,Pleistocene,27.539559
mulinia,Pleistocene,27.539559
mulinia,Pleistocene,27.539559
mulinia,Pleistocene,27.539559
mulinia,Pleistocene,27.539559
mulinia,Pleistocene,27.539559
mulinia,Pleistocene,27.539559
mulinia,Pleistocene,27.539559
mulinia,Pleistocene,27.539559
mulinia,Pleistocene,27.539559
mulinia,Pleistocene,27.539559
mulinia,Pleistocene,27.539559
mulinia,Pleistocene,27.539559
mulinia,Pleistocene,27.539559
mulinia,Pleistocene,27.539559
mulinia,Pleistocene,27.539559
mulinia,Pleistocene,27.539559
mulinia,Pleistocene,27.539559
mulinia,Pleistocene,27.539559
mulinia,Pleistocene,27.539559
mulinia,Pleistocene,27.539559
mulinia,Pleistocene,27.539559
mulinia,Pleistocene,27.539559
mulinia,Pleistocene,27.539559
mulinia,Pleistocene,27.539559
mulinia,Pleistocene,27.539559
mulinia,Pleistocene,27.539559
mulinia,Pleistocene,27.539559
mulinia,Pleistocene,27.539559
mulinia,Pleistocene,27.539559
mulinia,Pleistocene,27.539559
mulinia,Pleistocene,27.539559
mulinia,Pleistocene,27.539559
mulinia,Pleistocene,27.539559
mulinia,Pleistocene,27.539559
mulinia,Pleistocene,27.539559
mulinia,Pleistocene,27.539559
mulinia,Pleistocene,27.539559
mulinia,Pleistocene,27.539559
mulinia,Pleistocene,27.539559
mulinia,Pleistocene,27.539559
mulinia,Pleistocene,27.539559
mulinia,Pleistocene,27.539559
mulinia,Pleistocene,27.539559
mulinia,Pleistocene,27.539559
mulinia,Pleistocene,27.539559
mulinia,Pleistocene,27.539559
mulinia,Pleistocene,27.539559
mulinia,Pleistocene,27.539559
mulinia,Pleistocene,27.539559
mulinia,Pleistocene,27.539559
mulinia,Pleistocene,27.539559
mulinia,Pleistocene,27.539559
mulinia,Pleistocene,27.539559
mulinia,Pleistocene,27.539559
mulinia,Pleistocene,27.539559
mulinia,Pleistocene,27.539559
mulinia,Pleistocene,27.539559
mulinia,Pleistocene,27.539559
mulinia,Pleistocene,27.539559
mulinia,Pleistocene,27.539559
mulinia,Pleistocene,27.539559
mulinia,Pleistocene,27.539559
mulinia,Pleistocene,27.539559
mulinia,Pleistocene,27.539559
mulinia,Pleistocene,27.539559
mulinia,Pleistocene,27.539559
mulinia,Pleistocene,27.539559
mulinia,Pleistocene,27.539559
mulinia,Pleistocene,27.539559
mulinia,Pleistocene,27.539559
mulinia,Pleistocene,27.539559
mulinia,Pleistocene,27.539559
mulinia,Pleistocene,27.539559
mulinia,Pleistocene,27.539559
mulinia,Pleistocene,27.539559
mulinia,Pleistocene,27.539559
mulinia,Pleistocene,27.539559
mulinia,Pleistocene,27.539559
mulinia,Pleistocene,27.539559
mulinia,Pleistocene,27.539559
mulinia,Pleistocene,27.539559
mulinia,Pleistocene,27.539559
mulinia,Pleistocene,27.539559
mulinia,Pleistocene,27.539559
mulinia,Pleistocene,27.539559
mulinia,Pleistocene,27.539559
mulinia,Pleistocene,27.539559
mulinia,Pleistocene,27.539559
mulinia,Pleistocene,27.539559
mulinia,Pleistocene,27.539559
mulinia,Pleistocene,27.539559
mulinia,Pleistocene,27.539559
mulinia,Pleistocene,27.539559
mulinia,Pleistocene,27.539559
mulinia,Pleistocene,27.539559
mulinia,Pleistocene,27.539559
mulinia,Pleistocene,27.539559
mulinia,Pleistocene,27.539559
mulinia,Pleistocene,27.539559
mulinia,Pleistocene,27.539559
mulinia,Pleistocene,27.539559
mulinia,Pleistocene,27.539559
mulinia,Pleistocene,27.539559
mulinia,Pleistocene,27.539559
mulinia,Pleistocene,27.539559
mulinia,Pleistocene,27.539559
mulinia,Pleistocene,27.539559
mulinia,Pleistocene,27.539559
mulinia,Pleistocene,27.539559
mulinia,Pleistocene,27.539559
mulinia,Pleistocene,27.539559
mulinia,Pleistocene,27.539559
mulinia,Pleistocene,27.539559
mulinia,Pleistocene,27.539559
mulinia,Pleistocene,27.539559
mulinia,Pleistocene,27.539559
mulinia,Pleistocene,27.539559
mulinia,Pleistocene,27.539559
mulinia,Pleistocene,27.539559
mulinia,Pleistocene,27.539559
mulinia,Pleistocene,27.539559
mulinia,Pleistocene,27.539559
mulinia,Pleistocene,27.539559
mulinia,Pleistocene,27.539559
mulinia,Pleistocene,27.539559
mulinia,Pleistocene,27.539559
mulinia,Pleistocene,27.539559
mulinia,Pleistocene,27.539559
mulinia,Pleistocene,27.539559
mulinia,Pleistocene,27.539559
mulinia,Pleistocene,27.539559
mulinia,Pleistocene,27.539559
mulinia,Pleistocene,27.539559
mulinia,Pleistocene,27.539559
mulinia,Pleistocene,27.539559
mulinia,Pleistocene,27.539559
mulinia,Pleistocene,27.539559
mulinia,Pleistocene,27.539559
mulinia,Pleistocene,27.539559
mulinia,Pleistocene,27.539559
mulinia,Pleistocene,27.539559
mulinia,Pleistocene,27.539559
mulinia,Pleistocene,27.539559
mulinia,Pleistocene,27.539559
mulinia,Pleistocene,27.539559
mulinia,Pleistocene,27.539559
mulinia,Pleistocene,27.539559
mulinia,Pleistocene,27.539559
mulinia,Pleistocene,27.539559
mulinia,Pleistocene,27.539559
mulinia,Pleistocene,27.539559
mulinia,Pleistocene,27.539559
mulinia,Pleistocene,27.539559
mulinia,Pleistocene,27.539559
mulinia,Pleistocene,27.539559
mulinia,Pleistocene,27.539559
mulinia,Pleistocene,27.539559
mulinia,Pleistocene,27.539559
mulinia,Pleistocene,27.539559
mulinia,Pleistocene,27.539559
crepidula,Pleistocene,27.539559
noetia,Pleistocene,27.539559
noetia,Pleistocene,27.539559
noetia,Pleistocene,27.539559
noetia,Pleistocene,27.539559
noetia,Pleistocene,27.539559
noetia,Pleistocene,27.539559
noetia,Pleistocene,27.539559
noetia,Pleistocene,27.539559
noetia,Pleistocene,27.539559
spisula,Pleistocene,27.539559
noetia,Pleistocene,27.7009
crepidula,Pleistocene,27.366642
crepidula,Pleistocene,27.366642
crepidula,Pleistocene,27.366642
crepidula,Pleistocene,27.366642
crepidula,Pleistocene,27.366642
mulinia,Pleistocene,36.854377
parvilucina,Pleistocene,36.854377
noetia,Pleistocene,36.854377
crepidula,Pleistocene,36.854377
crepidula,Pleistocene,36.854377
crepidula,Pleistocene,36.854377
crepidula,Pleistocene,36.854377
mulinia,Pleistocene,36.795465
spisula,Pleistocene,36.795465
astarte,Pleistocene,36.831365
spisula,Pleistocene,36.831365
mulinia,Pleistocene,36.831365
crepidula,Pleistocene,36.831365
crepidula,Pleistocene,36.831365
crepidula,Pleistocene,36.790118
crepidula,Pleistocene,36.790118
crepidula,Pleistocene,36.790118
noetia,Pleistocene,36.790118
spisula,Pleistocene,36.790118
mulinia,Pleistocene,36.790118
parvilucina,Pleistocene,36.790118
noetia,Pleistocene,36.790118
mulinia,Pleistocene,36.790118
spisula,Pleistocene,36.790118
mulinia,Pleistocene,36.854377
mulinia,Pleistocene,36.854377
chama,Pleistocene,27.8346
crepidula,Pleistocene,27.8346
mulinia,Pleistocene,27.8346
mulinia,Pleistocene,27.8346
mulinia,Pleistocene,27.8346
chama,Pleistocene,27.8346
chama,Pleistocene,27.8346
chama,Pleistocene,27.8346
crepidula,Pleistocene,27.8346
crepidula,Pleistocene,27.8346
astarte,Pleistocene,27.8346
crepidula,Pleistocene,27.8346
crepidula,Pleistocene,27.8346
crepidula,Pleistocene,27.8346
crepidula,Pleistocene,27.8346
chama,Pleistocene,27.8346
chama,Pleistocene,27.8346
mulinia,Pleistocene,27.8346
crepidula,Pleistocene,27.842851
crepidula,Pleistocene,27.842851
crepidula,Pleistocene,26.95065
chama,Pleistocene,27.633726
noetia,Pleistocene,27.633726
chama,Pleistocene,27.633726
crepidula,Pleistocene,27.633726
crepidula,Pleistocene,34.982062
crepidula,Pleistocene,34.982062
parvilucina,Pleistocene,34.982062
noetia,Pleistocene,34.982062
mulinia,Pleistocene,34.982062
mulinia,Pleistocene,34.982062
chama,Pleistocene,26.765443
chama,Pleistocene,26.765443
crepidula,Pleistocene,26.765443
mulinia,Pleistocene,26.765443
mulinia,Pleistocene,26.765443
chama,Pleistocene,26.963382
spisula,Pleistocene,36.783802
crepidula,Pleistocene,36.790118
crepidula,Pleistocene,36.790118
crepidula,Pleistocene,36.790118
spisula,Pleistocene,36.790118
mulinia,Pleistocene,36.790118
spisula,Pleistocene,36.790118
noetia,Pleistocene,36.790118
mulinia,Pleistocene,34.982062
mulinia,Pleistocene,34.982062
mulinia,Pleistocene,35.603216
crepidula,Pleistocene,33.983267
mulinia,Pleistocene,33.983267
spisula,Pleistocene,33.983267
mulinia,Pleistocene,33.983267
noetia,Pleistocene,33.983267
astarte,Pleistocene,33.983267
cyclocardia,Pleistocene,33.983267
spisula,Pleistocene,36.783802
modiolus,Pleistocene,36.790118
modiolus,Pleistocene,36.790118
modiolus,Pleistocene,36.790118
crepidula,Pleistocene,35.0426
crepidula,Pleistocene,35.0426
crepidula,Pleistocene,34.94005
crepidula,Pleistocene,34.94005
spisula,Pleistocene,34.94005
noetia,Pleistocene,34.94005
mulinia,Pleistocene,34.94005
chama,Pleistocene,34.94005
noetia,Pleistocene,36.790118
crepidula,Pleistocene,36.790118
modiolus,Pleistocene,36.790118
crepidula,Pleistocene,36.790118
crepidula,Pleistocene,36.790118
mulinia,Pleistocene,36.790118
parvilucina,Pleistocene,36.827498
mulinia,Pleistocene,33.739748
cyclocardia,Pleistocene,33.739748
noetia,Pleistocene,33.739748
noetia,Pleistocene,33.886442
crepidula,Pleistocene,33.886442
mulinia,Pleistocene,33.886442
astarte,Pleistocene,33.886442
spisula,Pleistocene,35.344367
parvilucina,Pleistocene,35.344367
parvilucina,Pleistocene,33.886442
spisula,Pleistocene,36.790118
mulinia,Pleistocene,36.790118
crepidula,Pleistocene,33.886442
astarte,Pleistocene,35.344367
crepidula,Pleistocene,35.344367
modiolus,Pleistocene,35.344367
astarte,Pleistocene,35.344367
crepidula,Pleistocene,35.344367
mulinia,Pleistocene,35.344367
astarte,Pleistocene,35.344367
cyclocardia,Pleistocene,33.886442
astarte,Pleistocene,34.325451
spisula,Pleistocene,34.325451
crepidula,Pleistocene,34.325451
mulinia,Pleistocene,34.325451
crepidula,Pleistocene,34.325451
cyclocardia,Pleistocene,34.325451
crepidula,Pleistocene,34.325451
cyclocardia,Pleistocene,34.325451
astarte,Pleistocene,34.325451
parvilucina,Pleistocene,34.325451
astarte,Pleistocene,34.325451
crepidula,Pleistocene,34.325451
mulinia,Pleistocene,34.325451
chama,Pleistocene,34.325451
parvilucina,Pleistocene,34.325451
chama,Pleistocene,34.325451
cyclocardia,Pleistocene,35.344367
astarte,Pleistocene,35.344367
crepidula,Pleistocene,35.344367
crepidula,Pleistocene,35.344367
cyclocardia,Pleistocene,35.344367
crepidula,Pleistocene,35.344367
noetia,Pleistocene,35.344367
mulinia,Pleistocene,36.790118
noetia,Pleistocene,26.963382
crepidula,Pleistocene,35.344367
mulinia,Pleistocene,36.790118
mulinia,Pleistocene,36.790118
crepidula,Pleistocene,35.344367
astarte,Pleistocene,35.344367
astarte,Pleistocene,35.344367
cyclocardia,Pleistocene,35.344367
noetia,Pleistocene,35.344367
cyclocardia,Pleistocene,35.344367
crepidula,Pleistocene,35.344367
cyclocardia,Pleistocene,35.344367
modiolus,Pleistocene,35.344367
crepidula,Pleistocene,35.344367
chesapecten,Pleistocene,35.344367
astarte,Pleistocene,34.325451
mulinia,Pleistocene,34.982062
mulinia,Pleistocene,36.790118
crepidula,Pleistocene,36.790118
mulinia,Pleistocene,36.790118
spisula,Pleistocene,33.9333
chama,Pleistocene,34.198641
noetia,Pleistocene,30.700246
modiolus,Pleistocene,30.700246
crepidula,Pleistocene,28.398101
crepidula,Pleistocene,28.398101
mulinia,Pleistocene,36.790118
mulinia,Pleistocene,28.398101
parvilucina,Pleistocene,28.398101
parvilucina,Pleistocene,28.398101
noetia,Pleistocene,28.398101
chama,Pleistocene,28.398101
spisula,Pleistocene,36.745581
spisula,Pleistocene,36.745581
spisula,Pleistocene,36.745581
spisula,Pleistocene,36.745581
spisula,Pleistocene,36.745581
spisula,Pleistocene,36.745581
spisula,Pleistocene,36.745581
spisula,Pleistocene,36.745581
spisula,Pleistocene,36.745581
spisula,Pleistocene,36.745581
spisula,Pleistocene,36.745581
spisula,Pleistocene,36.745581
spisula,Pleistocene,36.745581
spisula,Pleistocene,36.745581
spisula,Pleistocene,36.745581
spisula,Pleistocene,36.745581
spisula,Pleistocene,36.745581
spisula,Pleistocene,36.745581
spisula,Pleistocene,36.745581
spisula,Pleistocene,36.745581
spisula,Pleistocene,36.745581
spisula,Pleistocene,36.745581
spisula,Pleistocene,36.745581
spisula,Pleistocene,36.745581
spisula,Pleistocene,36.745581
spisula,Pleistocene,36.745581
spisula,Pleistocene,36.745581
spisula,Pleistocene,36.745581
spisula,Pleistocene,36.745581
spisula,Pleistocene,36.745581
spisula,Pleistocene,36.745581
spisula,Pleistocene,36.745581
spisula,Pleistocene,36.745581
chama,Pleistocene,26.95065
crepidula,Pleistocene,26.95065
chama,Pleistocene,26.95065
modiolus,Pleistocene,26.95065
chama,Pleistocene,26.95065
chama,Pleistocene,26.95065
crepidula,Pleistocene,26.95065
crepidula,Pleistocene,26.95065
chama,Pleistocene,26.95065
modiolus,Pleistocene,26.95065
crepidula,Pleistocene,26.95065
chama,Pleistocene,26.95065
noetia,Pleistocene,26.95065
crepidula,Pleistocene,26.95065
noetia,Pleistocene,26.95065
crepidula,Pleistocene,26.95065
crepidula,Pleistocene,26.95065
crepidula,Pleistocene,26.95065
noetia,Pleistocene,26.95065
crepidula,Pleistocene,26.95065
chama,Pleistocene,26.95065
noetia,Pleistocene,26.95065
crepidula,Pleistocene,26.95065
crepidula,Pleistocene,26.95065
chama,Pleistocene,26.95065
chama,Pleistocene,26.95065
chama,Pleistocene,26.95065
chama,Pleistocene,26.95065
crepidula,Pleistocene,26.95065
crepidula,Pleistocene,26.95065
noetia,Pleistocene,26.95065
parvilucina,Pleistocene,26.95065
chama,Pleistocene,26.95065
crepidula,Pleistocene,26.95065
noetia,Pleistocene,26.95065
chama,Pleistocene,26.95065
chama,Pleistocene,26.95065
chama,Pleistocene,26.95065
noetia,Pleistocene,26.95065
crepidula,Pleistocene,26.95065
parvilucina,Pleistocene,26.95065
parvilucina,Pleistocene,26.95065
mulinia,Pleistocene,29.256349
crepidula,Pleistocene,29.256349
noetia,Pleistocene,29.256349
chama,Pleistocene,24.694556
chama,Pleistocene,24.694556
chama,Pleistocene,24.694556
chama,Pleistocene,24.694556
crepidula,Pleistocene,27.575417
crepidula,Pleistocene,27.575417
mulinia,Pleistocene,27.575417
crepidula,Pleistocene,27.575417
crepidula,Pleistocene,29.697247
noetia,Pleistocene,29.697247
mulinia,Pleistocene,29.697247
parvilucina,Pleistocene,29.697247
chama,Pleistocene,29.697247
crepidula,Pleistocene,26.310773
chama,Pleistocene,25.792615
crepidula,Pleistocene,27.69662
crepidula,Pleistocene,27.69662
crepidula,Pleistocene,27.69662
crepidula,Pleistocene,27.69662
noetia,Pleistocene,27.22852
noetia,Pleistocene,27.22852
noetia,Pleistocene,27.22852
noetia,Pleistocene,27.22852
mulinia,Pleistocene,27.22852
spisula,Pleistocene,27.575417
noetia,Pleistocene,27.22515
spisula,Pleistocene,27.539559
chama,Pleistocene,33.82152
crepidula,Pleistocene,33.82152
crepidula,Pleistocene,33.82152
crepidula,Pleistocene,33.82152
crepidula,Pleistocene,33.82152
crepidula,Pleistocene,33.82152
crepidula,Pleistocene,33.82152
astarte,Pleistocene,33.82152
chama,Pleistocene,33.82152
mulinia,Pleistocene,33.82152
chama,Pleistocene,34.198641
mulinia,Pleistocene,34.198641
noetia,Pleistocene,34.198641
chama,Pleistocene,34.198641
chama,Pleistocene,34.198641
crepidula,Pleistocene,34.198641
crepidula,Pleistocene,34.198641
chama,Pleistocene,34.198641
parvilucina,Pleistocene,34.198641
chama,Pleistocene,34.198641
cyclocardia,Pleistocene,34.198641
noetia,Pleistocene,34.198641
astarte,Pleistocene,34.198641
chama,Pleistocene,34.198641
noetia,Pleistocene,34.198641
crepidula,Pleistocene,34.20965
noetia,Pleistocene,34.20965
chama,Pleistocene,34.20965
chama,Pleistocene,34.198641
astarte,Pleistocene,34.198641
astarte,Pleistocene,34.198641
noetia,Pleistocene,34.198641
noetia,Pleistocene,34.198641
crepidula,Pleistocene,34.198641
crepidula,Pleistocene,34.198641
crepidula,Pleistocene,34.198641
noetia,Pleistocene,34.198641
chama,Pleistocene,34.198641
noetia,Pleistocene,34.198641
astarte,Pleistocene,34.198641
crepidula,Pleistocene,34.198641
crepidula,Pleistocene,33.82152
crepidula,Pleistocene,33.82152
chama,Pleistocene,33.82152
chama,Pleistocene,33.82152
mulinia,Pleistocene,33.82152
chama,Pleistocene,33.82152
parvilucina,Pleistocene,33.82152
astarte,Pleistocene,33.82152
astarte,Pleistocene,33.82152
cyclocardia,Pleistocene,33.82152
noetia,Pleistocene,33.82152
crepidula,Pleistocene,33.82152
crepidula,Pleistocene,33.82152
crepidula,Pleistocene,33.82152
crepidula,Pleistocene,33.82152
noetia,Pleistocene,33.82152
noetia,Pleistocene,33.82152
noetia,Pleistocene,33.82152
chama,Pleistocene,26.665295
parvilucina,Pleistocene,26.665295
spisula,Pleistocene,26.665295
chama,Pleistocene,26.665295
crepidula,Pleistocene,26.665295
parvilucina,Pleistocene,26.665295
mulinia,Pleistocene,26.733905
spisula,Pleistocene,36.831365
noetia,Pleistocene,33.886442
crepidula,Pleistocene,33.886442
spisula,Pleistocene,33.886442
mulinia,Pleistocene,33.886442
chama,Pleistocene,33.886442
crepidula,Pleistocene,33.886442
crepidula,Pleistocene,33.886442
cyclocardia,Pleistocene,33.886442
astarte,Pleistocene,33.886442
chama,Pleistocene,33.886442
chama,Pleistocene,33.886442
chama,Pleistocene,33.886442
crepidula,Pleistocene,33.886442
crepidula,Pleistocene,33.886442
noetia,Pleistocene,33.886442
chama,Pleistocene,33.886442
chama,Pleistocene,33.886442
crepidula,Pleistocene,33.886442
crepidula,Pleistocene,33.886442
astarte,Pleistocene,33.886442
chama,Pleistocene,33.886442
chama,Pleistocene,33.886442
crepidula,Pleistocene,33.886442
crepidula,Pleistocene,33.886442
mulinia,Pleistocene,27.63833
parvilucina,Pleistocene,27.63833
crepidula,Pleistocene,27.63833
mulinia,Pleistocene,27.63833
spisula,Pleistocene,27.63833
noetia,Pleistocene,27.63833
mulinia,Pleistocene,26.788779
parvilucina,Pleistocene,29.5849
crepidula,Pleistocene,27.649654
mulinia,Pleistocene,27.649654
noetia,Pleistocene,27.649654
mulinia,Pleistocene,27.649654
crepidula,Pleistocene,27.63833
mulinia,Pleistocene,27.63833
parvilucina,Pleistocene,26.987334
mulinia,Pleistocene,29.5849
mulinia,Pleistocene,29.5849
crepidula,Pleistocene,26.7878
mulinia,Pleistocene,26.788955
mulinia,Pleistocene,27.8346
chama,Pleistocene,26.7878
chama,Pleistocene,26.798044
noetia,Pleistocene,27.649654
mulinia,Pleistocene,27.649654
noetia,Pleistocene,27.649654
parvilucina,Pleistocene,27.649654
noetia,Pleistocene,27.649654
crepidula,Pleistocene,27.649654
mulinia,Pleistocene,27.649654
crepidula,Pleistocene,27.649654
noetia,Pleistocene,27.649654
spisula,Pleistocene,27.649654
crepidula,Pleistocene,27.649654
chama,Pleistocene,26.753067
chama,Pleistocene,26.753565
crepidula,Pleistocene,26.755976
mulinia,Pleistocene,29.481871
crepidula,Pleistocene,29.481871
crepidula,Pleistocene,27.8346
chama,Pleistocene,27.8346
mulinia,Pleistocene,33.886442
parvilucina,Pleistocene,33.886442
noetia,Pleistocene,33.886442
chama,Pleistocene,33.886442
cyclocardia,Pleistocene,33.886442
mulinia,Pleistocene,33.886442
crepidula,Pleistocene,33.886442
crepidula,Pleistocene,33.886442
crepidula,Pleistocene,33.886442
crepidula,Pleistocene,26.8823
chama,Pleistocene,26.744725
parvilucina,Pleistocene,26.765957
mulinia,Pleistocene,26.765957
mulinia,Pleistocene,26.751356
mulinia,Pleistocene,33.82152
mulinia,Pleistocene,26.745439
noetia,Pleistocene,27.059575
crepidula,Pleistocene,27.059575
crepidula,Pleistocene,27.059575
mulinia,Pleistocene,27.059575
chama,Pleistocene,26.7946
chama,Pleistocene,27.117478
