genus,age,latitude
astarte,Pliocene,26.885
chama,Pliocene,26.885
chama,Pliocene,26.885
chama,Pliocene,26.885
chesapecten,Pliocene,26.885
mulinia,Pliocene,26.885
mulinia,Pliocene,26.885
noetia,Pliocene,26.885
crepidula,Pliocene,26.885
crepidula,Pliocene,26.885
astarte,Pliocene,35.283611
cyclocardia,Pliocene,35.283611
astarte,Pliocene,35.283611
astarte,Pliocene,35.283611
cyclocardia,Pliocene,35.283611
modiolus,Pliocene,35.283611
astarte,Pliocene,35.283611
astarte,Pliocene,35.283611
cyclocardia,Pliocene,35.283611
noetia,Pliocene,35.283611
modiolus,Pliocene,35.283611
parvilucina,Pliocene,35.283611
crepidula,Pliocene,35.283611
crepidula,Pliocene,35.283611
chesapecten,Pliocene,37.232224
astarte,Pliocene,37.232224
astarte,Pliocene,37.232224
cyclocardia,Pliocene,37.232224
striarca,Pliocene,37.232224
chesapecten,Pliocene,37.232224
chesapecten,Pliocene,36.442501
chesapecten,Pliocene,36.442501
astarte,Pliocene,36.442501
chama,Pliocene,36.442501
chesapecten,Pliocene,35.384998
chesapecten,Pliocene,35.506668
astarte,Pliocene,35.506668
astarte,Pliocene,35.536667
astarte,Pliocene,34.618332
astarte,Pliocene,35.506668
astarte,Pliocene,35.506668
astarte,Pliocene,35.536667
astarte,Pliocene,35.384998
astarte,Pliocene,35.506668
astarte,Pliocene,35.506668
astarte,Pliocene,34.998055
astarte,Pliocene,34.896667
astarte,Pliocene,34.618332
astarte,Pliocene,34.496944
parvilucina,Pliocene,35.506668
parvilucina,Pliocene,34.896667
parvilucina,Pliocene,34.618332
mulinia,Pliocene,35.384998
mulinia,Pliocene,35.506668
mulinia,Pliocene,34.998055
mulinia,Pliocene,34.999443
mulinia,Pliocene,34.896667
mulinia,Pliocene,34.496944
mulinia,Pliocene,35.506668
mulinia,Pliocene,34.618332
crepidula,Pliocene,30.389168
crepidula,Pliocene,30.425556
crepidula,Pliocene,30.389168
crepidula,Pliocene,30.389168
crepidula,Pliocene,30.425556
noetia,Pliocene,30.389168
noetia,Pliocene,30.389168
noetia,Pliocene,30.425556
astarte,Pliocene,30.389168
astarte,Pliocene,30.389168
astarte,Pliocene,30.389168
astarte,Pliocene,30.389168
cyclocardia,Pliocene,30.389168
cyclocardia,Pliocene,30.972778
cyclocardia,Pliocene,30.389168
cyclocardia,Pliocene,30.425556
chama,Pliocene,30.425556
chama,Pliocene,30.389168
chama,Pliocene,30.388611
parvilucina,Pliocene,30.425556
parvilucina,Pliocene,30.389168
parvilucina,Pliocene,30.425556
parvilucina,Pliocene,30.389168
parvilucina,Pliocene,30.425556
parvilucina,Pliocene,30.388611
parvilucina,Pliocene,30.425556
parvilucina,Pliocene,30.389168
spisula,Pliocene,30.389168
spisula,Pliocene,30.425556
spisula,Pliocene,30.389168
mulinia,Pliocene,30.425556
mulinia,Pliocene,30.389168
mulinia,Pliocene,30.425556
mulinia,Pliocene,30.425556
chesapecten,Pliocene,37.514442
chama,Pliocene,37.514442
chesapecten,Pliocene,37.29361
crepidula,Pliocene,34.316944
crepidula,Pliocene,34.316944
cyclocardia,Pliocene,33.899445
cyclocardia,Pliocene,33.899445
cyclocardia,Pliocene,33.899445
chama,Pliocene,33.899445
chesapecten,Pliocene,33.100277
chesapecten,Pliocene,33.100277
astarte,Pliocene,33.100277
chesapecten,Pliocene,33.327499
chesapecten,Pliocene,33.488609
chesapecten,Pliocene,33.327499
chesapecten,Pliocene,33.327499
chesapecten,Pliocene,33.327499
chesapecten,Pliocene,33.327499
noetia,Pliocene,33.327499
noetia,Pliocene,33.327499
modiolus,Pliocene,33.327499
cyclocardia,Pliocene,33.327499
astarte,Pliocene,33.327499
astarte,Pliocene,33.327499
mulinia,Pliocene,33.327499
parvilucina,Pliocene,33.031944
crepidula,Pliocene,33.327499
astarte,Pliocene,37.095554
astarte,Pliocene,37.095554
parvilucina,Pliocene,37.095554
parvilucina,Pliocene,37.095554
parvilucina,Pliocene,37.095554
chesapecten,Pliocene,37.095554
parvilucina,Pliocene,37.095554
crepidula,Pliocene,37.095554
chesapecten,Pliocene,35.359722
astarte,Pliocene,34.287777
cyclocardia,Pliocene,34.287777
chama,Pliocene,34.287777
chesapecten,Pliocene,37.171665
cyclocardia,Pliocene,37.171665
astarte,Pliocene,37.171665
astarte,Pliocene,37.171665
chesapecten,Pliocene,37.171665
chama,Pliocene,37.171665
chesapecten,Pliocene,37.204445
cyclocardia,Pliocene,37.204445
astarte,Pliocene,37.204445
astarte,Pliocene,37.204445
cyclocardia,Pliocene,37.514442
astarte,Pliocene,37.514442
mulinia,Pliocene,26.699167
crepidula,Pliocene,26.673611
parvilucina,Pliocene,26.673611
mulinia,Pliocene,26.673611
mulinia,Pliocene,26.637501
mulinia,Pliocene,26.637501
mulinia,Pliocene,26.365278
mulinia,Pliocene,26.099167
mulinia,Pliocene,34.896667
astarte,Pliocene,34.896667
cyclocardia,Pliocene,34.896667
noetia,Pliocene,34.896667
mulinia,Pliocene,34.896667
cyclocardia,Pliocene,34.896667
noetia,Pliocene,34.896667
astarte,Pliocene,34.896667
crepidula,Pliocene,34.896667
crepidula,Pliocene,34.896667
striarca,Pliocene,37.26889
noetia,Pliocene,37.26889
chesapecten,Pliocene,37.26889
astarte,Pliocene,37.26889
astarte,Pliocene,37.26889
chama,Pliocene,37.26889
cyclocardia,Pliocene,37.26889
chesapecten,Pliocene,37.26889
cyclocardia,Pliocene,37.26889
astarte,Pliocene,37.233891
astarte,Pliocene,37.233891
chesapecten,Pliocene,37.233891
crepidula,Pliocene,37.233891
crepidula,Pliocene,37.233891
noetia,Pliocene,37.233891
spisula,Pliocene,37.233891
spisula,Pliocene,37.233891
mulinia,Pliocene,37.233891
cyclocardia,Pliocene,37.233891
chama,Pliocene,37.233891
striarca,Pliocene,37.233891
noetia,Pliocene,37.233891
spisula,Pliocene,37.233891
cyclocardia,Pliocene,37.233891
parvilucina,Pliocene,37.233891
chama,Pliocene,37.233891
mulinia,Pliocene,37.233891
astarte,Pliocene,37.233891
astarte,Pliocene,37.233891
crepidula,Pliocene,37.233891
crepidula,Pliocene,37.233891
cyclocardia,Pliocene,37.233891
chesapecten,Pliocene,37.233891
cyclocardia,Pliocene,37.233891
parvilucina,Pliocene,37.233891
astarte,Pliocene,37.233891
astarte,Pliocene,37.233891
chesapecten,Pliocene,37.233891
crepidula,Pliocene,37.233891
mulinia,Pliocene,37.233891
spisula,Pliocene,37.233891
noetia,Pliocene,37.233891
crepidula,Pliocene,37.233891
crepidula,Pliocene,37.233891
noetia,Pliocene,37.233891
parvilucina,Pliocene,37.233891
modiolus,Pliocene,37.233891
astarte,Pliocene,37.233891
chesapecten,Pliocene,37.233891
crepidula,Pliocene,37.233891
crepidula,Pliocene,37.233891
noetia,Pliocene,37.233891
spisula,Pliocene,37.233891
cyclocardia,Pliocene,37.233891
chama,Pliocene,37.233891
parvilucina,Pliocene,37.233891
astarte,Pliocene,37.233891
crepidula,Pliocene,37.233891
crepidula,Pliocene,37.233891
striarca,Pliocene,37.233891
noetia,Pliocene,37.233891
parvilucina,Pliocene,37.233891
crepidula,Pliocene,37.233891
crepidula,Pliocene,37.233891
striarca,Pliocene,37.233891
noetia,Pliocene,37.233891
cyclocardia,Pliocene,37.233891
parvilucina,Pliocene,37.233891
astarte,Pliocene,37.233891
astarte,Pliocene,37.233891
chesapecten,Pliocene,37.233891
crepidula,Pliocene,37.233891
striarca,Pliocene,37.233891
spisula,Pliocene,37.233891
chesapecten,Pliocene,37.233891
astarte,Pliocene,37.233891
astarte,Pliocene,37.233891
parvilucina,Pliocene,37.233891
cyclocardia,Pliocene,37.233891
astarte,Pliocene,34.896667
mulinia,Pliocene,34.896667
astarte,Pliocene,34.896667
noetia,Pliocene,34.896667
cyclocardia,Pliocene,34.896667
mulinia,Pliocene,34.896667
crepidula,Pliocene,34.896667
noetia,Pliocene,34.896667
mulinia,Pliocene,34.896667
astarte,Pliocene,34.896667
cyclocardia,Pliocene,34.896667
mulinia,Pliocene,34.896667
crepidula,Pliocene,34.896667
astarte,Pliocene,34.896667
spisula,Pliocene,34.896667
cyclocardia,Pliocene,34.896667
mulinia,Pliocene,34.896667
astarte,Pliocene,34.896667
cyclocardia,Pliocene,34.896667
astarte,Pliocene,26.761667
cyclocardia,Pliocene,26.761667
spisula,Pliocene,25.666945
mulinia,Pliocene,27.338057
crepidula,Pliocene,27.338057
mulinia,Pliocene,27.338057
chesapecten,Pliocene,25.901388
chesapecten,Pliocene,25.901388
chesapecten,Pliocene,25.901388
mulinia,Pliocene,25.901388
chesapecten,Pliocene,27.327778
astarte,Pliocene,27.327778
mulinia,Pliocene,30.432222
astarte,Pliocene,30.389168
crepidula,Pliocene,30.389168
mulinia,Pliocene,30.389168
noetia,Pliocene,30.389168
cyclocardia,Pliocene,30.389168
astarte,Pliocene,30.389168
cyclocardia,Pliocene,30.389168
chama,Pliocene,30.389168
chama,Pliocene,30.389168
mulinia,Pliocene,30.389168
noetia,Pliocene,30.389168
astarte,Pliocene,30.389168
astarte,Pliocene,30.389168
modiolus,Pliocene,30.389168
cyclocardia,Pliocene,30.389168
crepidula,Pliocene,30.389168
astarte,Pliocene,37.232224
mulinia,Pliocene,37.232224
chesapecten,Pliocene,37.232224
chesapecten,Pliocene,37.232224
astarte,Pliocene,37.232224
crepidula,Pliocene,37.232224
cyclocardia,Pliocene,37.232224
cyclocardia,Pliocene,37.148056
astarte,Pliocene,37.148056
mulinia,Pliocene,37.148056
striarca,Pliocene,37.148056
noetia,Pliocene,37.148056
chesapecten,Pliocene,37.148056
chesapecten,Pliocene,37.148056
chesapecten,Pliocene,37.148056
chesapecten,Pliocene,33.100277
astarte,Pliocene,33.100277
astarte,Pliocene,33.100277
cyclocardia,Pliocene,33.100277
chama,Pliocene,33.100277
parvilucina,Pliocene,33.100277
astarte,Pliocene,30.625834
parvilucina,Pliocene,30.625834
parvilucina,Pliocene,30.625834
chama,Pliocene,30.383333
crepidula,Pliocene,25.700001
crepidula,Pliocene,25.700001
crepidula,Pliocene,25.700001
crepidula,Pliocene,25.700001
crepidula,Pliocene,25.700001
spisula,Pliocene,35.149445
mulinia,Pliocene,35.149445
crepidula,Pliocene,27.336
mulinia,Pliocene,31.1646
mulinia,Pliocene,31.1646
mulinia,Pliocene,27.316668
chesapecten,Pliocene,27.316668
chesapecten,Pliocene,27.316668
cyclocardia,Pliocene,30.3876
chama,Pliocene,30.3876
noetia,Pliocene,30.3876
parvilucina,Pliocene,30.3876
mulinia,Pliocene,30.3876
chama,Pliocene,30.3876
noetia,Pliocene,34.878384
parvilucina,Pliocene,30.410829
crepidula,Pliocene,30.410829
crepidula,Pliocene,30.410829
chama,Pliocene,27.366642
crepidula,Pliocene,27.366642
chama,Pliocene,27.366642
crepidula,Pliocene,27.366642
crepidula,Pliocene,26.9925
crepidula,Pliocene,26.9925
chama,Pliocene,26.9925
chama,Pliocene,26.9925
crepidula,Pliocene,27.3125
mulinia,Pliocene,27.3125
spisula,Pliocene,25.7655
parvilucina,Pliocene,30.3876
chama,Pliocene,30.3876
cyclocardia,Pliocene,30.3876
astarte,Pliocene,30.3876
crepidula,Pliocene,37.02972
crepidula,Pliocene,35.30528
crepidula,Pliocene,37.02972
chesapecten,Pliocene,37.02972
chama,Pliocene,27.3041
chama,Pliocene,27.3041
crepidula,Pliocene,27.3041
crepidula,Pliocene,27.3041
crepidula,Pliocene,27.3041
crepidula,Pliocene,30.410829
chama,Pliocene,30.410829
crepidula,Pliocene,30.410829
crepidula,Pliocene,30.410829
astarte,Pliocene,30.410829
astarte,Pliocene,30.391421
mulinia,Pliocene,30.391421
modiolus,Pliocene,30.391421
modiolus,Pliocene,30.391421
spisula,Pliocene,30.391421
astarte,Pliocene,30.391421
noetia,Pliocene,30.391421
chama,Pliocene,30.391421
cyclocardia,Pliocene,30.391421
cyclocardia,Pliocene,30.391421
noetia,Pliocene,30.391421
spisula,Pliocene,30.391421
chama,Pliocene,30.391421
astarte,Pliocene,30.391421
parvilucina,Pliocene,30.391421
crepidula,Pliocene,30.391421
crepidula,Pliocene,30.391421
astarte,Pliocene,30.391421
cyclocardia,Pliocene,30.391421
parvilucina,Pliocene,30.391421
mulinia,Pliocene,30.391421
chama,Pliocene,30.391421
crepidula,Pliocene,30.391421
astarte,Pliocene,30.391421
chama,Pliocene,30.391421
chama,Pliocene,30.391421
mulinia,Pliocene,30.391421
crepidula,Pliocene,30.391421
cyclocardia,Pliocene,30.391421
crepidula,Pliocene,30.391421
chesapecten,Pliocene,27.366642
chesapecten,Pliocene,27.366642
chesapecten,Pliocene,27.366642
chama,Pliocene,27.366642
chama,Pliocene,27.366642
chama,Pliocene,27.366642
chama,Pliocene,27.366642
mulinia,Pliocene,27.366642
mulinia,Pliocene,27.366642
mulinia,Pliocene,27.366642
parvilucina,Pliocene,27.366642
crepidula,Pliocene,30.391421
astarte,Pliocene,27.366642
noetia,Pliocene,27.366642
noetia,Pliocene,27.366642
crepidula,Pliocene,27.366642
crepidula,Pliocene,27.366642
crepidula,Pliocene,27.366642
cyclocardia,Pliocene,27.366642
noetia,Pliocene,27.366642
astarte,Pliocene,27.366642
chama,Pliocene,27.366642
chesapecten,Pliocene,27.366642
mulinia,Pliocene,27.366642
crepidula,Pliocene,27.366642
crepidula,Pliocene,27.366642
crepidula,Pliocene,27.366642
chama,Pliocene,27.366642
chama,Pliocene,27.366642
noetia,Pliocene,27.366642
chama,Pliocene,27.366642
chama,Pliocene,27.366642
chama,Pliocene,27.366642
chama,Pliocene,27.366642
spisula,Pliocene,37.0602
crepidula,Pliocene,37.0602
mulinia,Pliocene,27.366642
crepidula,Pliocene,27.375123
crepidula,Pliocene,34.878384
cyclocardia,Pliocene,34.878384
astarte,Pliocene,34.878384
mulinia,Pliocene,34.878384
parvilucina,Pliocene,30.391421
crepidula,Pliocene,25.725979
chama,Pliocene,25.725979
crepidula,Pliocene,25.725979
crepidula,Pliocene,25.725979
crepidula,Pliocene,25.725979
chama,Pliocene,27.366642
chesapecten,Pliocene,27.366642
chesapecten,Pliocene,27.366642
chama,Pliocene,27.366642
chama,Pliocene,27.366642
mulinia,Pliocene,27.366642
mulinia,Pliocene,27.366642
cyclocardia,Pliocene,27.366642
parvilucina,Pliocene,27.366642
mulinia,Pliocene,27.366642
noetia,Pliocene,27.3583
parvilucina,Pliocene,27.3583
chama,Pliocene,27.3583
crepidula,Pliocene,27.3583
crepidula,Pliocene,27.3583
chama,Pliocene,27.3583
mulinia,Pliocene,27.3583
mulinia,Pliocene,27.3583
chama,Pliocene,27.3583
chama,Pliocene,27.3583
mulinia,Pliocene,27.233526
chama,Pliocene,27.366642
chama,Pliocene,27.366642
chama,Pliocene,27.366642
crepidula,Pliocene,27.366642
crepidula,Pliocene,27.366642
mulinia,Pliocene,27.366642
chesapecten,Pliocene,27.366642
mulinia,Pliocene,27.366642
mulinia,Pliocene,27.366642
chesapecten,Pliocene,27.366642
chesapecten,Pliocene,27.366642
parvilucina,Pliocene,27.366642
chesapecten,Pliocene,27.366642
chesapecten,Pliocene,27.366642
chesapecten,Pliocene,27.366642
chesapecten,Pliocene,27.366642
chesapecten,Pliocene,27.366642
chesapecten,Pliocene,27.366642
astarte,Pliocene,37.229029
cyclocardia,Pliocene,37.229029
noetia,Pliocene,37.229029
chama,Pliocene,37.229029
chesapecten,Pliocene,37.229029
mulinia,Pliocene,37.229029
astarte,Pliocene,37.229029
crepidula,Pliocene,37.229029
chama,Pliocene,37.229029
chesapecten,Pliocene,26.878706
chama,Pliocene,25.7655
chama,Pliocene,25.7655
chesapecten,Pliocene,27.043546
chesapecten,Pliocene,27.043546
crepidula,Pliocene,30.410829
crepidula,Pliocene,27.3125
crepidula,Pliocene,27.366642
parvilucina,Pliocene,26.9651
crepidula,Pliocene,26.9651
parvilucina,Pliocene,27.361199
crepidula,Pliocene,27.361199
chama,Pliocene,27.361199
crepidula,Pliocene,27.361199
crepidula,Pliocene,27.361199
crepidula,Pliocene,27.361199
crepidula,Pliocene,27.361199
crepidula,Pliocene,27.361199
crepidula,Pliocene,27.361199
crepidula,Pliocene,27.361199
chesapecten,Pliocene,27.366642
chesapecten,Pliocene,27.366642
astarte,Pliocene,27.366642
cyclocardia,Pliocene,27.366642
astarte,Pliocene,27.366642
crepidula,Pliocene,27.366642
chama,Pliocene,27.366642
chama,Pliocene,27.366642
crepidula,Pliocene,27.366642
mulinia,Pliocene,27.366642
crepidula,Pliocene,27.366642
mulinia,Pliocene,27.366642
mulinia,Pliocene,27.366642
crepidula,Pliocene,27.366642
astarte,Pliocene,27.366642
astarte,Pliocene,27.366642
mulinia,Pliocene,27.366642
mulinia,Pliocene,27.366642
cyclocardia,Pliocene,27.366642
cyclocardia,Pliocene,27.366642
parvilucina,Pliocene,27.366642
cyclocardia,Pliocene,27.366642
noetia,Pliocene,27.366642
parvilucina,Pliocene,27.366642
chama,Pliocene,27.366642
chesapecten,Pliocene,27.366642
chama,Pliocene,27.366642
mulinia,Pliocene,27.366642
crepidula,Pliocene,27.366642
mulinia,Pliocene,27.366642
astarte,Pliocene,27.366642
mulinia,Pliocene,27.366642
mulinia,Pliocene,27.366642
noetia,Pliocene,27.366642
noetia,Pliocene,27.366642
noetia,Pliocene,27.366642
chama,Pliocene,27.366642
chesapecten,Pliocene,27.366642
cyclocardia,Pliocene,27.361199
chesapecten,Pliocene,27.361199
chama,Pliocene,27.361199
chama,Pliocene,27.366642
chesapecten,Pliocene,27.366642
crepidula,Pliocene,27.366642
chesapecten,Pliocene,27.361199
chesapecten,Pliocene,27.361199
crepidula,Pliocene,27.361199
mulinia,Pliocene,27.361199
chama,Pliocene,27.361199
chesapecten,Pliocene,27.361199
chesapecten,Pliocene,27.361199
chama,Pliocene,27.361199
crepidula,Pliocene,27.361199
mulinia,Pliocene,27.361199
crepidula,Pliocene,27.361199
cyclocardia,Pliocene,27.366642
chesapecten,Pliocene,27.366642
chama,Pliocene,27.366642
chama,Pliocene,27.366642
chama,Pliocene,27.366642
chama,Pliocene,27.366642
chama,Pliocene,27.366642
chama,Pliocene,27.366642
chama,Pliocene,27.366642
chama,Pliocene,27.366642
chama,Pliocene,27.366642
chama,Pliocene,27.366642
chesapecten,Pliocene,27.366642
astarte,Pliocene,27.366642
chesapecten,Pliocene,27.366642
chesapecten,Pliocene,27.366642
noetia,Pliocene,27.366642
chesapecten,Pliocene,27.366642
chama,Pliocene,27.366642
chama,Pliocene,27.366642
chesapecten,Pliocene,27.366642
chesapecten,Pliocene,27.366642
chesapecten,Pliocene,27.366642
chesapecten,Pliocene,27.366642
chesapecten,Pliocene,27.366642
chesapecten,Pliocene,27.366642
chesapecten,Pliocene,27.366642
chama,Pliocene,27.366642
noetia,Pliocene,27.366642
chesapecten,Pliocene,27.361199
chesapecten,Pliocene,27.361199
chesapecten,Pliocene,27.361199
chesapecten,Pliocene,27.361199
chesapecten,Pliocene,27.361199
chesapecten,Pliocene,27.361199
chesapecten,Pliocene,27.361199
chesapecten,Pliocene,27.361199
chesapecten,Pliocene,27.366642
chesapecten,Pliocene,27.361199
chesapecten,Pliocene,27.361199
chesapecten,Pliocene,27.361199
chesapecten,Pliocene,27.361199
crepidula,Pliocene,27.366642
mulinia,Pliocene,27.366642
chama,Pliocene,27.366642
mulinia,Pliocene,27.366642
mulinia,Pliocene,27.366642
crepidula,Pliocene,27.366642
crepidula,Pliocene,27.366642
mulinia,Pliocene,27.366642
mulinia,Pliocene,27.366642
chama,Pliocene,27.366642
chama,Pliocene,27.366642
chama,Pliocene,27.366642
mulinia,Pliocene,27.366642
mulinia,Pliocene,27.366642
mulinia,Pliocene,27.366642
mulinia,Pliocene,27.366642
mulinia,Pliocene,27.366642
mulinia,Pliocene,27.366642
mulinia,Pliocene,25.385039
chama,Pliocene,25.385039
chama,Pliocene,25.385039
crepidula,Pliocene,25.385039
chama,Pliocene,27.366642
crepidula,Pliocene,27.366642
chama,Pliocene,27.366642
chama,Pliocene,27.366642
crepidula,Pliocene,27.361199
noetia,Pliocene,27.366642
chama,Pliocene,27.366642
chama,Pliocene,27.366642
cyclocardia,Pliocene,27.366642
cyclocardia,Pliocene,27.366642
astarte,Pliocene,27.366642
astarte,Pliocene,27.366642
chama,Pliocene,27.366642
chama,Pliocene,27.366642
chama,Pliocene,27.366642
chama,Pliocene,27.366642
mulinia,Pliocene,27.366642
cyclocardia,Pliocene,27.366642
crepidula,Pliocene,27.366642
mulinia,Pliocene,27.366642
mulinia,Pliocene,27.366642
chama,Pliocene,27.366642
noetia,Pliocene,27.366642
mulinia,Pliocene,27.366642
chama,Pliocene,27.366642
chama,Pliocene,27.366642
crepidula,Pliocene,27.366642
mulinia,Pliocene,27.366642
mulinia,Pliocene,27.366642
mulinia,Pliocene,27.366642
mulinia,Pliocene,26.878706
crepidula,Pliocene,26.878706
chesapecten,Pliocene,27.366642
chesapecten,Pliocene,27.366642
mulinia,Pliocene,26.878706
crepidula,Pliocene,26.878706
mulinia,Pliocene,27.361199
chama,Pliocene,25.7655
cyclocardia,Pliocene,27.361199
crepidula,Pliocene,25.7655
crepidula,Pliocene,25.7655
chesapecten,Pliocene,27.366642
astarte,Pliocene,27.366642
astarte,Pliocene,26.285328
crepidula,Pliocene,26.285328
astarte,Pliocene,26.285328
crepidula,Pliocene,26.285328
cyclocardia,Pliocene,27.361199
astarte,Pliocene,27.361199
astarte,Pliocene,30.4642
crepidula,Pliocene,26.285328
crepidula,Pliocene,26.285328
parvilucina,Pliocene,26.285328
parvilucina,Pliocene,26.285328
chama,Pliocene,26.285328
crepidula,Pliocene,27.361199
crepidula,Pliocene,27.361199
chama,Pliocene,27.361199
noetia,Pliocene,27.361199
cyclocardia,Pliocene,27.361199
chesapecten,Pliocene,27.361199
crepidula,Pliocene,27.4
mulinia,Pliocene,27.4
crepidula,Pliocene,27.4
crepidula,Pliocene,27.4
crepidula,Pliocene,27.4
chama,Pliocene,27.366642
mulinia,Pliocene,27.366642
mulinia,Pliocene,27.366642
chama,Pliocene,27.366642
crepidula,Pliocene,27.366642
chama,Pliocene,27.366642
crepidula,Pliocene,27.366642
crepidula,Pliocene,27.366642
mulinia,Pliocene,27.366642
chama,Pliocene,27.366642
mulinia,Pliocene,27.366642
mulinia,Pliocene,27.366642
astarte,Pliocene,27.366642
chama,Pliocene,27.366642
mulinia,Pliocene,27.361199
chama,Pliocene,27.361199
mulinia,Pliocene,27.361199
chama,Pliocene,27.361199
chama,Pliocene,27.361199
chama,Pliocene,27.361199
chama,Pliocene,27.361199
chama,Pliocene,27.361199
chama,Pliocene,27.361199
chama,Pliocene,27.361199
chesapecten,Pliocene,27.361199
chesapecten,Pliocene,27.361199
chesapecten,Pliocene,27.366642
chesapecten,Pliocene,27.361199
noetia,Pliocene,27.029723
crepidula,Pliocene,27.029723
spisula,Pliocene,27.029723
chama,Pliocene,27.053626
noetia,Pliocene,27.053626
crepidula,Pliocene,27.053626
crepidula,Pliocene,27.053626
chama,Pliocene,26.2759
chesapecten,Pliocene,26.914218
chama,Pliocene,26.2759
chama,Pliocene,26.2759
chama,Pliocene,26.2759
chama,Pliocene,26.2759
chesapecten,Pliocene,27.3583
crepidula,Pliocene,27.038599
noetia,Pliocene,27.038599
modiolus,Pliocene,27.038599
crepidula,Pliocene,27.038599
modiolus,Pliocene,27.361199
crepidula,Pliocene,27.361199
chama,Pliocene,27.361199
cyclocardia,Pliocene,27.366642
modiolus,Pliocene,27.366642
chama,Pliocene,27.3583
chama,Pliocene,27.3583
chama,Pliocene,27.3583
chama,Pliocene,27.3583
modiolus,Pliocene,27.038599
chama,Pliocene,27.038599
cyclocardia,Pliocene,27.361199
chesapecten,Pliocene,27.361199
mulinia,Pliocene,27.361199
chesapecten,Pliocene,27.361199
chama,Pliocene,27.366642
crepidula,Pliocene,27.366642
chama,Pliocene,27.366642
crepidula,Pliocene,27.366642
cyclocardia,Pliocene,27.366642
mulinia,Pliocene,27.366642
astarte,Pliocene,27.366642
parvilucina,Pliocene,27.361199
parvilucina,Pliocene,27.361199
mulinia,Pliocene,27.361199
crepidula,Pliocene,26.1681
mulinia,Pliocene,26.1681
mulinia,Pliocene,26.1681
mulinia,Pliocene,26.1681
mulinia,Pliocene,26.1681
crepidula,Pliocene,26.1681
crepidula,Pliocene,26.1681
chama,Pliocene,26.1681
parvilucina,Pliocene,26.1681
mulinia,Pliocene,26.1681
mulinia,Pliocene,26.1681
crepidula,Pliocene,26.1681
mulinia,Pliocene,26.1681
mulinia,Pliocene,26.1681
parvilucina,Pliocene,26.1681
parvilucina,Pliocene,27.366642
chesapecten,Pliocene,27.366642
chesapecten,Pliocene,27.366642
parvilucina,Pliocene,27.366642
mulinia,Pliocene,27.366642
crepidula,Pliocene,26.878706
crepidula,Pliocene,26.878706
mulinia,Pliocene,26.878706
mulinia,Pliocene,26.878706
chesapecten,Pliocene,27.361199
crepidula,Pliocene,27.270925
mulinia,Pliocene,27.270925
mulinia,Pliocene,27.270925
mulinia,Pliocene,27.270925
parvilucina,Pliocene,27.270925
chama,Pliocene,27.270925
crepidula,Pliocene,27.270925
crepidula,Pliocene,27.270925
parvilucina,Pliocene,27.270925
crepidula,Pliocene,27.270925
crepidula,Pliocene,27.270925
crepidula,Pliocene,27.270925
crepidula,Pliocene,27.270925
parvilucina,Pliocene,27.270925
mulinia,Pliocene,27.366642
parvilucina,Pliocene,27.366642
crepidula,Pliocene,27.366642
parvilucina,Pliocene,27.366642
mulinia,Pliocene,27.366642
parvilucina,Pliocene,27.366642
parvilucina,Pliocene,27.361199
parvilucina,Pliocene,27.361199
mulinia,Pliocene,27.366642
parvilucina,Pliocene,27.366642
mulinia,Pliocene,27.366642
chesapecten,Pliocene,27.361199
crepidula,Pliocene,27.270925
chama,Pliocene,27.366642
mulinia,Pliocene,27.361199
mulinia,Pliocene,27.366642
crepidula,Pliocene,27.4
noetia,Pliocene,27.4
astarte,Pliocene,30.386591
cyclocardia,Pliocene,30.386591
crepidula,Pliocene,27.361199
mulinia,Pliocene,27.361199
parvilucina,Pliocene,27.361199
astarte,Pliocene,27.361199
mulinia,Pliocene,27.361199
chama,Pliocene,27.361199
astarte,Pliocene,27.361199
mulinia,Pliocene,27.361199
crepidula,Pliocene,27.361199
cyclocardia,Pliocene,27.361199
chama,Pliocene,27.361199
chama,Pliocene,27.361199
chama,Pliocene,27.361199
crepidula,Pliocene,27.361199
crepidula,Pliocene,27.361199
noetia,Pliocene,27.361199
parvilucina,Pliocene,27.361199
noetia,Pliocene,27.361199
parvilucina,Pliocene,27.361199
crepidula,Pliocene,35.344367
crepidula,Pliocene,35.344367
chesapecten,Pliocene,35.344367
chesapecten,Pliocene,35.344367
chesapecten,Pliocene,35.344367
noetia,Pliocene,35.344367
astarte,Pliocene,35.344367
cyclocardia,Pliocene,35.344367
modiolus,Pliocene,35.344367
cyclocardia,Pliocene,35.344367
chama,Pliocene,27.361199
mulinia,Pliocene,27.361199
chama,Pliocene,27.361199
chama,Pliocene,27.361199
crepidula,Pliocene,27.361199
crepidula,Pliocene,27.361199
chama,Pliocene,27.361199
parvilucina,Pliocene,27.361199
chesapecten,Pliocene,27.366642
chama,Pliocene,27.366642
chama,Pliocene,27.366642
crepidula,Pliocene,27.366642
crepidula,Pliocene,27.366642
crepidula,Pliocene,27.366642
chesapecten,Pliocene,35.344367
noetia,Pliocene,26.2759
noetia,Pliocene,26.2759
crepidula,Pliocene,26.2759
chama,Pliocene,26.724783
crepidula,Pliocene,26.724783
chama,Pliocene,27.038599
chama,Pliocene,27.038599
chama,Pliocene,27.038599
chama,Pliocene,27.038599
chama,Pliocene,27.038599
chama,Pliocene,27.366642
mulinia,Pliocene,27.366642
crepidula,Pliocene,27.366642
crepidula,Pliocene,27.366642
chama,Pliocene,27.366642
chama,Pliocene,27.366642
parvilucina,Pliocene,27.366642
crepidula,Pliocene,27.366642
crepidula,Pliocene,27.3125
crepidula,Pliocene,27.3125
crepidula,Pliocene,27.3125
mulinia,Pliocene,27.3125
mulinia,Pliocene,27.3125
cyclocardia,Pliocene,27.3125
crepidula,Pliocene,27.3125
crepidula,Pliocene,27.3125
noetia,Pliocene,27.3125
crepidula,Pliocene,27.3125
mulinia,Pliocene,27.3125
mulinia,Pliocene,27.3125
mulinia,Pliocene,27.3125
mulinia,Pliocene,27.3125
astarte,Pliocene,27.3125
crepidula,Pliocene,27.3125
chama,Pliocene,27.3125
crepidula,Pliocene,27.3125
crepidula,Pliocene,27.3125
crepidula,Pliocene,27.3125
crepidula,Pliocene,27.3125
mulinia,Pliocene,26.1681
crepidula,Pliocene,26.1681
chama,Pliocene,26.1681
mulinia,Pliocene,26.1681
mulinia,Pliocene,25.725979
crepidula,Pliocene,25.725979
crepidula,Pliocene,25.725979
crepidula,Pliocene,27.3041
crepidula,Pliocene,27.3041
crepidula,Pliocene,27.3125
crepidula,Pliocene,27.3041
crepidula,Pliocene,27.3041
crepidula,Pliocene,27.3041
crepidula,Pliocene,27.3041
crepidula,Pliocene,27.3041
mulinia,Pliocene,27.3041
crepidula,Pliocene,27.3041
crepidula,Pliocene,27.3041
crepidula,Pliocene,27.3041
crepidula,Pliocene,27.3041
noetia,Pliocene,27.3041
noetia,Pliocene,27.3041
astarte,Pliocene,27.3041
crepidula,Pliocene,27.3041
crepidula,Pliocene,27.3041
crepidula,Pliocene,27.3041
chama,Pliocene,27.3041
mulinia,Pliocene,27.3125
noetia,Pliocene,27.292966
mulinia,Pliocene,27.292966
crepidula,Pliocene,26.1681
mulinia,Pliocene,26.1681
parvilucina,Pliocene,27.3041
crepidula,Pliocene,27.3041
crepidula,Pliocene,27.3041
crepidula,Pliocene,27.3041
crepidula,Pliocene,27.3041
crepidula,Pliocene,27.292966
noetia,Pliocene,27.292966
astarte,Pliocene,27.292966
mulinia,Pliocene,27.292966
crepidula,Pliocene,27.292966
astarte,Pliocene,27.3307
mulinia,Pliocene,27.3307
crepidula,Pliocene,27.3307
noetia,Pliocene,27.3307
chama,Pliocene,27.3307
crepidula,Pliocene,27.3307
crepidula,Pliocene,27.3307
crepidula,Pliocene,27.3307
crepidula,Pliocene,27.3307
crepidula,Pliocene,27.3307
parvilucina,Pliocene,27.3307
astarte,Pliocene,27.3307
noetia,Pliocene,27.3307
mulinia,Pliocene,27.3307
mulinia,Pliocene,27.3307
cyclocardia,Pliocene,27.3307
astarte,Pliocene,27.3307
mulinia,Pliocene,27.3307
astarte,Pliocene,27.3307
noetia,Pliocene,27.32421
crepidula,Pliocene,27.32421
crepidula,Pliocene,27.32421
mulinia,Pliocene,27.32421
noetia,Pliocene,27.32421
crepidula,Pliocene,27.32421
crepidula,Pliocene,27.32421
astarte,Pliocene,27.32421
mulinia,Pliocene,27.32421
crepidula,Pliocene,27.32421
astarte,Pliocene,27.32421
crepidula,Pliocene,27.32421
crepidula,Pliocene,27.32421
crepidula,Pliocene,27.32421
crepidula,Pliocene,27.32421
mulinia,Pliocene,27.32421
chama,Pliocene,27.366642
mulinia,Pliocene,27.366642
cyclocardia,Pliocene,27.366642
astarte,Pliocene,27.366642
mulinia,Pliocene,26.1681
chama,Pliocene,27.361199
astarte,Pliocene,27.361199
chesapecten,Pliocene,27.361199
chesapecten,Pliocene,27.361199
chesapecten,Pliocene,27.361199
chesapecten,Pliocene,27.361199
mulinia,Pliocene,27.361199
chama,Pliocene,27.361199
chama,Pliocene,27.361199
cyclocardia,Pliocene,27.361199
astarte,Pliocene,27.361199
parvilucina,Pliocene,27.361199
astarte,Pliocene,35.344367
astarte,Pliocene,35.344367
cyclocardia,Pliocene,35.344367
cyclocardia,Pliocene,35.344367
chesapecten,Pliocene,35.344367
noetia,Pliocene,35.344367
astarte,Pliocene,35.344367
chama,Pliocene,27.361199
chama,Pliocene,26.1681
mulinia,Pliocene,27.830905
crepidula,Pliocene,27.830905
noetia,Pliocene,27.830905
crepidula,Pliocene,27.830905
crepidula,Pliocene,27.830905
noetia,Pliocene,27.830905
parvilucina,Pliocene,27.830905
noetia,Pliocene,27.32421
parvilucina,Pliocene,27.830905
mulinia,Pliocene,27.830905
noetia,Pliocene,27.830905
crepidula,Pliocene,27.32421
mulinia,Pliocene,27.32421
noetia,Pliocene,27.32421
noetia,Pliocene,27.32421
crepidula,Pliocene,27.368032
crepidula,Pliocene,30.3876
crepidula,Pliocene,30.3876
parvilucina,Pliocene,30.3876
noetia,Pliocene,30.3876
crepidula,Pliocene,30.3876
parvilucina,Pliocene,30.3876
crepidula,Pliocene,30.3876
astarte,Pliocene,30.3876
crepidula,Pliocene,30.3876
crepidula,Pliocene,30.3876
crepidula,Pliocene,30.3876
crepidula,Pliocene,30.3876
astarte,Pliocene,30.3876
mulinia,Pliocene,27.830905
astarte,Pliocene,30.3876
astarte,Pliocene,30.3876
noetia,Pliocene,30.3876
parvilucina,Pliocene,30.3876
parvilucina,Pliocene,30.3876
chama,Pliocene,30.3876
mulinia,Pliocene,30.3876
crepidula,Pliocene,26.1681
mulinia,Pliocene,26.1681
noetia,Pliocene,26.1681
modiolus,Pliocene,26.1681
crepidula,Pliocene,26.1681
chama,Pliocene,26.1681
astarte,Pliocene,30.3876
astarte,Pliocene,30.3876
chama,Pliocene,30.3876
astarte,Pliocene,30.3876
chama,Pliocene,30.3876
parvilucina,Pliocene,30.3876
chama,Pliocene,30.3876
chama,Pliocene,30.3876
chama,Pliocene,30.3876
mulinia,Pliocene,30.3876
spisula,Pliocene,30.3876
spisula,Pliocene,30.3876
mulinia,Pliocene,30.3876
mulinia,Pliocene,30.3876
chama,Pliocene,30.3876
crepidula,Pliocene,30.3876
modiolus,Pliocene,30.3876
mulinia,Pliocene,30.3876
mulinia,Pliocene,30.3876
parvilucina,Pliocene,30.3876
parvilucina,Pliocene,30.3876
parvilucina,Pliocene,30.3876
parvilucina,Pliocene,30.3876
parvilucina,Pliocene,30.3876
mulinia,Pliocene,30.3876
spisula,Pliocene,30.3876
chama,Pliocene,30.391421
crepidula,Pliocene,30.391421
astarte,Pliocene,30.391421
astarte,Pliocene,30.391421
astarte,Pliocene,30.391421
parvilucina,Pliocene,30.391421
crepidula,Pliocene,30.391421
crepidula,Pliocene,30.391421
cyclocardia,Pliocene,30.391421
spisula,Pliocene,30.391421
spisula,Pliocene,30.391421
cyclocardia,Pliocene,30.391421
cyclocardia,Pliocene,30.391421
mulinia,Pliocene,30.391421
parvilucina,Pliocene,30.391421
crepidula,Pliocene,30.391421
chama,Pliocene,30.391421
mulinia,Pliocene,30.391421
mulinia,Pliocene,30.3876
astarte,Pliocene,30.3876
noetia,Pliocene,30.3876
crepidula,Pliocene,30.3876
cyclocardia,Pliocene,30.3876
astarte,Pliocene,30.3876
astarte,Pliocene,30.3876
crepidula,Pliocene,30.386591
noetia,Pliocene,30.386591
mulinia,Pliocene,30.386591
crepidula,Pliocene,30.386591
spisula,Pliocene,30.386591
chama,Pliocene,30.386591
parvilucina,Pliocene,30.386591
crepidula,Pliocene,30.386591
mulinia,Pliocene,30.386591
cyclocardia,Pliocene,30.386591
astarte,Pliocene,30.386591
cyclocardia,Pliocene,30.386591
crepidula,Pliocene,30.386591
cyclocardia,Pliocene,30.386591
astarte,Pliocene,30.386591
spisula,Pliocene,30.386591
parvilucina,Pliocene,30.386591
astarte,Pliocene,30.386591
crepidula,Pliocene,30.386591
chama,Pliocene,30.386591
crepidula,Pliocene,30.386591
noetia,Pliocene,30.391421
mulinia,Pliocene,30.391421
spisula,Pliocene,30.386591
mulinia,Pliocene,30.391421
parvilucina,Pliocene,30.391421
parvilucina,Pliocene,30.391421
noetia,Pliocene,30.391421
cyclocardia,Pliocene,30.386591
crepidula,Pliocene,30.386591
crepidula,Pliocene,30.386591
cyclocardia,Pliocene,30.386591
crepidula,Pliocene,30.386591
mulinia,Pliocene,30.386591
chama,Pliocene,30.386591
chama,Pliocene,30.386591
astarte,Pliocene,30.386591
parvilucina,Pliocene,30.386591
crepidula,Pliocene,30.386591
mulinia,Pliocene,30.386591
crepidula,Pliocene,30.386591
astarte,Pliocene,30.386591
noetia,Pliocene,30.386591
chama,Pliocene,30.386591
spisula,Pliocene,30.386591
crepidula,Pliocene,30.386591
mulinia,Pliocene,30.386591
crepidula,Pliocene,30.386591
cyclocardia,Pliocene,30.386591
mulinia,Pliocene,30.386591
astarte,Pliocene,30.386591
crepidula,Pliocene,30.386591
crepidula,Pliocene,30.386591
crepidula,Pliocene,30.388803
crepidula,Pliocene,30.4642
mulinia,Pliocene,30.4642
cyclocardia,Pliocene,30.4642
parvilucina,Pliocene,30.4642
mulinia,Pliocene,30.386591
crepidula,Pliocene,30.386591
astarte,Pliocene,30.386591
cyclocardia,Pliocene,30.386591
crepidula,Pliocene,30.4642
mulinia,Pliocene,30.4642
parvilucina,Pliocene,30.4642
crepidula,Pliocene,34.878384
noetia,Pliocene,34.878384
astarte,Pliocene,34.878384
crepidula,Pliocene,34.878384
mulinia,Pliocene,34.878384
astarte,Pliocene,34.878384
parvilucina,Pliocene,34.878384
astarte,Pliocene,34.878384
crepidula,Pliocene,34.878384
crepidula,Pliocene,34.878384
crepidula,Pliocene,34.878384
crepidula,Pliocene,34.878384
crepidula,Pliocene,34.878384
cyclocardia,Pliocene,34.878384
crepidula,Pliocene,34.878384
parvilucina,Pliocene,34.878384
astarte,Pliocene,34.878384
mulinia,Pliocene,34.878384
crepidula,Pliocene,34.878384
cyclocardia,Pliocene,34.878384
mulinia,Pliocene,34.878384
spisula,Pliocene,34.878384
noetia,Pliocene,34.878384
mulinia,Pliocene,34.878384
astarte,Pliocene,34.878384
mulinia,Pliocene,34.878384
parvilucina,Pliocene,34.878384
parvilucina,Pliocene,34.878384
spisula,Pliocene,34.878384
cyclocardia,Pliocene,34.878384
parvilucina,Pliocene,34.878384
cyclocardia,Pliocene,34.878384
mulinia,Pliocene,34.878384
chama,Pliocene,34.878384
cyclocardia,Pliocene,34.878384
mulinia,Pliocene,34.878384
astarte,Pliocene,34.878384
astarte,Pliocene,34.878384
cyclocardia,Pliocene,34.878384
chama,Pliocene,34.878384
noetia,Pliocene,34.878384
spisula,Pliocene,34.878384
mulinia,Pliocene,34.878384
mulinia,Pliocene,34.878384
astarte,Pliocene,34.878384
noetia,Pliocene,34.878384
noetia,Pliocene,34.878384
astarte,Pliocene,34.878384
cyclocardia,Pliocene,34.878384
cyclocardia,Pliocene,34.878384
cyclocardia,Pliocene,34.878384
cyclocardia,Pliocene,34.878384
cyclocardia,Pliocene,34.878384
crepidula,Pliocene,34.878384
astarte,Pliocene,34.878384
noetia,Pliocene,34.878384
crepidula,Pliocene,34.878384
chama,Pliocene,34.878384
crepidula,Pliocene,34.878384
astarte,Pliocene,34.878384
astarte,Pliocene,34.878384
crepidula,Pliocene,34.878384
noetia,Pliocene,34.878384
cyclocardia,Pliocene,34.878384
crepidula,Pliocene,34.878384
astarte,Pliocene,34.878384
astarte,Pliocene,34.878384
astarte,Pliocene,34.878384
crepidula,Pliocene,34.878384
mulinia,Pliocene,34.878384
cyclocardia,Pliocene,34.878384
noetia,Pliocene,34.878384
noetia,Pliocene,34.878384
crepidula,Pliocene,34.878384
crepidula,Pliocene,34.878384
chama,Pliocene,34.878384
astarte,Pliocene,34.878384
chama,Pliocene,34.878384
cyclocardia,Pliocene,34.878384
chama,Pliocene,34.878384
cyclocardia,Pliocene,30.386591
astarte,Pliocene,30.386591
noetia,Pliocene,30.386591
crepidula,Pliocene,30.386591
mulinia,Pliocene,30.386591
parvilucina,Pliocene,30.386591
astarte,Pliocene,30.386591
spisula,Pliocene,30.386591
noetia,Pliocene,30.386591
parvilucina,Pliocene,30.386591
astarte,Pliocene,30.386591
cyclocardia,Pliocene,30.386591
mulinia,Pliocene,30.386591
crepidula,Pliocene,30.386591
mulinia,Pliocene,27.361199
mulinia,Pliocene,27.361199
crepidula,Pliocene,27.361199
parvilucina,Pliocene,27.361199
crepidula,Pliocene,27.360528
crepidula,Pliocene,27.360528
mulinia,Pliocene,27.361199
mulinia,Pliocene,27.361199
crepidula,Pliocene,27.360528
crepidula,Pliocene,27.360528
mulinia,Pliocene,27.360528
mulinia,Pliocene,27.360528
crepidula,Pliocene,27.360528
mulinia,Pliocene,27.360528
crepidula,Pliocene,27.361199
crepidula,Pliocene,27.361199
mulinia,Pliocene,27.360528
crepidula,Pliocene,27.361199
crepidula,Pliocene,27.360528
crepidula,Pliocene,27.360528
chama,Pliocene,27.360528
mulinia,Pliocene,27.361199
mulinia,Pliocene,27.361199
parvilucina,Pliocene,27.361199
crepidula,Pliocene,27.361199
crepidula,Pliocene,27.361199
crepidula,Pliocene,27.361199
crepidula,Pliocene,27.361199
chama,Pliocene,26.881061
mulinia,Pliocene,26.881061
astarte,Pliocene,26.881061
parvilucina,Pliocene,26.881061
mulinia,Pliocene,26.881061
noetia,Pliocene,26.881061
chama,Pliocene,26.881061
mulinia,Pliocene,26.881061
mulinia,Pliocene,26.881061
mulinia,Pliocene,26.881061
mulinia,Pliocene,26.881061
mulinia,Pliocene,26.881061
chama,Pliocene,26.881061
crepidula,Pliocene,26.881061
crepidula,Pliocene,26.881061
crepidula,Pliocene,26.881061
crepidula,Pliocene,26.881061
crepidula,Pliocene,27.361199
cyclocardia,Pliocene,27.361199
astarte,Pliocene,27.361199
mulinia,Pliocene,27.361199
parvilucina,Pliocene,27.361199
crepidula,Pliocene,27.366642
crepidula,Pliocene,27.366642
crepidula,Pliocene,27.366642
crepidula,Pliocene,27.366642
crepidula,Pliocene,27.366642
chama,Pliocene,27.366642
crepidula,Pliocene,27.366642
crepidula,Pliocene,27.366642
noetia,Pliocene,27.366642
crepidula,Pliocene,27.366642
mulinia,Pliocene,27.366642
chama,Pliocene,27.366642
crepidula,Pliocene,27.366642
chama,Pliocene,27.366642
chama,Pliocene,27.366642
crepidula,Pliocene,27.366642
noetia,Pliocene,27.366642
mulinia,Pliocene,27.366642
crepidula,Pliocene,27.366642
crepidula,Pliocene,27.366642
crepidula,Pliocene,27.366642
crepidula,Pliocene,27.366642
crepidula,Pliocene,27.366642
noetia,Pliocene,27.366642
noetia,Pliocene,27.366642
mulinia,Pliocene,27.366642
chama,Pliocene,27.366642
crepidula,Pliocene,27.366642
noetia,Pliocene,27.366642
parvilucina,Pliocene,27.366642
crepidula,Pliocene,27.366642
crepidula,Pliocene,27.366642
chama,Pliocene,27.366642
mulinia,Pliocene,27.366642
chama,Pliocene,27.366642
crepidula,Pliocene,27.366642
crepidula,Pliocene,27.366642
crepidula,Pliocene,27.366642
chama,Pliocene,27.366642
chama,Pliocene,27.366642
mulinia,Pliocene,27.366642
crepidula,Pliocene,27.366642
crepidula,Pliocene,27.366642
crepidula,Pliocene,27.366642
crepidula,Pliocene,27.366642
crepidula,Pliocene,27.366642
crepidula,Pliocene,27.366642
chama,Pliocene,27.366642
chama,Pliocene,27.366642
crepidula,Pliocene,27.366642
crepidula,Pliocene,27.366642
crepidula,Pliocene,27.366642
chama,Pliocene,30.386591
cyclocardia,Pliocene,30.386591
mulinia,Pliocene,30.386591
parvilucina,Pliocene,30.386591
crepidula,Pliocene,27.366642
cyclocardia,Pliocene,27.366642
chama,Pliocene,27.366642
noetia,Pliocene,27.366642
chama,Pliocene,27.366642
mulinia,Pliocene,27.366642
chama,Pliocene,30.388803
chama,Pliocene,30.388803
parvilucina,Pliocene,30.388803
parvilucina,Pliocene,30.388803
mulinia,Pliocene,30.388803
noetia,Pliocene,30.388803
crepidula,Pliocene,27.395031
chama,Pliocene,27.395031
chama,Pliocene,27.395031
chama,Pliocene,27.395031
crepidula,Pliocene,27.395031
parvilucina,Pliocene,27.395031
mulinia,Pliocene,27.395031
mulinia,Pliocene,27.395031
chama,Pliocene,27.395031
chama,Pliocene,27.395031
crepidula,Pliocene,27.395031
crepidula,Pliocene,27.395031
crepidula,Pliocene,27.395031
crepidula,Pliocene,27.366642
chama,Pliocene,27.366642
parvilucina,Pliocene,27.366642
chama,Pliocene,27.366642
noetia,Pliocene,27.366642
crepidula,Pliocene,27.366642
crepidula,Pliocene,27.366642
crepidula,Pliocene,27.366642
crepidula,Pliocene,27.366642
crepidula,Pliocene,27.366642
crepidula,Pliocene,27.366642
crepidula,Pliocene,27.366642
chama,Pliocene,27.366642
crepidula,Pliocene,27.366642
crepidula,Pliocene,27.366642
crepidula,Pliocene,27.366642
crepidula,Pliocene,27.366642
crepidula,Pliocene,27.366642
crepidula,Pliocene,27.366642
crepidula,Pliocene,27.366642
chama,Pliocene,27.3708
modiolus,Pliocene,30.388043
astarte,Pliocene,30.388043
astarte,Pliocene,30.388043
cyclocardia,Pliocene,30.386591
astarte,Pliocene,30.386591
cyclocardia,Pliocene,30.386591
noetia,Pliocene,30.388043
crepidula,Pliocene,26.1681
cyclocardia,Pliocene,30.386591
cyclocardia,Pliocene,30.386591
cyclocardia,Pliocene,30.386591
cyclocardia,Pliocene,30.386591
cyclocardia,Pliocene,30.386591
cyclocardia,Pliocene,30.386591
cyclocardia,Pliocene,30.386591
cyclocardia,Pliocene,30.386591
cyclocardia,Pliocene,30.386591
cyclocardia,Pliocene,30.386591
cyclocardia,Pliocene,30.386591
cyclocardia,Pliocene,30.386591
cyclocardia,Pliocene,30.386591
mulinia,Pliocene,30.386591
mulinia,Pliocene,30.386591
mulinia,Pliocene,30.386591
mulinia,Pliocene,30.386591
mulinia,Pliocene,30.386591
mulinia,Pliocene,30.386591
mulinia,Pliocene,30.386591
mulinia,Pliocene,30.386591
mulinia,Pliocene,30.386591
parvilucina,Pliocene,30.386591
parvilucina,Pliocene,30.386591
parvilucina,Pliocene,30.386591
parvilucina,Pliocene,30.386591
parvilucina,Pliocene,30.386591
parvilucina,Pliocene,30.386591
parvilucina,Pliocene,30.386591
parvilucina,Pliocene,30.386591
parvilucina,Pliocene,30.386591
parvilucina,Pliocene,30.386591
parvilucina,Pliocene,30.386591
parvilucina,Pliocene,30.386591
parvilucina,Pliocene,30.386591
parvilucina,Pliocene,30.386591
parvilucina,Pliocene,30.386591
parvilucina,Pliocene,30.386591
parvilucina,Pliocene,30.386591
parvilucina,Pliocene,30.386591
parvilucina,Pliocene,30.386591
parvilucina,Pliocene,30.386591
parvilucina,Pliocene,30.386591
parvilucina,Pliocene,30.386591
parvilucina,Pliocene,30.386591
parvilucina,Pliocene,30.386591
parvilucina,Pliocene,30.386591
parvilucina,Pliocene,30.386591
parvilucina,Pliocene,30.386591
parvilucina,Pliocene,30.386591
parvilucina,Pliocene,30.386591
parvilucina,Pliocene,30.386591
parvilucina,Pliocene,30.386591
parvilucina,Pliocene,30.386591
parvilucina,Pliocene,30.386591
parvilucina,Pliocene,30.386591
parvilucina,Pliocene,30.386591
parvilucina,Pliocene,30.386591
parvilucina,Pliocene,30.386591
parvilucina,Pliocene,30.386591
parvilucina,Pliocene,30.386591
parvilucina,Pliocene,30.386591
parvilucina,Pliocene,30.386591
parvilucina,Pliocene,30.386591
parvilucina,Pliocene,30.386591
parvilucina,Pliocene,30.386591
parvilucina,Pliocene,30.386591
parvilucina,Pliocene,30.386591
parvilucina,Pliocene,30.386591
parvilucina,Pliocene,30.386591
parvilucina,Pliocene,30.386591
parvilucina,Pliocene,30.386591
parvilucina,Pliocene,30.386591
parvilucina,Pliocene,30.386591
parvilucina,Pliocene,30.386591
parvilucina,Pliocene,30.386591
parvilucina,Pliocene,30.386591
parvilucina,Pliocene,30.386591
parvilucina,Pliocene,30.386591
parvilucina,Pliocene,30.386591
parvilucina,Pliocene,30.386591
parvilucina,Pliocene,30.386591
parvilucina,Pliocene,30.386591
parvilucina,Pliocene,30.386591
parvilucina,Pliocene,30.386591
parvilucina,Pliocene,30.386591
parvilucina,Pliocene,30.386591
parvilucina,Pliocene,30.386591
parvilucina,Pliocene,30.386591
parvilucina,Pliocene,30.386591
parvilucina,Pliocene,30.386591
parvilucina,Pliocene,30.386591
parvilucina,Pliocene,30.386591
parvilucina,Pliocene,30.386591
parvilucina,Pliocene,30.386591
parvilucina,Pliocene,30.386591
parvilucina,Pliocene,30.386591
parvilucina,Pliocene,30.386591
parvilucina,Pliocene,30.386591
parvilucina,Pliocene,30.386591
parvilucina,Pliocene,30.386591
parvilucina,Pliocene,30.386591
parvilucina,Pliocene,30.386591
parvilucina,Pliocene,30.386591
parvilucina,Pliocene,30.386591
parvilucina,Pliocene,30.386591
parvilucina,Pliocene,30.386591
parvilucina,Pliocene,30.386591
parvilucina,Pliocene,30.386591
parvilucina,Pliocene,30.386591
parvilucina,Pliocene,30.386591
parvilucina,Pliocene,30.386591
parvilucina,Pliocene,30.386591
parvilucina,Pliocene,30.386591
parvilucina,Pliocene,30.386591
parvilucina,Pliocene,30.386591
parvilucina,Pliocene,30.386591
parvilucina,Pliocene,30.386591
parvilucina,Pliocene,30.386591
parvilucina,Pliocene,30.386591
parvilucina,Pliocene,30.386591
parvilucina,Pliocene,30.386591
parvilucina,Pliocene,30.386591
parvilucina,Pliocene,30.386591
parvilucina,Pliocene,30.386591
parvilucina,Pliocene,30.386591
parvilucina,Pliocene,30.386591
parvilucina,Pliocene,30.386591
parvilucina,Pliocene,30.386591
parvilucina,Pliocene,30.386591
parvilucina,Pliocene,30.386591
parvilucina,Pliocene,30.386591
parvilucina,Pliocene,30.386591
parvilucina,Pliocene,30.386591
parvilucina,Pliocene,30.386591
parvilucina,Pliocene,30.386591
parvilucina,Pliocene,30.386591
parvilucina,Pliocene,30.386591
parvilucina,Pliocene,30.386591
parvilucina,Pliocene,30.386591
parvilucina,Pliocene,30.386591
parvilucina,Pliocene,30.386591
parvilucina,Pliocene,30.386591
parvilucina,Pliocene,30.386591
astarte,Pliocene,30.386591
astarte,Pliocene,30.386591
astarte,Pliocene,30.386591
astarte,Pliocene,30.386591
astarte,Pliocene,30.386591
astarte,Pliocene,30.386591
astarte,Pliocene,30.386591
astarte,Pliocene,30.386591
astarte,Pliocene,30.386591
astarte,Pliocene,30.386591
astarte,Pliocene,30.386591
astarte,Pliocene,30.386591
astarte,Pliocene,30.386591
astarte,Pliocene,30.386591
astarte,Pliocene,30.386591
astarte,Pliocene,30.386591
astarte,Pliocene,30.386591
astarte,Pliocene,30.386591
astarte,Pliocene,30.386591
astarte,Pliocene,30.386591
astarte,Pliocene,30.386591
astarte,Pliocene,30.386591
astarte,Pliocene,30.386591
astarte,Pliocene,30.386591
astarte,Pliocene,30.386591
astarte,Pliocene,30.386591
spisula,Pliocene,30.386591
spisula,Pliocene,30.386591
crepidula,Pliocene,30.386591
crepidula,Pliocene,30.386591
crepidula,Pliocene,30.386591
chama,Pliocene,30.386591
chama,Pliocene,30.386591
chama,Pliocene,30.386591
chama,Pliocene,30.386591
chama,Pliocene,30.386591
chama,Pliocene,30.386591
chama,Pliocene,30.386591
crepidula,Pliocene,30.386591
crepidula,Pliocene,30.386591
crepidula,Pliocene,30.386591
crepidula,Pliocene,30.386591
crepidula,Pliocene,30.386591
crepidula,Pliocene,30.386591
crepidula,Pliocene,30.386591
crepidula,Pliocene,30.386591
parvilucina,Pliocene,30.386591
parvilucina,Pliocene,30.386591
parvilucina,Pliocene,30.386591
parvilucina,Pliocene,30.386591
parvilucina,Pliocene,30.386591
parvilucina,Pliocene,30.386591
parvilucina,Pliocene,30.386591
parvilucina,Pliocene,30.386591
parvilucina,Pliocene,30.386591
parvilucina,Pliocene,30.386591
parvilucina,Pliocene,30.386591
parvilucina,Pliocene,30.386591
parvilucina,Pliocene,30.386591
parvilucina,Pliocene,30.386591
parvilucina,Pliocene,30.386591
parvilucina,Pliocene,30.386591
parvilucina,Pliocene,30.386591
parvilucina,Pliocene,30.386591
parvilucina,Pliocene,30.386591
parvilucina,Pliocene,30.386591
parvilucina,Pliocene,30.386591
parvilucina,Pliocene,30.386591
parvilucina,Pliocene,30.386591
parvilucina,Pliocene,30.386591
parvilucina,Pliocene,30.386591
parvilucina,Pliocene,30.386591
parvilucina,Pliocene,30.386591
parvilucina,Pliocene,30.386591
parvilucina,Pliocene,30.386591
parvilucina,Pliocene,30.386591
parvilucina,Pliocene,30.386591
parvilucina,Pliocene,30.386591
parvilucina,Pliocene,30.386591
parvilucina,Pliocene,30.386591
parvilucina,Pliocene,30.386591
parvilucina,Pliocene,30.386591
parvilucina,Pliocene,30.386591
parvilucina,Pliocene,30.386591
parvilucina,Pliocene,30.386591
parvilucina,Pliocene,30.386591
parvilucina,Pliocene,30.386591
parvilucina,Pliocene,30.386591
parvilucina,Pliocene,30.386591
parvilucina,Pliocene,30.386591
parvilucina,Pliocene,30.386591
parvilucina,Pliocene,30.386591
parvilucina,Pliocene,30.386591
parvilucina,Pliocene,30.386591
parvilucina,Pliocene,30.386591
parvilucina,Pliocene,30.386591
parvilucina,Pliocene,30.386591
parvilucina,Pliocene,30.386591
parvilucina,Pliocene,30.386591
parvilucina,Pliocene,30.386591
parvilucina,Pliocene,30.386591
parvilucina,Pliocene,30.386591
parvilucina,Pliocene,30.386591
parvilucina,Pliocene,30.386591
parvilucina,Pliocene,30.386591
parvilucina,Pliocene,30.386591
parvilucina,Pliocene,30.386591
parvilucina,Pliocene,30.386591
parvilucina,Pliocene,30.386591
parvilucina,Pliocene,30.386591
parvilucina,Pliocene,30.386591
parvilucina,Pliocene,30.386591
parvilucina,Pliocene,30.386591
parvilucina,Pliocene,30.386591
parvilucina,Pliocene,30.386591
parvilucina,Pliocene,30.386591
parvilucina,Pliocene,30.386591
parvilucina,Pliocene,30.386591
modiolus,Pliocene,30.386591
modiolus,Pliocene,30.386591
modiolus,Pliocene,30.386591
modiolus,Pliocene,30.386591
mulinia,Pliocene,30.4642
mulinia,Pliocene,30.4642
mulinia,Pliocene,30.4642
mulinia,Pliocene,30.4642
mulinia,Pliocene,30.4642
mulinia,Pliocene,30.4642
mulinia,Pliocene,30.4642
mulinia,Pliocene,30.4642
mulinia,Pliocene,30.4642
mulinia,Pliocene,30.4642
mulinia,Pliocene,30.4642
mulinia,Pliocene,30.4642
mulinia,Pliocene,30.4642
mulinia,Pliocene,30.4642
mulinia,Pliocene,30.4642
mulinia,Pliocene,30.4642
mulinia,Pliocene,30.4642
spisula,Pliocene,27.366642
chama,Pliocene,27.366642
chama,Pliocene,27.366642
crepidula,Pliocene,27.366642
crepidula,Pliocene,27.366642
crepidula,Pliocene,27.366642
crepidula,Pliocene,27.366642
crepidula,Pliocene,27.366642
astarte,Pliocene,37.035531
astarte,Pliocene,37.035531
mulinia,Pliocene,37.035531
chama,Pliocene,37.035531
chama,Pliocene,37.035531
chama,Pliocene,37.035531
noetia,Pliocene,37.035531
noetia,Pliocene,37.035531
chesapecten,Pliocene,37.035531
crepidula,Pliocene,37.035531
noetia,Pliocene,30.386591
crepidula,Pliocene,30.386591
crepidula,Pliocene,30.386591
crepidula,Pliocene,30.386591
cyclocardia,Pliocene,30.386591
cyclocardia,Pliocene,30.386591
cyclocardia,Pliocene,30.386591
astarte,Pliocene,30.386591
mulinia,Pliocene,30.386591
chama,Pliocene,30.386591
chesapecten,Pliocene,37.035531
chesapecten,Pliocene,37.035531
chesapecten,Pliocene,37.035531
noetia,Pliocene,27.366642
parvilucina,Pliocene,30.4642
cyclocardia,Pliocene,30.4447
cyclocardia,Pliocene,30.4447
cyclocardia,Pliocene,30.4447
cyclocardia,Pliocene,30.4447
cyclocardia,Pliocene,30.4447
cyclocardia,Pliocene,30.4447
cyclocardia,Pliocene,30.4447
cyclocardia,Pliocene,30.4447
cyclocardia,Pliocene,30.4447
cyclocardia,Pliocene,30.4447
cyclocardia,Pliocene,30.4447
cyclocardia,Pliocene,30.4447
cyclocardia,Pliocene,30.4447
cyclocardia,Pliocene,30.4447
cyclocardia,Pliocene,30.4447
cyclocardia,Pliocene,30.4447
cyclocardia,Pliocene,30.4447
cyclocardia,Pliocene,30.4447
cyclocardia,Pliocene,30.4447
cyclocardia,Pliocene,30.4447
cyclocardia,Pliocene,30.4447
cyclocardia,Pliocene,30.4447
chama,Pliocene,25.8133
chama,Pliocene,25.8133
chesapecten,Pliocene,27.375123
chesapecten,Pliocene,27.3708
chesapecten,Pliocene,27.375123
chesapecten,Pliocene,27.375123
chesapecten,Pliocene,27.375123
chesapecten,Pliocene,27.375123
chesapecten,Pliocene,27.375123
crepidula,Pliocene,27.3125
crepidula,Pliocene,27.3125
crepidula,Pliocene,27.3125
chama,Pliocene,30.386591
chama,Pliocene,30.386591
chama,Pliocene,30.386591
chama,Pliocene,30.386591
chama,Pliocene,30.386591
chama,Pliocene,30.386591
chama,Pliocene,30.386591
chama,Pliocene,30.386591
chama,Pliocene,30.386591
chama,Pliocene,30.386591
chama,Pliocene,30.386591
chama,Pliocene,30.386591
chama,Pliocene,30.386591
chama,Pliocene,30.386591
chama,Pliocene,30.386591
chama,Pliocene,30.386591
chama,Pliocene,30.386591
chama,Pliocene,30.386591
chama,Pliocene,30.386591
astarte,Pliocene,30.4642
astarte,Pliocene,26.285328
astarte,Pliocene,27.306923
astarte,Pliocene,27.306923
chama,Pliocene,27.270925
mulinia,Pliocene,27.306923
cyclocardia,Pliocene,27.306923
cyclocardia,Pliocene,27.0776
crepidula,Pliocene,27.366642
chama,Pliocene,27.366642
chama,Pliocene,27.366642
chama,Pliocene,27.366642
chama,Pliocene,27.366642
chama,Pliocene,27.366642
astarte,Pliocene,27.3307
mulinia,Pliocene,27.292966
chama,Pliocene,27.360528
chama,Pliocene,27.360528
chama,Pliocene,27.366642
chama,Pliocene,27.366642
chama,Pliocene,27.368032
chama,Pliocene,27.368032
cyclocardia,Pliocene,30.386591
astarte,Pliocene,30.386591
mulinia,Pliocene,30.386591
astarte,Pliocene,27.270925
chama,Pliocene,27.366642
crepidula,Pliocene,27.002965
crepidula,Pliocene,27.002965
chama,Pliocene,27.002965
chama,Pliocene,27.002965
crepidula,Pliocene,26.297
noetia,Pliocene,27.270925
noetia,Pliocene,27.2339
noetia,Pliocene,27.292966
noetia,Pliocene,27.233526
noetia,Pliocene,27.233526
astarte,Pliocene,27.328354
astarte,Pliocene,27.328354
astarte,Pliocene,27.328354
astarte,Pliocene,27.328354
astarte,Pliocene,27.328354
cyclocardia,Pliocene,27.328354
cyclocardia,Pliocene,27.3404
spisula,Pliocene,27.3041
cyclocardia,Pliocene,27.3041
astarte,Pliocene,27.3041
crepidula,Pliocene,27.043433
chama,Pliocene,27.366642
cyclocardia,Pliocene,27.366642
chama,Pliocene,27.366642
chama,Pliocene,26.307554
chama,Pliocene,26.307554
chama,Pliocene,25.8133
chama,Pliocene,25.8133
astarte,Pliocene,27.3404
astarte,Pliocene,27.3404
astarte,Pliocene,27.3404
astarte,Pliocene,27.3404
astarte,Pliocene,27.3404
astarte,Pliocene,27.361199
chama,Pliocene,27.361199
cyclocardia,Pliocene,27.361199
chama,Pliocene,26.250073
astarte,Pliocene,27.233526
chama,Pliocene,26.9814
spisula,Pliocene,27.0117
spisula,Pliocene,25.761778
spisula,Pliocene,25.761778
spisula,Pliocene,25.761778
chama,Pliocene,26.785129
astarte,Pliocene,25.7199
astarte,Pliocene,27.3041
astarte,Pliocene,27.3041
astarte,Pliocene,27.3041
chama,Pliocene,27.011176
chama,Pliocene,27.011176
chama,Pliocene,27.011176
chama,Pliocene,27.366642
chama,Pliocene,27.366642
cyclocardia,Pliocene,27.366642
mulinia,Pliocene,27.366642
cyclocardia,Pliocene,27.366642
cyclocardia,Pliocene,25.725979
astarte,Pliocene,25.725979
chama,Pliocene,27.366642
chama,Pliocene,27.0776
chama,Pliocene,27.0776
chama,Pliocene,27.0776
chama,Pliocene,27.0776
chama,Pliocene,27.0776
chama,Pliocene,27.0776
chama,Pliocene,27.0776
chama,Pliocene,27.0776
chama,Pliocene,27.366642
chama,Pliocene,27.366642
chama,Pliocene,27.366642
chama,Pliocene,27.366642
chama,Pliocene,27.366642
chama,Pliocene,30.386591
chama,Pliocene,30.386591
chama,Pliocene,27.0776
chama,Pliocene,27.0776
chama,Pliocene,27.0776
chama,Pliocene,27.0776
chama,Pliocene,27.0776
cyclocardia,Pliocene,27.3307
cyclocardia,Pliocene,27.3307
mulinia,Pliocene,30.388043
astarte,Pliocene,30.388043
spisula,Pliocene,30.388043
spisula,Pliocene,30.388043
spisula,Pliocene,30.388043
chama,Pliocene,27.366642
chama,Pliocene,27.366642
chama,Pliocene,27.366642
chama,Pliocene,26.167723
chama,Pliocene,26.167723
chama,Pliocene,26.2759
chama,Pliocene,26.2759
chama,Pliocene,26.2759
chama,Pliocene,26.2759
chama,Pliocene,26.2759
chama,Pliocene,26.2759
chama,Pliocene,26.2759
chama,Pliocene,26.2759
chama,Pliocene,26.2759
crepidula,Pliocene,27.3307
chama,Pliocene,27.366642
chama,Pliocene,27.366642
chama,Pliocene,27.366642
chama,Pliocene,27.366642
chama,Pliocene,27.366642
chama,Pliocene,27.366642
chama,Pliocene,27.366642
chama,Pliocene,27.366642
chama,Pliocene,27.366642
chama,Pliocene,27.366642
chama,Pliocene,27.366642
chama,Pliocene,27.366642
chama,Pliocene,27.366642
chama,Pliocene,27.366642
chama,Pliocene,27.366642
chama,Pliocene,27.366642
chama,Pliocene,27.366642
chama,Pliocene,27.366642
chama,Pliocene,27.366642
chama,Pliocene,27.366642
chama,Pliocene,27.366642
chama,Pliocene,27.366642
chama,Pliocene,27.366642
cyclocardia,Pliocene,27.366642
crepidula,Pliocene,27.366642
chama,Pliocene,27.366642
chama,Pliocene,27.366642
chama,Pliocene,27.366642
astarte,Pliocene,27.3307
astarte,Pliocene,27.3307
mulinia,Pliocene,27.3307
astarte,Pliocene,27.3307
crepidula,Pliocene,27.2148
crepidula,Pliocene,27.2148
crepidula,Pliocene,27.2148
noetia,Pliocene,27.2148
chama,Pliocene,27.2148
mulinia,Pliocene,27.2148
cyclocardia,Pliocene,27.3404
mulinia,Pliocene,27.3404
mulinia,Pliocene,27.3404
mulinia,Pliocene,27.3404
noetia,Pliocene,27.3404
chama,Pliocene,27.3404
chama,Pliocene,27.3404
crepidula,Pliocene,26.833852
crepidula,Pliocene,26.833852
noetia,Pliocene,26.833852
crepidula,Pliocene,26.833852
chama,Pliocene,27.3041
chama,Pliocene,27.3041
chama,Pliocene,27.3041
crepidula,Pliocene,26.833852
crepidula,Pliocene,27.366642
chama,Pliocene,27.366642
cyclocardia,Pliocene,30.386591
cyclocardia,Pliocene,30.386591
cyclocardia,Pliocene,30.386591
cyclocardia,Pliocene,30.386591
cyclocardia,Pliocene,30.386591
cyclocardia,Pliocene,30.386591
cyclocardia,Pliocene,30.386591
cyclocardia,Pliocene,30.386591
cyclocardia,Pliocene,30.386591
cyclocardia,Pliocene,30.386591
cyclocardia,Pliocene,30.386591
cyclocardia,Pliocene,30.386591
cyclocardia,Pliocene,30.386591
cyclocardia,Pliocene,30.386591
cyclocardia,Pliocene,30.386591
cyclocardia,Pliocene,30.386591
cyclocardia,Pliocene,30.386591
cyclocardia,Pliocene,30.386591
cyclocardia,Pliocene,30.386591
cyclocardia,Pliocene,30.386591
cyclocardia,Pliocene,30.386591
cyclocardia,Pliocene,30.386591
cyclocardia,Pliocene,30.386591
cyclocardia,Pliocene,30.386591
cyclocardia,Pliocene,30.386591
cyclocardia,Pliocene,30.386591
cyclocardia,Pliocene,30.386591
cyclocardia,Pliocene,30.386591
cyclocardia,Pliocene,30.386591
cyclocardia,Pliocene,30.386591
cyclocardia,Pliocene,30.386591
modiolus,Pliocene,26.271993
modiolus,Pliocene,26.271993
modiolus,Pliocene,26.271993
chesapecten,Pliocene,26.271993
mulinia,Pliocene,27.21523
crepidula,Pliocene,27.280291
crepidula,Pliocene,27.280291
chama,Pliocene,27.280291
chama,Pliocene,27.3125
chama,Pliocene,27.0776
noetia,Pliocene,27.0776
modiolus,Pliocene,27.0776
modiolus,Pliocene,27.0776
chama,Pliocene,27.361199
chesapecten,Pliocene,27.361199
chama,Pliocene,27.2339
chama,Pliocene,27.2339
chama,Pliocene,27.2339
chama,Pliocene,27.2339
chama,Pliocene,27.2339
chama,Pliocene,25.7877
chama,Pliocene,25.7877
chama,Pliocene,25.7877
spisula,Pliocene,25.7877
spisula,Pliocene,25.7877
spisula,Pliocene,25.7877
spisula,Pliocene,25.7877
noetia,Pliocene,27.21523
chama,Pliocene,27.21523
chama,Pliocene,27.21523
mulinia,Pliocene,27.21523
mulinia,Pliocene,27.21523
mulinia,Pliocene,27.21523
mulinia,Pliocene,27.21523
mulinia,Pliocene,27.21523
crepidula,Pliocene,27.21523
crepidula,Pliocene,27.21523
crepidula,Pliocene,27.21523
noetia,Pliocene,27.21523
chama,Pliocene,26.527775
crepidula,Pliocene,26.167723
crepidula,Pliocene,26.167723
mulinia,Pliocene,26.167723
crepidula,Pliocene,26.167723
chama,Pliocene,26.171741
crepidula,Pliocene,27.007282
chama,Pliocene,27.007282
chama,Pliocene,27.007282
chama,Pliocene,27.007282
noetia,Pliocene,27.066
crepidula,Pliocene,27.066
cyclocardia,Pliocene,27.066
mulinia,Pliocene,27.029723
crepidula,Pliocene,27.029723
noetia,Pliocene,27.029723
crepidula,Pliocene,26.1681
crepidula,Pliocene,26.171741
crepidula,Pliocene,26.171741
spisula,Pliocene,27.2339
astarte,Pliocene,27.2339
astarte,Pliocene,27.2339
mulinia,Pliocene,27.2339
spisula,Pliocene,26.250073
mulinia,Pliocene,26.250073
chama,Pliocene,26.250073
chama,Pliocene,27.0776
crepidula,Pliocene,27.011176
crepidula,Pliocene,27.011176
spisula,Pliocene,25.992
crepidula,Pliocene,27.366642
astarte,Pliocene,27.366642
crepidula,Pliocene,27.366642
crepidula,Pliocene,27.366642
crepidula,Pliocene,27.366642
crepidula,Pliocene,27.366642
noetia,Pliocene,27.366642
mulinia,Pliocene,27.366642
crepidula,Pliocene,27.3041
crepidula,Pliocene,27.292966
crepidula,Pliocene,27.292966
mulinia,Pliocene,27.292966
chama,Pliocene,27.292966
chama,Pliocene,27.292966
chama,Pliocene,27.002965
chama,Pliocene,27.002965
chama,Pliocene,27.002965
crepidula,Pliocene,27.002965
crepidula,Pliocene,27.002965
crepidula,Pliocene,27.002965
noetia,Pliocene,27.292966
crepidula,Pliocene,25.7877
crepidula,Pliocene,25.7877
crepidula,Pliocene,27.2339
crepidula,Pliocene,27.2339
crepidula,Pliocene,27.2339
mulinia,Pliocene,27.2339
chama,Pliocene,27.2339
chama,Pliocene,27.2339
crepidula,Pliocene,27.270925
crepidula,Pliocene,27.270925
crepidula,Pliocene,27.002965
crepidula,Pliocene,27.002965
crepidula,Pliocene,27.002965
crepidula,Pliocene,25.7199
chama,Pliocene,25.761778
chama,Pliocene,25.761778
crepidula,Pliocene,27.361199
crepidula,Pliocene,27.361199
spisula,Pliocene,25.761778
modiolus,Pliocene,31.12301
chama,Pliocene,31.12301
chama,Pliocene,31.131654
parvilucina,Pliocene,31.131654
chama,Pliocene,31.131654
cyclocardia,Pliocene,31.131654
chama,Pliocene,31.131654
astarte,Pliocene,31.131654
mulinia,Pliocene,31.12301
astarte,Pliocene,31.12301
astarte,Pliocene,31.12301
cyclocardia,Pliocene,31.12301
cyclocardia,Pliocene,31.12301
crepidula,Pliocene,31.12301
chesapecten,Pliocene,31.12301
cyclocardia,Pliocene,31.12301
astarte,Pliocene,31.12301
astarte,Pliocene,31.12301
astarte,Pliocene,31.12301
chama,Pliocene,31.12301
crepidula,Pliocene,31.12301
crepidula,Pliocene,31.12301
mulinia,Pliocene,31.12301
chama,Pliocene,31.12301
chesapecten,Pliocene,31.12301
chesapecten,Pliocene,31.12301
chesapecten,Pliocene,31.12301
chama,Pliocene,27.070323
chama,Pliocene,27.070323
chama,Pliocene,27.070323
chama,Pliocene,27.070323
crepidula,Pliocene,31.12301
crepidula,Pliocene,31.12301
chama,Pliocene,31.12301
cyclocardia,Pliocene,31.12301
chama,Pliocene,27.070323
chama,Pliocene,27.070323
chama,Pliocene,27.070323
noetia,Pliocene,27.070323
crepidula,Pliocene,27.070323
crepidula,Pliocene,27.070323
crepidula,Pliocene,27.070323
cyclocardia,Pliocene,31.12301
noetia,Pliocene,31.12301
crepidula,Pliocene,31.12301
crepidula,Pliocene,31.12301
chama,Pliocene,31.12301
chama,Pliocene,31.12301
noetia,Pliocene,31.12301
chama,Pliocene,31.12301
crepidula,Pliocene,31.12301
crepidula,Pliocene,31.12301
noetia,Pliocene,31.12301
noetia,Pliocene,31.12301
noetia,Pliocene,31.12301
noetia,Pliocene,31.12301
noetia,Pliocene,31.12301
noetia,Pliocene,31.12301
cyclocardia,Pliocene,31.12301
astarte,Pliocene,31.12301
astarte,Pliocene,31.12301
cyclocardia,Pliocene,31.12301
cyclocardia,Pliocene,31.12301
cyclocardia,Pliocene,31.12301
cyclocardia,Pliocene,31.12301
cyclocardia,Pliocene,31.12301
cyclocardia,Pliocene,31.12301
astarte,Pliocene,31.12301
spisula,Pliocene,31.12301
noetia,Pliocene,31.12301
noetia,Pliocene,31.12301
mulinia,Pliocene,31.12301
crepidula,Pliocene,31.12301
astarte,Pliocene,31.12301
chama,Pliocene,31.12301
mulinia,Pliocene,31.12301
mulinia,Pliocene,31.12301
mulinia,Pliocene,31.12301
cyclocardia,Pliocene,31.131654
mulinia,Pliocene,31.131654
astarte,Pliocene,31.131654
chesapecten,Pliocene,31.131654
chesapecten,Pliocene,31.131654
astarte,Pliocene,31.131654
cyclocardia,Pliocene,31.12301
astarte,Pliocene,31.12301
cyclocardia,Pliocene,31.12301
cyclocardia,Pliocene,31.12301
cyclocardia,Pliocene,31.12301
chesapecten,Pliocene,31.131654
chama,Pliocene,31.131654
chesapecten,Pliocene,31.131654
mulinia,Pliocene,31.131654
astarte,Pliocene,31.131654
cyclocardia,Pliocene,31.131654
mulinia,Pliocene,31.131654
chesapecten,Pliocene,31.131654
noetia,Pliocene,27.233526
noetia,Pliocene,27.233526
modiolus,Pliocene,27.233526
crepidula,Pliocene,26.279214
mulinia,Pliocene,26.279214
chama,Pliocene,26.279214
chama,Pliocene,26.2822
chama,Pliocene,26.2822
crepidula,Pliocene,27.3125
crepidula,Pliocene,27.3125
chesapecten,Pliocene,31.131654
crepidula,Pliocene,27.3125
crepidula,Pliocene,27.3125
crepidula,Pliocene,27.3125
noetia,Pliocene,27.328354
crepidula,Pliocene,27.328354
crepidula,Pliocene,27.328354
mulinia,Pliocene,27.328354
crepidula,Pliocene,27.3125
mulinia,Pliocene,30.4642
mulinia,Pliocene,27.0776
mulinia,Pliocene,27.0776
astarte,Pliocene,27.0776
chama,Pliocene,27.0776
chama,Pliocene,27.0776
chama,Pliocene,27.0776
noetia,Pliocene,26.785129
crepidula,Pliocene,26.307554
noetia,Pliocene,26.307554
noetia,Pliocene,26.307554
noetia,Pliocene,26.307554
cyclocardia,Pliocene,31.12301
mulinia,Pliocene,31.12301
astarte,Pliocene,31.140092
astarte,Pliocene,31.140092
astarte,Pliocene,31.140092
astarte,Pliocene,31.140092
astarte,Pliocene,31.140092
astarte,Pliocene,31.140092
astarte,Pliocene,31.140092
mulinia,Pliocene,31.140092
mulinia,Pliocene,31.140092
mulinia,Pliocene,31.140092
mulinia,Pliocene,31.140092
mulinia,Pliocene,31.140092
mulinia,Pliocene,31.140092
cyclocardia,Pliocene,31.140092
cyclocardia,Pliocene,31.140092
cyclocardia,Pliocene,31.140092
cyclocardia,Pliocene,31.140092
spisula,Pliocene,31.140092
astarte,Pliocene,31.140092
mulinia,Pliocene,31.140092
chesapecten,Pliocene,31.408266
chesapecten,Pliocene,31.408266
chesapecten,Pliocene,31.408266
chesapecten,Pliocene,31.408266
astarte,Pliocene,31.130966
mulinia,Pliocene,31.130966
cyclocardia,Pliocene,31.130966
astarte,Pliocene,31.130966
chesapecten,Pliocene,31.408266
chesapecten,Pliocene,31.108353
chesapecten,Pliocene,31.108353
chesapecten,Pliocene,31.108353
cyclocardia,Pliocene,31.130966
cyclocardia,Pliocene,31.130966
mulinia,Pliocene,31.140092
cyclocardia,Pliocene,31.140092
astarte,Pliocene,31.140092
astarte,Pliocene,31.140092
astarte,Pliocene,31.140092
astarte,Pliocene,31.140092
astarte,Pliocene,31.140092
astarte,Pliocene,31.140092
astarte,Pliocene,31.140092
chama,Pliocene,31.140092
astarte,Pliocene,31.140092
noetia,Pliocene,31.12301
crepidula,Pliocene,31.12301
crepidula,Pliocene,31.12301
crepidula,Pliocene,31.12301
chama,Pliocene,31.12301
mulinia,Pliocene,31.140092
mulinia,Pliocene,31.140092
cyclocardia,Pliocene,31.140092
cyclocardia,Pliocene,31.140092
cyclocardia,Pliocene,31.140092
cyclocardia,Pliocene,31.140092
cyclocardia,Pliocene,31.140092
cyclocardia,Pliocene,31.140092
cyclocardia,Pliocene,31.140092
cyclocardia,Pliocene,31.140092
cyclocardia,Pliocene,31.140092
cyclocardia,Pliocene,31.140092
astarte,Pliocene,31.140092
chama,Pliocene,31.140092
spisula,Pliocene,31.140092
noetia,Pliocene,31.140092
spisula,Pliocene,31.140092
chama,Pliocene,31.140092
crepidula,Pliocene,31.140092
spisula,Pliocene,31.140092
spisula,Pliocene,31.140092
mulinia,Pliocene,31.140092
astarte,Pliocene,31.140092
cyclocardia,Pliocene,31.140092
crepidula,Pliocene,31.12301
noetia,Pliocene,31.12301
noetia,Pliocene,31.12301
noetia,Pliocene,31.12301
chesapecten,Pliocene,27.375123
chesapecten,Pliocene,27.375123
chesapecten,Pliocene,27.375123
chesapecten,Pliocene,27.375123
chesapecten,Pliocene,27.375123
chesapecten,Pliocene,27.375123
chesapecten,Pliocene,27.375123
chesapecten,Pliocene,27.375123
chesapecten,Pliocene,27.375123
chesapecten,Pliocene,27.375123
noetia,Pliocene,31.108353
mulinia,Pliocene,31.108353
chama,Pliocene,31.108353
crepidula,Pliocene,31.108353
cyclocardia,Pliocene,31.108353
mulinia,Pliocene,31.108353
crepidula,Pliocene,31.108353
mulinia,Pliocene,31.12301
chesapecten,Pliocene,31.130966
mulinia,Pliocene,31.130966
astarte,Pliocene,31.108353
mulinia,Pliocene,31.108353
chesapecten,Pliocene,31.108353
chesapecten,Pliocene,31.108353
crepidula,Pliocene,31.108353
mulinia,Pliocene,31.108353
crepidula,Pliocene,31.108353
spisula,Pliocene,31.108353
noetia,Pliocene,31.108353
astarte,Pliocene,31.108353
cyclocardia,Pliocene,31.108353
chama,Pliocene,31.140092
chesapecten,Pliocene,31.140092
astarte,Pliocene,31.140092
crepidula,Pliocene,26.15269
chesapecten,Pliocene,31.12301
crepidula,Pliocene,31.12301
crepidula,Pliocene,31.12301
crepidula,Pliocene,31.12301
chesapecten,Pliocene,31.12301
noetia,Pliocene,31.12301
noetia,Pliocene,31.12301
chesapecten,Pliocene,31.12301
mulinia,Pliocene,31.12301
cyclocardia,Pliocene,31.12301
noetia,Pliocene,31.140092
chesapecten,Pliocene,31.140092
chesapecten,Pliocene,31.140092
chesapecten,Pliocene,31.140092
crepidula,Pliocene,31.131654
mulinia,Pliocene,30.4447
mulinia,Pliocene,30.4447
chesapecten,Pliocene,30.4447
cyclocardia,Pliocene,30.4447
chesapecten,Pliocene,30.4447
astarte,Pliocene,30.4447
astarte,Pliocene,30.4447
astarte,Pliocene,30.4447
astarte,Pliocene,30.4447
mulinia,Pliocene,31.130966
cyclocardia,Pliocene,31.130966
parvilucina,Pliocene,31.130966
astarte,Pliocene,31.130966
mulinia,Pliocene,31.130966
mulinia,Pliocene,31.131654
chama,Pliocene,31.131654
cyclocardia,Pliocene,33.862758
chama,Pliocene,34.238474
chama,Pliocene,34.238474
chama,Pliocene,34.238474
chama,Pliocene,34.238474
chama,Pliocene,34.238474
chama,Pliocene,34.238474
chama,Pliocene,34.238474
chama,Pliocene,34.238474
chama,Pliocene,34.238474
chama,Pliocene,34.238474
chama,Pliocene,34.238474
chama,Pliocene,34.238474
chama,Pliocene,34.238474
chama,Pliocene,34.238474
chama,Pliocene,34.238474
chama,Pliocene,34.238474
chama,Pliocene,34.238474
chama,Pliocene,34.238474
chama,Pliocene,34.238474
chama,Pliocene,34.238474
chama,Pliocene,34.238474
chama,Pliocene,34.238474
chama,Pliocene,34.238474
chama,Pliocene,34.238474
chama,Pliocene,34.238474
chama,Pliocene,34.238474
chama,Pliocene,34.238474
chama,Pliocene,34.238474
chama,Pliocene,34.238474
chama,Pliocene,34.238474
chama,Pliocene,34.238474
chama,Pliocene,34.238474
chama,Pliocene,34.238474
chama,Pliocene,34.238474
chama,Pliocene,34.238474
chama,Pliocene,34.238474
crepidula,Pliocene,27.3041
crepidula,Pliocene,27.3041
crepidula,Pliocene,27.3041
crepidula,Pliocene,27.3041
crepidula,Pliocene,27.3041
crepidula,Pliocene,27.3041
crepidula,Pliocene,27.3041
crepidula,Pliocene,27.3041
crepidula,Pliocene,27.3041
crepidula,Pliocene,27.3041
crepidula,Pliocene,27.3041
crepidula,Pliocene,27.3041
crepidula,Pliocene,27.3041
crepidula,Pliocene,27.3041
crepidula,Pliocene,27.3041
crepidula,Pliocene,27.3041
crepidula,Pliocene,27.3041
crepidula,Pliocene,27.3041
crepidula,Pliocene,27.3041
mulinia,Pliocene,27.22556
chama,Pliocene,33.862758
cyclocardia,Pliocene,33.862758
chama,Pliocene,34.238474
chama,Pliocene,34.238474
chama,Pliocene,34.238474
chama,Pliocene,34.238474
chama,Pliocene,34.238474
chama,Pliocene,34.238474
chama,Pliocene,34.238474
chama,Pliocene,34.238474
chama,Pliocene,34.238474
chama,Pliocene,34.238474
chama,Pliocene,34.238474
chama,Pliocene,34.238474
chama,Pliocene,34.238474
chama,Pliocene,34.238474
chama,Pliocene,34.238474
chama,Pliocene,34.238474
chama,Pliocene,34.238474
chama,Pliocene,34.238474
chama,Pliocene,34.238474
chama,Pliocene,34.238474
chama,Pliocene,34.238474
chama,Pliocene,34.238474
chama,Pliocene,34.238474
chama,Pliocene,34.238474
chama,Pliocene,34.238474
chama,Pliocene,34.238474
chama,Pliocene,34.238474
chama,Pliocene,34.238474
chama,Pliocene,34.238474
chama,Pliocene,34.238474
chama,Pliocene,34.238474
chama,Pliocene,34.238474
chama,Pliocene,34.238474
chama,Pliocene,34.238474
chama,Pliocene,34.238474
chama,Pliocene,34.238474
chama,Pliocene,34.238474
chama,Pliocene,34.238474
chama,Pliocene,34.238474
chama,Pliocene,34.238474
chama,Pliocene,34.238474
chama,Pliocene,34.238474
chama,Pliocene,34.238474
chama,Pliocene,34.238474
chama,Pliocene,34.238474
chama,Pliocene,34.238474
chama,Pliocene,34.238474
chama,Pliocene,34.238474
chama,Pliocene,34.238474
crepidula,Pliocene,30.38663
crepidula,Pliocene,33.862758
crepidula,Pliocene,33.862758
noetia,Pliocene,34.238474
noetia,Pliocene,34.238474
noetia,Pliocene,34.238474
noetia,Pliocene,34.238474
noetia,Pliocene,34.238474
noetia,Pliocene,34.238474
noetia,Pliocene,34.238474
noetia,Pliocene,34.238474
cyclocardia,Pliocene,31.108353
astarte,Pliocene,31.108353
mulinia,Pliocene,31.108353
cyclocardia,Pliocene,31.108353
chesapecten,Pliocene,31.108353
chama,Pliocene,31.108353
cyclocardia,Pliocene,31.108353
noetia,Pliocene,31.108353
astarte,Pliocene,31.108353
mulinia,Pliocene,31.108353
astarte,Pliocene,31.108353
noetia,Pliocene,31.108353
astarte,Pliocene,31.108353
astarte,Pliocene,31.108353
astarte,Pliocene,31.108353
mulinia,Pliocene,31.108353
noetia,Pliocene,34.238474
noetia,Pliocene,34.238474
noetia,Pliocene,34.238474
noetia,Pliocene,34.238474
noetia,Pliocene,34.238474
noetia,Pliocene,34.238474
noetia,Pliocene,34.238474
noetia,Pliocene,34.238474
noetia,Pliocene,34.238474
noetia,Pliocene,34.238474
noetia,Pliocene,34.238474
noetia,Pliocene,34.238474
noetia,Pliocene,34.238474
noetia,Pliocene,34.238474
noetia,Pliocene,34.238474
noetia,Pliocene,34.238474
noetia,Pliocene,34.238474
noetia,Pliocene,34.238474
noetia,Pliocene,34.238474
noetia,Pliocene,34.238474
noetia,Pliocene,34.238474
noetia,Pliocene,34.238474
chama,Pliocene,34.238474
chama,Pliocene,34.238474
chama,Pliocene,34.238474
chama,Pliocene,34.238474
chama,Pliocene,34.238474
chama,Pliocene,34.238474
chama,Pliocene,34.238474
chama,Pliocene,34.238474
chama,Pliocene,34.238474
chama,Pliocene,34.238474
chama,Pliocene,34.238474
chama,Pliocene,34.238474
chama,Pliocene,34.238474
chama,Pliocene,34.238474
chama,Pliocene,34.238474
chama,Pliocene,34.238474
chama,Pliocene,34.238474
chama,Pliocene,34.238474
chama,Pliocene,34.238474
chama,Pliocene,34.238474
chama,Pliocene,34.238474
chama,Pliocene,34.238474
chama,Pliocene,34.238474
chama,Pliocene,34.238474
chama,Pliocene,34.238474
chama,Pliocene,34.238474
chama,Pliocene,34.238474
chama,Pliocene,34.238474
chama,Pliocene,34.238474
chama,Pliocene,34.238474
chama,Pliocene,34.238474
chama,Pliocene,34.238474
chama,Pliocene,34.238474
parvilucina,Pliocene,34.238474
parvilucina,Pliocene,34.238474
noetia,Pliocene,34.238474
noetia,Pliocene,34.238474
noetia,Pliocene,34.238474
noetia,Pliocene,34.238474
modiolus,Pliocene,34.238474
modiolus,Pliocene,34.238474
crepidula,Pliocene,34.238474
crepidula,Pliocene,34.238474
crepidula,Pliocene,34.238474
crepidula,Pliocene,34.238474
crepidula,Pliocene,34.238474
crepidula,Pliocene,34.238474
crepidula,Pliocene,34.238474
crepidula,Pliocene,34.238474
mulinia,Pliocene,34.238474
spisula,Pliocene,34.238474
astarte,Pliocene,34.238474
astarte,Pliocene,34.238474
astarte,Pliocene,34.238474
astarte,Pliocene,34.238474
astarte,Pliocene,34.238474
astarte,Pliocene,34.238474
astarte,Pliocene,34.238474
astarte,Pliocene,34.238474
astarte,Pliocene,34.238474
mulinia,Pliocene,34.878384
crepidula,Pliocene,34.878384
chama,Pliocene,34.238474
noetia,Pliocene,34.238474
noetia,Pliocene,34.238474
noetia,Pliocene,34.238474
noetia,Pliocene,34.238474
noetia,Pliocene,34.238474
noetia,Pliocene,34.238474
noetia,Pliocene,34.238474
chama,Pliocene,34.238474
chama,Pliocene,34.238474
chama,Pliocene,34.238474
chama,Pliocene,34.238474
chama,Pliocene,34.238474
noetia,Pliocene,26.293773
mulinia,Pliocene,26.293773
chesapecten,Pliocene,27.375123
chesapecten,Pliocene,27.375123
crepidula,Pliocene,27.3125
crepidula,Pliocene,27.3125
noetia,Pliocene,27.3125
mulinia,Pliocene,27.0117
chama,Pliocene,34.238474
chama,Pliocene,34.238474
chama,Pliocene,34.238474
chama,Pliocene,34.238474
chama,Pliocene,34.238474
cyclocardia,Pliocene,34.238474
cyclocardia,Pliocene,34.238474
cyclocardia,Pliocene,34.238474
cyclocardia,Pliocene,34.238474
chama,Pliocene,30.4447
chama,Pliocene,30.4447
cyclocardia,Pliocene,30.4447
spisula,Pliocene,30.4447
crepidula,Pliocene,30.4447
mulinia,Pliocene,27.368032
crepidula,Pliocene,25.8133
chama,Pliocene,25.8133
mulinia,Pliocene,26.1678
modiolus,Pliocene,26.2759
chama,Pliocene,26.1681
chama,Pliocene,26.1681
chama,Pliocene,26.1681
mulinia,Pliocene,26.1681
chama,Pliocene,26.1681
chama,Pliocene,25.8133
chama,Pliocene,25.8133
spisula,Pliocene,25.8133
modiolus,Pliocene,25.8133
chama,Pliocene,25.8133
crepidula,Pliocene,26.297
crepidula,Pliocene,26.297
chama,Pliocene,26.297
crepidula,Pliocene,26.297
chama,Pliocene,26.297
astarte,Pliocene,31.131654
cyclocardia,Pliocene,31.131654
astarte,Pliocene,31.131654
astarte,Pliocene,31.131654
noetia,Pliocene,31.12301
cyclocardia,Pliocene,31.12301
astarte,Pliocene,31.12301
crepidula,Pliocene,31.12301
astarte,Pliocene,31.12301
mulinia,Pliocene,31.12301
astarte,Pliocene,31.12301
astarte,Pliocene,31.12301
crepidula,Pliocene,26.044561
astarte,Pliocene,26.044561
chama,Pliocene,26.044561
chama,Pliocene,26.044561
crepidula,Pliocene,26.044561
crepidula,Pliocene,26.044561
crepidula,Pliocene,26.044561
chama,Pliocene,26.044561
chama,Pliocene,26.044561
cyclocardia,Pliocene,30.386591
mulinia,Pliocene,30.4642
cyclocardia,Pliocene,30.4642
crepidula,Pliocene,30.4642
crepidula,Pliocene,30.391421
modiolus,Pliocene,30.391421
modiolus,Pliocene,30.391421
chama,Pliocene,30.391421
cyclocardia,Pliocene,30.391421
chama,Pliocene,30.391421
crepidula,Pliocene,27.3708
cyclocardia,Pliocene,30.386591
chama,Pliocene,27.340255
chama,Pliocene,27.340255
chama,Pliocene,27.340255
chama,Pliocene,26.044561
astarte,Pliocene,26.044561
chama,Pliocene,27.395031
chama,Pliocene,26.044561
astarte,Pliocene,26.044561
crepidula,Pliocene,26.044561
chama,Pliocene,26.044561
mulinia,Pliocene,30.4642
mulinia,Pliocene,30.4642
crepidula,Pliocene,30.4642
crepidula,Pliocene,30.4642
chama,Pliocene,30.4642
cyclocardia,Pliocene,30.4642
astarte,Pliocene,30.4642
cyclocardia,Pliocene,30.4642
chama,Pliocene,30.4447
chama,Pliocene,27.368032
mulinia,Pliocene,27.368032
crepidula,Pliocene,27.368032
chama,Pliocene,27.368032
noetia,Pliocene,27.069811
crepidula,Pliocene,27.069811
noetia,Pliocene,26.3387
mulinia,Pliocene,26.3387
chama,Pliocene,26.3387
mulinia,Pliocene,26.3387
crepidula,Pliocene,26.1681
crepidula,Pliocene,26.1681
crepidula,Pliocene,26.1681
crepidula,Pliocene,26.1681
crepidula,Pliocene,27.043433
crepidula,Pliocene,27.043433
cyclocardia,Pliocene,30.459
parvilucina,Pliocene,30.459
parvilucina,Pliocene,30.459
parvilucina,Pliocene,30.459
mulinia,Pliocene,30.459
noetia,Pliocene,34.238474
noetia,Pliocene,34.238474
mulinia,Pliocene,34.238474
astarte,Pliocene,34.238474
chama,Pliocene,34.238474
noetia,Pliocene,34.238474
noetia,Pliocene,34.238474
noetia,Pliocene,34.238474
noetia,Pliocene,34.238474
chama,Pliocene,34.238474
noetia,Pliocene,34.238474
crepidula,Pliocene,34.238474
cyclocardia,Pliocene,34.238474
crepidula,Pliocene,34.238474
crepidula,Pliocene,34.238474
chama,Pliocene,34.238474
crepidula,Pliocene,34.238474
crepidula,Pliocene,34.238474
modiolus,Pliocene,34.238474
chama,Pliocene,34.238474
chama,Pliocene,34.238474
crepidula,Pliocene,34.238474
chesapecten,Pliocene,27.366642
chesapecten,Pliocene,27.366642
chesapecten,Pliocene,27.366642
chama,Pliocene,27.366642
chama,Pliocene,27.366642
noetia,Pliocene,27.366642
crepidula,Pliocene,27.366642
crepidula,Pliocene,27.366642
crepidula,Pliocene,27.366642
crepidula,Pliocene,27.366642
crepidula,Pliocene,27.366642
crepidula,Pliocene,27.366642
chama,Pliocene,27.366642
chama,Pliocene,27.366642
crepidula,Pliocene,27.366642
crepidula,Pliocene,27.366642
chama,Pliocene,27.366642
noetia,Pliocene,27.366642
chama,Pliocene,27.366642
chama,Pliocene,27.366642
chama,Pliocene,27.366642
chama,Pliocene,27.366642
noetia,Pliocene,26.2759
chama,Pliocene,27.366642
chama,Pliocene,27.003405
modiolus,Pliocene,27.070323
crepidula,Pliocene,27.0117
crepidula,Pliocene,27.0117
crepidula,Pliocene,27.0117
crepidula,Pliocene,27.0117
chama,Pliocene,27.0117
mulinia,Pliocene,27.0117
noetia,Pliocene,27.0117
spisula,Pliocene,27.0117
chama,Pliocene,37.0602
modiolus,Pliocene,37.0602
chesapecten,Pliocene,37.0602
chesapecten,Pliocene,37.0602
chesapecten,Pliocene,37.0602
crepidula,Pliocene,37.0602
mulinia,Pliocene,31.12301
astarte,Pliocene,37.0602
astarte,Pliocene,37.0602
crepidula,Pliocene,37.0602
chesapecten,Pliocene,37.0602
chesapecten,Pliocene,37.0602
cyclocardia,Pliocene,37.0602
crepidula,Pliocene,37.0602
chama,Pliocene,37.0602
spisula,Pliocene,37.0602
spisula,Pliocene,37.0602
striarca,Pliocene,37.0602
noetia,Pliocene,37.0602
crepidula,Pliocene,37.0602
astarte,Pliocene,33.351497
astarte,Pliocene,33.351497
cyclocardia,Pliocene,33.351497
noetia,Pliocene,33.351497
astarte,Pliocene,33.351497
astarte,Pliocene,33.351497
chama,Pliocene,33.351497
chama,Pliocene,33.351497
astarte,Pliocene,33.351497
mulinia,Pliocene,33.351497
mulinia,Pliocene,33.351497
cyclocardia,Pliocene,33.351497
astarte,Pliocene,33.351497
parvilucina,Pliocene,27.375448
parvilucina,Pliocene,27.375448
parvilucina,Pliocene,27.375448
parvilucina,Pliocene,27.375448
parvilucina,Pliocene,27.375448
parvilucina,Pliocene,27.375448
parvilucina,Pliocene,27.375448
parvilucina,Pliocene,27.375448
parvilucina,Pliocene,27.375448
parvilucina,Pliocene,27.375448
parvilucina,Pliocene,27.375448
parvilucina,Pliocene,27.375448
parvilucina,Pliocene,27.375448
parvilucina,Pliocene,27.375448
crepidula,Pliocene,27.375448
crepidula,Pliocene,27.375448
crepidula,Pliocene,27.375448
crepidula,Pliocene,27.375448
crepidula,Pliocene,27.375448
crepidula,Pliocene,27.375448
crepidula,Pliocene,27.375448
crepidula,Pliocene,27.375448
crepidula,Pliocene,27.375448
crepidula,Pliocene,27.375448
crepidula,Pliocene,27.375448
crepidula,Pliocene,27.375448
crepidula,Pliocene,27.375448
crepidula,Pliocene,27.375448
crepidula,Pliocene,27.375448
crepidula,Pliocene,27.375448
crepidula,Pliocene,27.375448
crepidula,Pliocene,27.375448
crepidula,Pliocene,27.375448
crepidula,Pliocene,27.375448
noetia,Pliocene,27.375448
mulinia,Pliocene,27.375448
mulinia,Pliocene,27.375448
chama,Pliocene,27.375448
mulinia,Pliocene,27.375448
mulinia,Pliocene,27.375448
chama,Pliocene,27.375448
chama,Pliocene,27.375448
chama,Pliocene,27.375448
mulinia,Pliocene,27.375448
chama,Pliocene,27.375448
chama,Pliocene,27.375448
chama,Pliocene,27.375448
chama,Pliocene,27.375448
parvilucina,Pliocene,27.375448
parvilucina,Pliocene,27.375448
parvilucina,Pliocene,27.375448
parvilucina,Pliocene,27.375448
parvilucina,Pliocene,27.375448
parvilucina,Pliocene,27.375448
crepidula,Pliocene,27.375448
chama,Pliocene,27.375448
mulinia,Pliocene,27.375448
crepidula,Pliocene,27.375448
mulinia,Pliocene,27.375448
mulinia,Pliocene,27.375448
chama,Pliocene,27.375448
crepidula,Pliocene,27.375448
crepidula,Pliocene,27.375448
crepidula,Pliocene,27.375448
crepidula,Pliocene,27.375448
crepidula,Pliocene,26.3321
chama,Pliocene,26.3321
noetia,Pliocene,26.3321
crepidula,Pliocene,26.3321
mulinia,Pliocene,27.375448
crepidula,Pliocene,27.375448
chama,Pliocene,27.375448
crepidula,Pliocene,27.375448
crepidula,Pliocene,27.375448
crepidula,Pliocene,26.3321
chama,Pliocene,26.3321
parvilucina,Pliocene,27.375448
parvilucina,Pliocene,27.375448
parvilucina,Pliocene,27.375448
parvilucina,Pliocene,27.375448
parvilucina,Pliocene,27.375448
parvilucina,Pliocene,27.375448
mulinia,Pliocene,27.375448
chama,Pliocene,27.375448
mulinia,Pliocene,27.375448
crepidula,Pliocene,27.375448
crepidula,Pliocene,27.375448
crepidula,Pliocene,27.375448
crepidula,Pliocene,27.375448
crepidula,Pliocene,27.375448
crepidula,Pliocene,27.375448
crepidula,Pliocene,27.375448
crepidula,Pliocene,27.375448
crepidula,Pliocene,27.375448
crepidula,Pliocene,27.375448
crepidula,Pliocene,27.375448
crepidula,Pliocene,27.375448
crepidula,Pliocene,27.375448
crepidula,Pliocene,27.375448
crepidula,Pliocene,27.375448
noetia,Pliocene,27.366642
crepidula,Pliocene,27.375448
crepidula,Pliocene,27.375448
crepidula,Pliocene,27.375448
crepidula,Pliocene,27.375448
crepidula,Pliocene,27.375448
crepidula,Pliocene,27.375448
crepidula,Pliocene,27.375448
crepidula,Pliocene,27.375448
chama,Pliocene,27.375448
chama,Pliocene,27.375448
mulinia,Pliocene,27.375448
crepidula,Pliocene,27.375448
crepidula,Pliocene,27.375448
crepidula,Pliocene,27.375448
crepidula,Pliocene,27.375448
crepidula,Pliocene,27.375448
crepidula,Pliocene,27.375448
crepidula,Pliocene,27.375448
crepidula,Pliocene,27.375448
crepidula,Pliocene,27.375448
crepidula,Pliocene,27.375448
crepidula,Pliocene,27.375448
crepidula,Pliocene,27.375448
crepidula,Pliocene,27.375448
crepidula,Pliocene,27.375448
crepidula,Pliocene,27.375448
crepidula,Pliocene,27.375448
crepidula,Pliocene,27.789627
cyclocardia,Pliocene,27.789627
crepidula,Pliocene,27.366642
crepidula,Pliocene,27.366642
astarte,Pliocene,27.789627
crepidula,Pliocene,27.789627
cyclocardia,Pliocene,27.789627
astarte,Pliocene,27.789627
crepidula,Pliocene,27.789627
mulinia,Pliocene,27.789627
mulinia,Pliocene,27.789627
crepidula,Pliocene,27.789627
astarte,Pliocene,27.789627
noetia,Pliocene,27.789627
cyclocardia,Pliocene,27.789627
astarte,Pliocene,27.789627
noetia,Pliocene,30.386591
noetia,Pliocene,30.386591
crepidula,Pliocene,36.763044
crepidula,Pliocene,36.763044
crepidula,Pliocene,36.763044
crepidula,Pliocene,27.375448
crepidula,Pliocene,27.375448
crepidula,Pliocene,27.375448
crepidula,Pliocene,27.375448
crepidula,Pliocene,27.375448
crepidula,Pliocene,27.375448
chesapecten,Pliocene,36.763044
chama,Pliocene,36.763044
crepidula,Pliocene,33.856607
crepidula,Pliocene,33.856607
noetia,Pliocene,37.2347
chama,Pliocene,27.375448
chama,Pliocene,27.375448
chama,Pliocene,27.375448
mulinia,Pliocene,27.375448
mulinia,Pliocene,27.375448
mulinia,Pliocene,27.375448
chama,Pliocene,27.375448
chama,Pliocene,27.375448
crepidula,Pliocene,27.375448
chama,Pliocene,27.375448
crepidula,Pliocene,27.375448
parvilucina,Pliocene,27.375448
crepidula,Pliocene,27.375448
mulinia,Pliocene,27.375448
crepidula,Pliocene,27.375448
mulinia,Pliocene,27.375448
mulinia,Pliocene,27.375448
chama,Pliocene,27.375448
parvilucina,Pliocene,27.375448
chama,Pliocene,27.375448
mulinia,Pliocene,27.375448
mulinia,Pliocene,27.375448
crepidula,Pliocene,27.375448
chama,Pliocene,27.375448
mulinia,Pliocene,27.375448
mulinia,Pliocene,27.375448
mulinia,Pliocene,27.375448
chama,Pliocene,27.375448
parvilucina,Pliocene,27.375448
crepidula,Pliocene,27.375448
parvilucina,Pliocene,27.375448
crepidula,Pliocene,27.375448
mulinia,Pliocene,27.375448
mulinia,Pliocene,27.375448
crepidula,Pliocene,26.285328
chama,Pliocene,26.285328
astarte,Pliocene,36.763044
cyclocardia,Pliocene,36.763044
crepidula,Pliocene,36.763044
noetia,Pliocene,36.763044
astarte,Pliocene,36.763044
spisula,Pliocene,36.763044
modiolus,Pliocene,36.763044
astarte,Pliocene,36.763044
mulinia,Pliocene,27.375448
crepidula,Pliocene,27.375448
crepidula,Pliocene,27.375448
chama,Pliocene,27.375448
crepidula,Pliocene,27.375448
crepidula,Pliocene,27.375448
crepidula,Pliocene,27.375448
crepidula,Pliocene,27.375448
crepidula,Pliocene,27.375448
crepidula,Pliocene,27.375448
crepidula,Pliocene,27.375448
crepidula,Pliocene,27.375448
crepidula,Pliocene,27.375448
astarte,Pliocene,36.763044
mulinia,Pliocene,27.375448
mulinia,Pliocene,27.375448
crepidula,Pliocene,27.375448
mulinia,Pliocene,27.375448
mulinia,Pliocene,27.375448
crepidula,Pliocene,27.375448
mulinia,Pliocene,27.375448
mulinia,Pliocene,27.375448
mulinia,Pliocene,27.375448
parvilucina,Pliocene,27.375448
mulinia,Pliocene,27.375448
mulinia,Pliocene,27.375448
crepidula,Pliocene,27.375448
astarte,Pliocene,30.386921
mulinia,Pliocene,30.386921
chama,Pliocene,30.386921
crepidula,Pliocene,36.763044
crepidula,Pliocene,36.763044
mulinia,Pliocene,27.375448
mulinia,Pliocene,27.375448
mulinia,Pliocene,27.375448
chama,Pliocene,27.375448
chama,Pliocene,27.375448
chama,Pliocene,27.375448
mulinia,Pliocene,27.375448
mulinia,Pliocene,27.375448
mulinia,Pliocene,27.375448
chama,Pliocene,27.375448
spisula,Pliocene,36.763044
astarte,Pliocene,36.763044
chesapecten,Pliocene,36.763044
cyclocardia,Pliocene,36.763044
crepidula,Pliocene,36.763044
mulinia,Pliocene,27.375448
chama,Pliocene,27.375448
mulinia,Pliocene,27.375448
mulinia,Pliocene,27.375448
spisula,Pliocene,27.375448
parvilucina,Pliocene,27.375448
mulinia,Pliocene,27.375448
chama,Pliocene,27.375448
chama,Pliocene,27.375448
chesapecten,Pliocene,36.763044
chesapecten,Pliocene,36.763044
astarte,Pliocene,36.763044
crepidula,Pliocene,36.763044
spisula,Pliocene,36.763044
cyclocardia,Pliocene,36.763044
crepidula,Pliocene,36.763044
crepidula,Pliocene,36.763044
crepidula,Pliocene,27.366642
crepidula,Pliocene,27.366642
noetia,Pliocene,27.366642
chesapecten,Pliocene,27.375123
chesapecten,Pliocene,27.375123
chesapecten,Pliocene,27.375123
chesapecten,Pliocene,27.375123
chama,Pliocene,27.375448
mulinia,Pliocene,27.375448
crepidula,Pliocene,27.375448
mulinia,Pliocene,27.375448
chama,Pliocene,27.375448
chama,Pliocene,27.375448
mulinia,Pliocene,27.375448
chama,Pliocene,27.375448
chama,Pliocene,27.375448
noetia,Pliocene,27.375448
mulinia,Pliocene,27.375448
mulinia,Pliocene,27.375448
chama,Pliocene,27.375448
chama,Pliocene,27.375448
chama,Pliocene,27.375448
mulinia,Pliocene,27.375448
chama,Pliocene,27.375448
chama,Pliocene,27.375448
parvilucina,Pliocene,27.375448
chama,Pliocene,27.375448
chama,Pliocene,26.9814
mulinia,Pliocene,26.9814
crepidula,Pliocene,26.9814
noetia,Pliocene,26.9814
chama,Pliocene,36.870779
cyclocardia,Pliocene,36.870779
spisula,Pliocene,36.870779
chesapecten,Pliocene,36.870779
crepidula,Pliocene,35.344367
astarte,Pliocene,36.763044
astarte,Pliocene,36.763044
cyclocardia,Pliocene,36.763044
noetia,Pliocene,36.763044
crepidula,Pliocene,36.763044
crepidula,Pliocene,27.375448
mulinia,Pliocene,27.375448
mulinia,Pliocene,27.375448
mulinia,Pliocene,27.375448
mulinia,Pliocene,27.375448
crepidula,Pliocene,27.375448
parvilucina,Pliocene,27.366642
chama,Pliocene,27.375448
mulinia,Pliocene,27.375448
mulinia,Pliocene,27.361199
crepidula,Pliocene,27.233526
crepidula,Pliocene,27.233526
crepidula,Pliocene,27.233526
crepidula,Pliocene,27.375448
chama,Pliocene,27.375448
mulinia,Pliocene,27.375448
chama,Pliocene,27.375448
crepidula,Pliocene,26.2759
crepidula,Pliocene,26.2759
chama,Pliocene,27.375448
mulinia,Pliocene,27.375448
mulinia,Pliocene,27.375448
mulinia,Pliocene,27.375448
chama,Pliocene,27.375448
chama,Pliocene,27.375448
mulinia,Pliocene,27.375448
chama,Pliocene,27.375448
chama,Pliocene,27.375448
crepidula,Pliocene,27.233526
crepidula,Pliocene,27.233526
crepidula,Pliocene,27.233526
crepidula,Pliocene,27.233526
noetia,Pliocene,27.233526
noetia,Pliocene,27.233526
chama,Pliocene,26.2759
chama,Pliocene,26.2759
chama,Pliocene,26.2759
chama,Pliocene,27.375448
chama,Pliocene,27.375448
chama,Pliocene,27.375448
mulinia,Pliocene,27.375448
chama,Pliocene,27.375448
mulinia,Pliocene,27.375448
chama,Pliocene,27.375448
chama,Pliocene,27.375448
chama,Pliocene,27.375448
crepidula,Pliocene,27.375448
crepidula,Pliocene,27.375448
crepidula,Pliocene,27.375448
crepidula,Pliocene,27.375448
mulinia,Pliocene,26.1681
mulinia,Pliocene,26.1681
mulinia,Pliocene,26.1681
striarca,Pliocene,37.1481
cyclocardia,Pliocene,37.1481
cyclocardia,Pliocene,37.1481
chama,Pliocene,37.1481
chama,Pliocene,37.1481
noetia,Pliocene,37.1481
spisula,Pliocene,37.1481
astarte,Pliocene,37.1481
astarte,Pliocene,37.1481
crepidula,Pliocene,37.0577
crepidula,Pliocene,37.0577
noetia,Pliocene,37.0353
noetia,Pliocene,37.0353
cyclocardia,Pliocene,37.0353
cyclocardia,Pliocene,37.0577
modiolus,Pliocene,37.0353
cyclocardia,Pliocene,37.0353
noetia,Pliocene,37.0353
astarte,Pliocene,37.0353
mulinia,Pliocene,27.366642
crepidula,Pliocene,27.3125
crepidula,Pliocene,27.3125
crepidula,Pliocene,27.3125
astarte,Pliocene,37.2369
astarte,Pliocene,37.2369
astarte,Pliocene,37.2369
astarte,Pliocene,37.2369
astarte,Pliocene,37.2369
astarte,Pliocene,37.2369
chesapecten,Pliocene,37.2369
mulinia,Pliocene,27.375448
cyclocardia,Pliocene,37.2369
crepidula,Pliocene,33.351497
cyclocardia,Pliocene,30.4642
chama,Pliocene,36.763044
chama,Pliocene,34.05641
chama,Pliocene,34.05641
chesapecten,Pliocene,33.351497
chama,Pliocene,37.0353
spisula,Pliocene,33.351497
astarte,Pliocene,33.351497
astarte,Pliocene,33.351497
cyclocardia,Pliocene,37.0353
cyclocardia,Pliocene,37.0353
chama,Pliocene,26.8754
mulinia,Pliocene,26.8754
mulinia,Pliocene,26.8754
mulinia,Pliocene,26.8754
mulinia,Pliocene,26.8754
spisula,Pliocene,36.763044
cyclocardia,Pliocene,36.763044
crepidula,Pliocene,36.763044
chama,Pliocene,36.763044
chama,Pliocene,36.763044
astarte,Pliocene,36.763044
noetia,Pliocene,36.763044
mulinia,Pliocene,34.592977
cyclocardia,Pliocene,34.592977
chama,Pliocene,34.592977
spisula,Pliocene,34.592977
chama,Pliocene,34.592977
parvilucina,Pliocene,34.592977
noetia,Pliocene,34.592977
chesapecten,Pliocene,36.908245
noetia,Pliocene,36.908245
crepidula,Pliocene,27.375448
mulinia,Pliocene,27.375448
crepidula,Pliocene,34.592977
chama,Pliocene,36.870779
crepidula,Pliocene,35.896509
chama,Pliocene,36.763044
chama,Pliocene,36.763044
noetia,Pliocene,36.763044
chama,Pliocene,33.351497
noetia,Pliocene,37.0353
noetia,Pliocene,37.0353
chama,Pliocene,37.0353
noetia,Pliocene,33.856607
chama,Pliocene,33.856607
noetia,Pliocene,34.05641
noetia,Pliocene,34.05641
mulinia,Pliocene,27.366642
mulinia,Pliocene,34.607171
astarte,Pliocene,37.251547
astarte,Pliocene,33.351497
astarte,Pliocene,33.351497
astarte,Pliocene,33.351497
astarte,Pliocene,35.896509
astarte,Pliocene,35.896509
astarte,Pliocene,36.763044
astarte,Pliocene,37.020637
astarte,Pliocene,33.856607
astarte,Pliocene,34.05641
spisula,Pliocene,36.763044
chama,Pliocene,36.763044
parvilucina,Pliocene,36.763044
crepidula,Pliocene,36.763044
chama,Pliocene,36.763044
mulinia,Pliocene,36.763044
astarte,Pliocene,36.763044
astarte,Pliocene,36.763044
mulinia,Pliocene,34.607171
parvilucina,Pliocene,34.607171
noetia,Pliocene,34.607171
astarte,Pliocene,35.896509
astarte,Pliocene,36.763044
astarte,Pliocene,36.763044
spisula,Pliocene,36.763044
astarte,Pliocene,36.763044
cyclocardia,Pliocene,36.763044
astarte,Pliocene,36.763044
crepidula,Pliocene,37.0353
crepidula,Pliocene,37.0353
crepidula,Pliocene,35.896509
parvilucina,Pliocene,37.035531
mulinia,Pliocene,34.732905
cyclocardia,Pliocene,34.442771
chama,Pliocene,34.442771
noetia,Pliocene,34.442771
crepidula,Pliocene,34.442771
cyclocardia,Pliocene,34.732905
noetia,Pliocene,36.901889
spisula,Pliocene,36.901889
spisula,Pliocene,36.901889
mulinia,Pliocene,36.901889
chama,Pliocene,36.901889
cyclocardia,Pliocene,36.901889
modiolus,Pliocene,35.896509
modiolus,Pliocene,35.898381
modiolus,Pliocene,37.251547
chama,Pliocene,37.2347
chama,Pliocene,37.2347
chama,Pliocene,37.2347
chama,Pliocene,37.2347
chama,Pliocene,37.2347
chama,Pliocene,37.2347
chama,Pliocene,37.2347
chama,Pliocene,37.2347
chama,Pliocene,37.2347
chama,Pliocene,37.2347
chama,Pliocene,37.2347
chama,Pliocene,37.2347
chama,Pliocene,37.2347
chama,Pliocene,37.2347
chama,Pliocene,37.2347
chama,Pliocene,37.2347
chama,Pliocene,37.2347
noetia,Pliocene,37.2347
noetia,Pliocene,37.2347
noetia,Pliocene,37.2347
noetia,Pliocene,37.2347
noetia,Pliocene,37.2347
noetia,Pliocene,37.2347
chama,Pliocene,37.2347
noetia,Pliocene,37.119649
chama,Pliocene,37.119649
chesapecten,Pliocene,36.901889
spisula,Pliocene,36.901889
crepidula,Pliocene,36.901889
noetia,Pliocene,36.901889
astarte,Pliocene,36.901889
chesapecten,Pliocene,36.901889
cyclocardia,Pliocene,36.901889
noetia,Pliocene,36.901889
astarte,Pliocene,36.901889
chesapecten,Pliocene,36.901889
astarte,Pliocene,36.901889
spisula,Pliocene,36.901889
crepidula,Pliocene,36.901889
crepidula,Pliocene,37.0602
crepidula,Pliocene,37.0602
cyclocardia,Pliocene,37.1481
chama,Pliocene,37.1481
astarte,Pliocene,37.1481
chesapecten,Pliocene,37.035531
astarte,Pliocene,37.035531
cyclocardia,Pliocene,37.035531
astarte,Pliocene,37.035531
chesapecten,Pliocene,27.3708
mulinia,Pliocene,27.366642
mulinia,Pliocene,27.366642
mulinia,Pliocene,27.366642
mulinia,Pliocene,27.366642
mulinia,Pliocene,27.366642
mulinia,Pliocene,27.366642
mulinia,Pliocene,27.366642
mulinia,Pliocene,27.366642
mulinia,Pliocene,27.366642
mulinia,Pliocene,27.366642
mulinia,Pliocene,27.366642
mulinia,Pliocene,27.366642
mulinia,Pliocene,27.366642
mulinia,Pliocene,27.366642
mulinia,Pliocene,27.366642
mulinia,Pliocene,27.366642
mulinia,Pliocene,27.366642
mulinia,Pliocene,27.366642
mulinia,Pliocene,27.366642
mulinia,Pliocene,27.366642
mulinia,Pliocene,27.366642
mulinia,Pliocene,27.366642
mulinia,Pliocene,27.366642
mulinia,Pliocene,27.366642
mulinia,Pliocene,27.366642
mulinia,Pliocene,27.366642
chama,Pliocene,27.366642
mulinia,Pliocene,27.366642
chesapecten,Pliocene,36.763044
chesapecten,Pliocene,36.763044
chesapecten,Pliocene,36.763044
chesapecten,Pliocene,36.763044
chesapecten,Pliocene,36.763044
chesapecten,Pliocene,36.763044
chesapecten,Pliocene,36.763044
chesapecten,Pliocene,36.763044
chesapecten,Pliocene,36.763044
chesapecten,Pliocene,36.763044
chesapecten,Pliocene,36.763044
chesapecten,Pliocene,36.763044
chesapecten,Pliocene,36.763044
chesapecten,Pliocene,36.763044
chesapecten,Pliocene,36.763044
chesapecten,Pliocene,36.763044
chesapecten,Pliocene,36.763044
chesapecten,Pliocene,36.763044
chesapecten,Pliocene,36.763044
chesapecten,Pliocene,36.763044
chesapecten,Pliocene,36.763044
chesapecten,Pliocene,36.763044
chesapecten,Pliocene,36.763044
chesapecten,Pliocene,36.763044
chesapecten,Pliocene,36.763044
chesapecten,Pliocene,36.763044
astarte,Pliocene,35.344367
astarte,Pliocene,35.344367
cyclocardia,Pliocene,37.2687
chama,Pliocene,37.2687
astarte,Pliocene,37.2687
chesapecten,Pliocene,37.2687
chesapecten,Pliocene,33.351497
chesapecten,Pliocene,33.351497
modiolus,Pliocene,36.901889
modiolus,Pliocene,36.901889
chesapecten,Pliocene,37.020637
noetia,Pliocene,37.020637
chesapecten,Pliocene,36.901889
spisula,Pliocene,36.901889
chama,Pliocene,36.901889
chesapecten,Pliocene,36.901889
crepidula,Pliocene,36.901889
astarte,Pliocene,36.901889
spisula,Pliocene,37.0602
astarte,Pliocene,37.0602
crepidula,Pliocene,26.171741
crepidula,Pliocene,26.171741
noetia,Pliocene,27.270925
crepidula,Pliocene,27.340255
crepidula,Pliocene,27.340255
crepidula,Pliocene,27.340255
mulinia,Pliocene,27.366642
chama,Pliocene,27.366642
chama,Pliocene,27.366642
chama,Pliocene,27.366642
chama,Pliocene,26.2759
chama,Pliocene,26.2759
chama,Pliocene,27.3708
astarte,Pliocene,30.386921
chama,Pliocene,27.368032
crepidula,Pliocene,34.238474
crepidula,Pliocene,34.238474
chama,Pliocene,34.238474
astarte,Pliocene,34.238474
parvilucina,Pliocene,34.238474
chama,Pliocene,34.238474
parvilucina,Pliocene,34.238474
cyclocardia,Pliocene,34.238474
astarte,Pliocene,34.238474
mulinia,Pliocene,34.238474
modiolus,Pliocene,34.238474
noetia,Pliocene,34.238474
astarte,Pliocene,34.238474
cyclocardia,Pliocene,34.238474
noetia,Pliocene,34.238474
modiolus,Pliocene,34.238474
mulinia,Pliocene,34.238474
astarte,Pliocene,34.238474
parvilucina,Pliocene,34.238474
astarte,Pliocene,34.238474
chama,Pliocene,34.238474
parvilucina,Pliocene,34.238474
astarte,Pliocene,34.238474
noetia,Pliocene,27.834878
mulinia,Pliocene,34.238474
astarte,Pliocene,34.238474
astarte,Pliocene,34.238474
chama,Pliocene,34.238474
cyclocardia,Pliocene,34.238474
chama,Pliocene,34.238474
modiolus,Pliocene,34.238474
astarte,Pliocene,34.238474
parvilucina,Pliocene,34.238474
parvilucina,Pliocene,34.238474
crepidula,Pliocene,34.238474
cyclocardia,Pliocene,34.238474
crepidula,Pliocene,34.238474
noetia,Pliocene,34.238474
astarte,Pliocene,34.238474
astarte,Pliocene,34.238474
chama,Pliocene,34.238474
chama,Pliocene,34.238474
parvilucina,Pliocene,34.238474
parvilucina,Pliocene,34.238474
mulinia,Pliocene,34.238474
astarte,Pliocene,34.238474
astarte,Pliocene,34.238474
cyclocardia,Pliocene,34.238474
chama,Pliocene,34.238474
parvilucina,Pliocene,34.238474
parvilucina,Pliocene,34.238474
modiolus,Pliocene,34.238474
noetia,Pliocene,34.238474
mulinia,Pliocene,27.003405
crepidula,Pliocene,34.238474
crepidula,Pliocene,34.238474
crepidula,Pliocene,27.003405
crepidula,Pliocene,27.003405
cyclocardia,Pliocene,34.238474
astarte,Pliocene,34.238474
noetia,Pliocene,34.238474
chama,Pliocene,34.238474
modiolus,Pliocene,34.238474
mulinia,Pliocene,34.238474
mulinia,Pliocene,34.238474
chama,Pliocene,34.238474
chama,Pliocene,34.238474
crepidula,Pliocene,34.238474
crepidula,Pliocene,34.238474
chama,Pliocene,34.238474
modiolus,Pliocene,34.238474
chama,Pliocene,34.238474
noetia,Pliocene,34.238474
crepidula,Pliocene,34.238474
crepidula,Pliocene,34.238474
cyclocardia,Pliocene,34.238474
mulinia,Pliocene,34.238474
noetia,Pliocene,34.238474
noetia,Pliocene,34.238474
chama,Pliocene,34.238474
mulinia,Pliocene,34.238474
chama,Pliocene,34.238474
mulinia,Pliocene,34.238474
cyclocardia,Pliocene,34.238474
astarte,Pliocene,34.238474
chama,Pliocene,34.238474
modiolus,Pliocene,34.238474
crepidula,Pliocene,34.238474
crepidula,Pliocene,34.238474
astarte,Pliocene,27.366642
chama,Pliocene,34.238474
astarte,Pliocene,34.238474
astarte,Pliocene,34.238474
noetia,Pliocene,34.238474
astarte,Pliocene,34.238474
chama,Pliocene,34.238474
astarte,Pliocene,34.238474
modiolus,Pliocene,34.238474
crepidula,Pliocene,34.238474
chama,Pliocene,34.238474
cyclocardia,Pliocene,34.238474
mulinia,Pliocene,34.238474
mulinia,Pliocene,34.238474
crepidula,Pliocene,26.357456
astarte,Pliocene,35.344367
astarte,Pliocene,35.344367
crepidula,Pliocene,27.3708
chama,Pliocene,27.3708
mulinia,Pliocene,34.238474
astarte,Pliocene,34.238474
astarte,Pliocene,34.238474
astarte,Pliocene,34.238474
cyclocardia,Pliocene,34.238474
chama,Pliocene,34.238474
parvilucina,Pliocene,34.238474
parvilucina,Pliocene,34.238474
mulinia,Pliocene,34.238474
cyclocardia,Pliocene,34.238474
astarte,Pliocene,34.238474
astarte,Pliocene,34.238474
astarte,Pliocene,34.238474
chama,Pliocene,34.238474
chama,Pliocene,34.238474
parvilucina,Pliocene,34.238474
modiolus,Pliocene,34.238474
noetia,Pliocene,34.238474
crepidula,Pliocene,34.238474
cyclocardia,Pliocene,34.238474
cyclocardia,Pliocene,34.238474
cyclocardia,Pliocene,34.238474
cyclocardia,Pliocene,34.238474
mulinia,Pliocene,34.238474
mulinia,Pliocene,34.238474
mulinia,Pliocene,34.238474
mulinia,Pliocene,34.238474
mulinia,Pliocene,34.238474
modiolus,Pliocene,34.238474
parvilucina,Pliocene,34.238474
parvilucina,Pliocene,34.238474
chama,Pliocene,34.238474
chama,Pliocene,34.238474
astarte,Pliocene,34.238474
astarte,Pliocene,34.238474
astarte,Pliocene,34.238474
astarte,Pliocene,34.238474
chesapecten,Pliocene,27.375123
chesapecten,Pliocene,27.375123
crepidula,Pliocene,27.375448
mulinia,Pliocene,37.020637
modiolus,Pliocene,37.020637
chesapecten,Pliocene,37.020637
chesapecten,Pliocene,36.901889
chama,Pliocene,36.901889
cyclocardia,Pliocene,36.901889
chama,Pliocene,26.167723
chama,Pliocene,26.167723
chesapecten,Pliocene,37.1481
chesapecten,Pliocene,37.1481
chesapecten,Pliocene,37.1481
chesapecten,Pliocene,37.1481
chesapecten,Pliocene,37.1481
chesapecten,Pliocene,37.1481
chesapecten,Pliocene,37.1481
chesapecten,Pliocene,37.1481
chesapecten,Pliocene,37.1481
chesapecten,Pliocene,37.1481
chesapecten,Pliocene,37.1481
chesapecten,Pliocene,37.1481
chesapecten,Pliocene,37.1481
chesapecten,Pliocene,37.1481
chesapecten,Pliocene,37.1481
chama,Pliocene,26.1681
chama,Pliocene,26.1681
chama,Pliocene,26.1681
chama,Pliocene,26.1681
chama,Pliocene,26.1681
chama,Pliocene,26.9964
chama,Pliocene,26.9964
chama,Pliocene,26.9964
spisula,Pliocene,37.1335
chama,Pliocene,37.1335
chama,Pliocene,37.1335
cyclocardia,Pliocene,37.1335
cyclocardia,Pliocene,37.1335
cyclocardia,Pliocene,37.1335
cyclocardia,Pliocene,37.1335
cyclocardia,Pliocene,37.1335
noetia,Pliocene,37.1335
striarca,Pliocene,37.1335
chama,Pliocene,34.238474
cyclocardia,Pliocene,34.238474
cyclocardia,Pliocene,34.238474
cyclocardia,Pliocene,34.238474
cyclocardia,Pliocene,34.238474
cyclocardia,Pliocene,34.238474
cyclocardia,Pliocene,34.238474
cyclocardia,Pliocene,34.238474
cyclocardia,Pliocene,34.238474
cyclocardia,Pliocene,34.238474
cyclocardia,Pliocene,34.238474
astarte,Pliocene,34.238474
astarte,Pliocene,34.238474
astarte,Pliocene,34.238474
astarte,Pliocene,34.238474
astarte,Pliocene,34.238474
astarte,Pliocene,34.238474
astarte,Pliocene,34.238474
astarte,Pliocene,34.238474
astarte,Pliocene,34.238474
astarte,Pliocene,34.238474
astarte,Pliocene,34.238474
astarte,Pliocene,34.238474
mulinia,Pliocene,34.238474
mulinia,Pliocene,34.238474
mulinia,Pliocene,34.238474
mulinia,Pliocene,34.238474
mulinia,Pliocene,34.238474
noetia,Pliocene,34.238474
chama,Pliocene,34.238474
astarte,Pliocene,34.238474
chama,Pliocene,34.238474
cyclocardia,Pliocene,34.238474
astarte,Pliocene,34.238474
mulinia,Pliocene,34.238474
noetia,Pliocene,34.238474
chama,Pliocene,37.0353
chama,Pliocene,37.0353
chesapecten,Pliocene,37.0353
chama,Pliocene,37.0353
chesapecten,Pliocene,37.0353
noetia,Pliocene,37.0353
parvilucina,Pliocene,34.238474
chama,Pliocene,34.238474
modiolus,Pliocene,34.238474
crepidula,Pliocene,26.2759
noetia,Pliocene,34.238474
parvilucina,Pliocene,34.238474
parvilucina,Pliocene,34.238474
chama,Pliocene,34.238474
chama,Pliocene,34.238474
astarte,Pliocene,34.238474
astarte,Pliocene,34.238474
astarte,Pliocene,34.238474
cyclocardia,Pliocene,34.238474
mulinia,Pliocene,34.238474
crepidula,Pliocene,34.238474
astarte,Pliocene,34.238474
cyclocardia,Pliocene,34.238474
astarte,Pliocene,34.238474
chama,Pliocene,34.238474
chama,Pliocene,34.238474
mulinia,Pliocene,34.238474
mulinia,Pliocene,34.238474
cyclocardia,Pliocene,34.238474
noetia,Pliocene,34.238474
chama,Pliocene,34.238474
chama,Pliocene,34.238474
astarte,Pliocene,34.238474
astarte,Pliocene,34.238474
astarte,Pliocene,34.238474
mulinia,Pliocene,34.238474
chama,Pliocene,34.238474
cyclocardia,Pliocene,34.238474
chama,Pliocene,26.995729
chama,Pliocene,26.995729
chama,Pliocene,26.995729
chama,Pliocene,26.995729
parvilucina,Pliocene,34.238474
astarte,Pliocene,34.238474
chama,Pliocene,34.238474
astarte,Pliocene,34.238474
mulinia,Pliocene,34.238474
noetia,Pliocene,34.238474
chama,Pliocene,34.238474
chama,Pliocene,34.238474
chama,Pliocene,34.238474
cyclocardia,Pliocene,34.238474
astarte,Pliocene,34.238474
chama,Pliocene,26.357456
chama,Pliocene,26.357456
mulinia,Pliocene,26.357456
crepidula,Pliocene,26.357456
crepidula,Pliocene,27.3404
chama,Pliocene,37.0353
chama,Pliocene,37.0353
chama,Pliocene,37.0353
chama,Pliocene,37.0353
chama,Pliocene,37.0353
mulinia,Pliocene,37.0353
chama,Pliocene,37.0353
cyclocardia,Pliocene,34.238474
cyclocardia,Pliocene,34.238474
cyclocardia,Pliocene,34.238474
cyclocardia,Pliocene,34.238474
noetia,Pliocene,37.2347
noetia,Pliocene,37.26796
striarca,Pliocene,37.26796
modiolus,Pliocene,36.3134
noetia,Pliocene,36.3134
noetia,Pliocene,36.3134
noetia,Pliocene,36.3134
astarte,Pliocene,36.3134
astarte,Pliocene,36.3134
crepidula,Pliocene,36.3134
crepidula,Pliocene,36.3134
chesapecten,Pliocene,27.375123
chesapecten,Pliocene,27.375123
chesapecten,Pliocene,27.375123
astarte,Pliocene,27.789627
cyclocardia,Pliocene,27.789627
chama,Pliocene,27.360528
chesapecten,Pliocene,27.361199
mulinia,Pliocene,27.366642
chama,Pliocene,27.366642
cyclocardia,Pliocene,29.6873
noetia,Pliocene,29.6873
crepidula,Pliocene,29.6873
crepidula,Pliocene,29.6873
cyclocardia,Pliocene,29.6873
mulinia,Pliocene,29.6873
crepidula,Pliocene,29.6873
mulinia,Pliocene,29.6873
crepidula,Pliocene,29.6873
crepidula,Pliocene,29.6873
mulinia,Pliocene,29.6873
crepidula,Pliocene,34.878384
crepidula,Pliocene,34.878384
cyclocardia,Pliocene,34.878384
astarte,Pliocene,34.878384
chama,Pliocene,26.2759
mulinia,Pliocene,34.878384
mulinia,Pliocene,34.878384
mulinia,Pliocene,34.878384
mulinia,Pliocene,34.878384
mulinia,Pliocene,34.878384
mulinia,Pliocene,34.878384
mulinia,Pliocene,34.878384
mulinia,Pliocene,34.878384
mulinia,Pliocene,34.878384
mulinia,Pliocene,34.878384
chama,Pliocene,34.878384
mulinia,Pliocene,34.878384
chama,Pliocene,34.878384
chama,Pliocene,34.878384
chesapecten,Pliocene,27.366642
astarte,Pliocene,27.366642
astarte,Pliocene,27.368032
chama,Pliocene,26.1681
chama,Pliocene,27.368032
chama,Pliocene,26.9925
chama,Pliocene,27.368032
mulinia,Pliocene,27.368032
chama,Pliocene,27.368032
cyclocardia,Pliocene,27.368032
parvilucina,Pliocene,27.366642
chama,Pliocene,27.368032
chama,Pliocene,27.368032
chama,Pliocene,25.692953
chama,Pliocene,25.692953
noetia,Pliocene,25.692953
chama,Pliocene,27.3583
chama,Pliocene,27.3583
chama,Pliocene,27.3583
mulinia,Pliocene,33.833184
noetia,Pliocene,34.878384
chama,Pliocene,27.3583
cyclocardia,Pliocene,34.878384
cyclocardia,Pliocene,34.878384
cyclocardia,Pliocene,34.878384
cyclocardia,Pliocene,34.878384
cyclocardia,Pliocene,34.878384
cyclocardia,Pliocene,34.878384
cyclocardia,Pliocene,34.878384
cyclocardia,Pliocene,34.878384
astarte,Pliocene,34.878384
astarte,Pliocene,27.155736
astarte,Pliocene,33.833184
chama,Pliocene,27.3583
chama,Pliocene,27.3583
cyclocardia,Pliocene,34.707092
chama,Pliocene,27.366642
chama,Pliocene,27.366642
chama,Pliocene,27.366642
spisula,Pliocene,34.707092
noetia,Pliocene,34.442729
modiolus,Pliocene,34.878384
modiolus,Pliocene,34.878384
cyclocardia,Pliocene,34.707092
chama,Pliocene,27.365145
chama,Pliocene,27.365145
chama,Pliocene,27.365145
modiolus,Pliocene,27.366642
chama,Pliocene,27.366642
chama,Pliocene,27.365145
chama,Pliocene,34.707092
mulinia,Pliocene,34.707092
cyclocardia,Pliocene,34.707092
chama,Pliocene,27.3583
chama,Pliocene,27.3583
cyclocardia,Pliocene,34.707092
noetia,Pliocene,34.057568
noetia,Pliocene,34.878384
crepidula,Pliocene,34.878384
cyclocardia,Pliocene,34.442729
mulinia,Pliocene,34.057568
mulinia,Pliocene,34.057568
mulinia,Pliocene,34.057568
mulinia,Pliocene,34.057568
mulinia,Pliocene,34.057568
mulinia,Pliocene,34.057568
mulinia,Pliocene,34.057568
mulinia,Pliocene,34.057568
mulinia,Pliocene,34.057568
mulinia,Pliocene,34.057568
mulinia,Pliocene,34.057568
mulinia,Pliocene,34.057568
mulinia,Pliocene,34.057568
mulinia,Pliocene,34.057568
mulinia,Pliocene,34.057568
mulinia,Pliocene,34.057568
mulinia,Pliocene,34.057568
mulinia,Pliocene,34.057568
mulinia,Pliocene,34.057568
mulinia,Pliocene,34.057568
mulinia,Pliocene,34.057568
mulinia,Pliocene,34.057568
mulinia,Pliocene,34.057568
mulinia,Pliocene,34.057568
chama,Pliocene,34.057568
chama,Pliocene,30.3876
noetia,Pliocene,30.3876
chama,Pliocene,30.3876
noetia,Pliocene,30.3876
chama,Pliocene,34.057568
chama,Pliocene,27.3583
noetia,Pliocene,30.3876
modiolus,Pliocene,30.3876
crepidula,Pliocene,37.15605
modiolus,Pliocene,30.3876
modiolus,Pliocene,30.3876
cyclocardia,Pliocene,30.3876
chama,Pliocene,26.887295
chama,Pliocene,26.887295
cyclocardia,Pliocene,34.074241
modiolus,Pliocene,35.344367
cyclocardia,Pliocene,33.93741
crepidula,Pliocene,37.032918
spisula,Pliocene,37.032918
chesapecten,Pliocene,37.032918
cyclocardia,Pliocene,37.032918
astarte,Pliocene,37.032918
modiolus,Pliocene,37.032918
spisula,Pliocene,36.758175
noetia,Pliocene,37.032918
chama,Pliocene,37.032918
chama,Pliocene,37.032918
mulinia,Pliocene,37.032918
cyclocardia,Pliocene,34.238474
mulinia,Pliocene,34.238474
chama,Pliocene,27.3583
chama,Pliocene,27.3583
noetia,Pliocene,30.3876
mulinia,Pliocene,34.442729
spisula,Pliocene,33.833184
chesapecten,Pliocene,27.366642
chesapecten,Pliocene,27.366642
mulinia,Pliocene,34.707092
mulinia,Pliocene,34.707092
mulinia,Pliocene,34.707092
mulinia,Pliocene,34.707092
mulinia,Pliocene,34.707092
astarte,Pliocene,36.758175
astarte,Pliocene,36.758175
parvilucina,Pliocene,34.442729
parvilucina,Pliocene,30.4642
astarte,Pliocene,30.3876
parvilucina,Pliocene,34.057568
parvilucina,Pliocene,34.057568
crepidula,Pliocene,34.878384
crepidula,Pliocene,34.878384
crepidula,Pliocene,34.878384
crepidula,Pliocene,34.878384
chama,Pliocene,27.3583
crepidula,Pliocene,34.057568
crepidula,Pliocene,30.3876
crepidula,Pliocene,34.707092
crepidula,Pliocene,27.3583
chama,Pliocene,27.3583
chama,Pliocene,27.3583
chama,Pliocene,27.3583
chama,Pliocene,27.3583
astarte,Pliocene,34.707092
astarte,Pliocene,34.057568
astarte,Pliocene,34.057568
crepidula,Pliocene,27.3583
astarte,Pliocene,34.442729
astarte,Pliocene,34.707092
astarte,Pliocene,34.707092
astarte,Pliocene,30.3876
astarte,Pliocene,34.878384
astarte,Pliocene,35.344367
mulinia,Pliocene,34.442729
mulinia,Pliocene,34.442729
mulinia,Pliocene,34.057568
mulinia,Pliocene,34.057568
astarte,Pliocene,30.3876
chama,Pliocene,26.2759
crepidula,Pliocene,34.057568
crepidula,Pliocene,34.707092
mulinia,Pliocene,34.707092
mulinia,Pliocene,34.707092
mulinia,Pliocene,34.707092
astarte,Pliocene,34.878384
astarte,Pliocene,34.878384
mulinia,Pliocene,34.707092
crepidula,Pliocene,34.707092
mulinia,Pliocene,34.074241
chama,Pliocene,26.1681
chama,Pliocene,26.1681
mulinia,Pliocene,27.789627
chama,Pliocene,27.3583
chama,Pliocene,27.3583
chama,Pliocene,27.3583
chama,Pliocene,27.3583
chama,Pliocene,27.3583
mulinia,Pliocene,27.306923
chama,Pliocene,26.789316
noetia,Pliocene,33.93741
cyclocardia,Pliocene,34.707092
noetia,Pliocene,33.904541
crepidula,Pliocene,33.93741
crepidula,Pliocene,34.878384
crepidula,Pliocene,34.878384
crepidula,Pliocene,34.442729
crepidula,Pliocene,34.057568
crepidula,Pliocene,34.442729
chesapecten,Pliocene,27.375123
chesapecten,Pliocene,27.375123
chesapecten,Pliocene,27.375123
cyclocardia,Pliocene,36.758175
cyclocardia,Pliocene,35.344367
mulinia,Pliocene,30.4642
mulinia,Pliocene,30.4642
cyclocardia,Pliocene,35.344367
mulinia,Pliocene,34.442729
cyclocardia,Pliocene,36.758175
crepidula,Pliocene,34.074241
mulinia,Pliocene,33.93741
chama,Pliocene,27.366642
crepidula,Pliocene,27.366642
chama,Pliocene,27.070323
chama,Pliocene,27.365145
chama,Pliocene,27.3583
chama,Pliocene,27.3583
noetia,Pliocene,27.365145
crepidula,Pliocene,30.3876
cyclocardia,Pliocene,30.3876
astarte,Pliocene,30.3876
noetia,Pliocene,37.15605
chama,Pliocene,30.3876
chama,Pliocene,30.3876
noetia,Pliocene,27.361199
chama,Pliocene,27.361199
spisula,Pliocene,34.057568
noetia,Pliocene,34.707092
astarte,Pliocene,34.707092
chama,Pliocene,27.3583
chama,Pliocene,30.3876
chama,Pliocene,27.366642
crepidula,Pliocene,29.6873
crepidula,Pliocene,29.6873
mulinia,Pliocene,29.6873
crepidula,Pliocene,29.6873
crepidula,Pliocene,26.975059
chama,Pliocene,27.3583
chama,Pliocene,27.3583
chama,Pliocene,27.3583
mulinia,Pliocene,27.3583
chama,Pliocene,34.878384
chama,Pliocene,37.15605
chama,Pliocene,30.3876
chama,Pliocene,36.939955
chama,Pliocene,34.878384
chama,Pliocene,30.3876
chama,Pliocene,27.365145
chama,Pliocene,34.707092
chama,Pliocene,34.878384
chama,Pliocene,34.707092
chama,Pliocene,26.997913
chama,Pliocene,27.340112
chama,Pliocene,30.3876
chama,Pliocene,30.3876
noetia,Pliocene,34.442729
chama,Pliocene,27.3583
mulinia,Pliocene,27.971688
crepidula,Pliocene,33.833184
chama,Pliocene,33.833184
cyclocardia,Pliocene,33.833184
chama,Pliocene,27.366642
chama,Pliocene,27.3583
cyclocardia,Pliocene,27.340112
noetia,Pliocene,34.878384
chama,Pliocene,27.3583
spisula,Pliocene,34.057568
spisula,Pliocene,34.707092
parvilucina,Pliocene,34.057568
crepidula,Pliocene,25.725979
noetia,Pliocene,25.725979
astarte,Pliocene,25.725979
astarte,Pliocene,25.725979
chama,Pliocene,25.725979
mulinia,Pliocene,25.725979
mulinia,Pliocene,27.789627
mulinia,Pliocene,27.789627
mulinia,Pliocene,27.789627
spisula,Pliocene,25.7655
spisula,Pliocene,25.7655
spisula,Pliocene,25.7655
chesapecten,Pliocene,35.344367
chesapecten,Pliocene,27.366642
chama,Pliocene,27.3583
chama,Pliocene,34.707092
chama,Pliocene,33.833184
modiolus,Pliocene,30.3876
chama,Pliocene,34.878384
noetia,Pliocene,34.878384
astarte,Pliocene,30.3876
chama,Pliocene,27.366642
parvilucina,Pliocene,27.366642
chama,Pliocene,27.366642
chama,Pliocene,27.366642
mulinia,Pliocene,30.386591
chama,Pliocene,30.386591
astarte,Pliocene,30.386591
cyclocardia,Pliocene,30.386591
chama,Pliocene,36.9016
modiolus,Pliocene,36.9016
crepidula,Pliocene,36.9016
crepidula,Pliocene,36.9016
cyclocardia,Pliocene,36.9016
cyclocardia,Pliocene,36.9016
cyclocardia,Pliocene,36.9016
cyclocardia,Pliocene,36.9016
noetia,Pliocene,34.878384
noetia,Pliocene,27.365145
crepidula,Pliocene,26.997913
noetia,Pliocene,34.442729
noetia,Pliocene,33.833184
spisula,Pliocene,33.833184
noetia,Pliocene,33.833184
chama,Pliocene,27.365145
cyclocardia,Pliocene,30.444871
mulinia,Pliocene,30.444871
chama,Pliocene,30.444871
astarte,Pliocene,30.444871
cyclocardia,Pliocene,30.444871
cyclocardia,Pliocene,30.444871
cyclocardia,Pliocene,30.444871
crepidula,Pliocene,30.444871
parvilucina,Pliocene,30.444871
mulinia,Pliocene,30.444871
chama,Pliocene,27.3583
noetia,Pliocene,34.057568
noetia,Pliocene,27.3583
noetia,Pliocene,36.193576
noetia,Pliocene,34.707092
noetia,Pliocene,33.833184
noetia,Pliocene,37.15605
chama,Pliocene,27.3583
chama,Pliocene,27.3583
chama,Pliocene,27.3583
chama,Pliocene,27.3583
chama,Pliocene,27.366642
modiolus,Pliocene,27.366642
chama,Pliocene,27.3583
chama,Pliocene,27.3583
mulinia,Pliocene,27.3583
chama,Pliocene,27.3583
chama,Pliocene,27.366642
noetia,Pliocene,34.707092
chama,Pliocene,27.366642
crepidula,Pliocene,27.3583
chama,Pliocene,27.366642
mulinia,Pliocene,27.366642
chama,Pliocene,27.3583
astarte,Pliocene,33.833184
chama,Pliocene,33.833184
cyclocardia,Pliocene,33.833184
parvilucina,Pliocene,33.833184
chama,Pliocene,27.3583
cyclocardia,Pliocene,30.4642
chama,Pliocene,30.3876
mulinia,Pliocene,33.833184
cyclocardia,Pliocene,33.833184
chama,Pliocene,33.833184
parvilucina,Pliocene,33.833184
astarte,Pliocene,33.833184
chama,Pliocene,27.366642
chama,Pliocene,27.366642
chama,Pliocene,27.3583
chama,Pliocene,27.3583
chama,Pliocene,27.366642
parvilucina,Pliocene,30.40833
mulinia,Pliocene,30.40833
astarte,Pliocene,31.140092
chama,Pliocene,34.707092
spisula,Pliocene,33.833184
mulinia,Pliocene,34.878384
mulinia,Pliocene,34.442729
chama,Pliocene,27.3583
crepidula,Pliocene,27.360528
chama,Pliocene,27.366642
mulinia,Pliocene,27.366642
chama,Pliocene,27.366642
crepidula,Pliocene,27.366642
chama,Pliocene,27.366642
chama,Pliocene,27.366642
spisula,Pliocene,27.003405
noetia,Pliocene,27.3041
chesapecten,Pliocene,27.361199
mulinia,Pliocene,27.361199
spisula,Pliocene,27.361199
chesapecten,Pliocene,27.361199
chesapecten,Pliocene,27.361199
mulinia,Pliocene,27.280291
mulinia,Pliocene,27.3041
parvilucina,Pliocene,27.3041
spisula,Pliocene,27.3041
chama,Pliocene,27.3041
mulinia,Pliocene,27.3041
chama,Pliocene,27.280291
chama,Pliocene,27.280291
chama,Pliocene,27.280291
mulinia,Pliocene,27.280291
chama,Pliocene,27.366642
mulinia,Pliocene,27.366642
chama,Pliocene,27.366642
chama,Pliocene,26.274056
chama,Pliocene,26.274056
chama,Pliocene,25.8686
spisula,Pliocene,25.8686
crepidula,Pliocene,26.274056
chama,Pliocene,25.8686
mulinia,Pliocene,25.8686
chama,Pliocene,34.238474
chama,Pliocene,34.238474
chama,Pliocene,34.238474
noetia,Pliocene,34.238474
astarte,Pliocene,34.238474
crepidula,Pliocene,34.238474
astarte,Pliocene,34.238474
modiolus,Pliocene,34.238474
crepidula,Pliocene,34.238474
chama,Pliocene,34.238474
crepidula,Pliocene,34.238474
chama,Pliocene,34.238474
chama,Pliocene,34.238474
chama,Pliocene,34.238474
chama,Pliocene,34.238474
cyclocardia,Pliocene,34.238474
cyclocardia,Pliocene,34.238474
cyclocardia,Pliocene,34.238474
cyclocardia,Pliocene,34.238474
cyclocardia,Pliocene,34.238474
mulinia,Pliocene,34.238474
mulinia,Pliocene,27.3708
mulinia,Pliocene,27.3708
crepidula,Pliocene,25.804653
crepidula,Pliocene,27.368032
chama,Pliocene,27.368032
chama,Pliocene,27.368032
chama,Pliocene,27.368032
mulinia,Pliocene,30.4642
chama,Pliocene,26.469977
crepidula,Pliocene,26.469977
chama,Pliocene,27.395031
crepidula,Pliocene,27.366642
chama,Pliocene,27.366642
chama,Pliocene,27.366642
chama,Pliocene,27.366642
parvilucina,Pliocene,27.395031
chama,Pliocene,27.366642
crepidula,Pliocene,27.366642
chama,Pliocene,27.366642
chama,Pliocene,27.366642
chama,Pliocene,27.366642
chama,Pliocene,27.366642
chama,Pliocene,27.366642
mulinia,Pliocene,27.366642
chama,Pliocene,27.366642
crepidula,Pliocene,27.366642
crepidula,Pliocene,27.366642
mulinia,Pliocene,27.366642
crepidula,Pliocene,27.366642
parvilucina,Pliocene,27.366642
mulinia,Pliocene,27.366642
crepidula,Pliocene,27.366642
crepidula,Pliocene,27.366642
crepidula,Pliocene,27.366642
mulinia,Pliocene,27.366642
noetia,Pliocene,27.3125
chama,Pliocene,27.375123
crepidula,Pliocene,27.375123
crepidula,Pliocene,27.375123
chesapecten,Pliocene,27.375123
chesapecten,Pliocene,27.375123
modiolus,Pliocene,27.3125
noetia,Pliocene,27.3125
noetia,Pliocene,27.3125
mulinia,Pliocene,27.366642
modiolus,Pliocene,26.1681
parvilucina,Pliocene,29.6873
mulinia,Pliocene,34.238474
cyclocardia,Pliocene,34.238474
chama,Pliocene,34.238474
parvilucina,Pliocene,34.238474
parvilucina,Pliocene,34.238474
noetia,Pliocene,34.238474
parvilucina,Pliocene,34.238474
chama,Pliocene,34.238474
crepidula,Pliocene,34.238474
crepidula,Pliocene,34.238474
parvilucina,Pliocene,34.238474
astarte,Pliocene,34.238474
astarte,Pliocene,34.238474
cyclocardia,Pliocene,34.238474
crepidula,Pliocene,26.1681
crepidula,Pliocene,26.1681
crepidula,Pliocene,26.1681
mulinia,Pliocene,26.1681
spisula,Pliocene,27.366642
spisula,Pliocene,27.366642
mulinia,Pliocene,27.366642
chama,Pliocene,27.366642
crepidula,Pliocene,27.366642
chama,Pliocene,27.366642
chama,Pliocene,27.366642
crepidula,Pliocene,27.366642
crepidula,Pliocene,27.366642
mulinia,Pliocene,27.366642
crepidula,Pliocene,27.366642
chama,Pliocene,27.366642
crepidula,Pliocene,27.375448
crepidula,Pliocene,27.375448
chama,Pliocene,27.375448
chama,Pliocene,27.375448
mulinia,Pliocene,30.4642
mulinia,Pliocene,27.366642
mulinia,Pliocene,27.366642
mulinia,Pliocene,27.366642
parvilucina,Pliocene,27.366642
chama,Pliocene,27.366642
crepidula,Pliocene,27.366642
crepidula,Pliocene,27.366642
cyclocardia,Pliocene,27.0776
chesapecten,Pliocene,35.344367
chesapecten,Pliocene,35.344367
chesapecten,Pliocene,35.344367
chesapecten,Pliocene,27.280291
astarte,Pliocene,30.4447
cyclocardia,Pliocene,30.4447
cyclocardia,Pliocene,30.4447
parvilucina,Pliocene,30.4447
cyclocardia,Pliocene,30.4023
mulinia,Pliocene,30.4023
parvilucina,Pliocene,30.4023
mulinia,Pliocene,30.4023
mulinia,Pliocene,30.4023
parvilucina,Pliocene,30.4642
mulinia,Pliocene,30.4642
cyclocardia,Pliocene,30.4642
mulinia,Pliocene,30.4642
mulinia,Pliocene,30.386591
chama,Pliocene,30.386591
astarte,Pliocene,30.386591
cyclocardia,Pliocene,30.386591
cyclocardia,Pliocene,30.386591
chama,Pliocene,30.386591
chama,Pliocene,30.386591
chama,Pliocene,30.386591
chama,Pliocene,30.386591
chama,Pliocene,30.386591
chama,Pliocene,30.386591
cyclocardia,Pliocene,30.386591
noetia,Pliocene,30.386591
crepidula,Pliocene,30.386591
crepidula,Pliocene,30.386591
modiolus,Pliocene,30.386591
modiolus,Pliocene,30.386591
noetia,Pliocene,30.386591
crepidula,Pliocene,30.388043
spisula,Pliocene,25.7877
mulinia,Pliocene,30.4642
chama,Pliocene,26.044561
chama,Pliocene,26.044561
chama,Pliocene,26.044561
astarte,Pliocene,30.4642
mulinia,Pliocene,30.4642
spisula,Pliocene,30.4023
astarte,Pliocene,30.4023
parvilucina,Pliocene,30.4023
parvilucina,Pliocene,30.4023
parvilucina,Pliocene,30.4023
mulinia,Pliocene,30.4023
mulinia,Pliocene,30.4023
mulinia,Pliocene,30.4023
mulinia,Pliocene,30.4447
chama,Pliocene,30.388043
astarte,Pliocene,30.386591
cyclocardia,Pliocene,30.386591
mulinia,Pliocene,30.386591
chama,Pliocene,30.386591
crepidula,Pliocene,30.386591
crepidula,Pliocene,30.386591
mulinia,Pliocene,30.386591
chesapecten,Pliocene,27.378187
cyclocardia,Pliocene,30.386591
mulinia,Pliocene,30.386591
spisula,Pliocene,26.741257
mulinia,Pliocene,27.306923
crepidula,Pliocene,27.3307
crepidula,Pliocene,27.3307
chama,Pliocene,27.282602
mulinia,Pliocene,27.282602
crepidula,Pliocene,27.27547
crepidula,Pliocene,27.282602
mulinia,Pliocene,30.4642
astarte,Pliocene,30.4642
crepidula,Pliocene,30.4642
crepidula,Pliocene,27.233526
cyclocardia,Pliocene,37.1481
chesapecten,Pliocene,37.1481
astarte,Pliocene,37.1481
chesapecten,Pliocene,37.1481
chama,Pliocene,30.386591
chama,Pliocene,30.386591
crepidula,Pliocene,26.9651
crepidula,Pliocene,26.9651
mulinia,Pliocene,30.386591
astarte,Pliocene,30.386591
crepidula,Pliocene,27.233526
crepidula,Pliocene,27.233526
crepidula,Pliocene,26.9651
crepidula,Pliocene,26.167301
mulinia,Pliocene,26.301086
crepidula,Pliocene,26.301086
chama,Pliocene,26.167301
chama,Pliocene,27.0776
chama,Pliocene,27.0776
chama,Pliocene,27.0776
chama,Pliocene,27.0776
cyclocardia,Pliocene,27.0776
cyclocardia,Pliocene,27.0776
chama,Pliocene,27.0776
chama,Pliocene,27.0776
chama,Pliocene,27.0776
cyclocardia,Pliocene,27.233526
chama,Pliocene,26.9651
chama,Pliocene,26.301086
chama,Pliocene,27.3583
mulinia,Pliocene,26.9651
crepidula,Pliocene,30.386591
crepidula,Pliocene,30.386591
chama,Pliocene,30.386591
cyclocardia,Pliocene,30.386591
mulinia,Pliocene,30.386591
crepidula,Pliocene,36.758175
astarte,Pliocene,36.758175
astarte,Pliocene,36.758175
crepidula,Pliocene,36.758175
cyclocardia,Pliocene,30.386591
astarte,Pliocene,30.386591
chama,Pliocene,30.386591
chesapecten,Pliocene,37.2369
chesapecten,Pliocene,37.2369
chesapecten,Pliocene,27.366642
chesapecten,Pliocene,27.366642
chesapecten,Pliocene,27.366642
chesapecten,Pliocene,27.366642
chesapecten,Pliocene,27.366642
chesapecten,Pliocene,27.366642
chesapecten,Pliocene,27.366642
chesapecten,Pliocene,27.366642
chesapecten,Pliocene,27.366642
noetia,Pliocene,27.366642
crepidula,Pliocene,27.0776
cyclocardia,Pliocene,30.3876
mulinia,Pliocene,30.3876
parvilucina,Pliocene,27.070323
mulinia,Pliocene,27.366642
chesapecten,Pliocene,27.3708
chesapecten,Pliocene,27.378187
chesapecten,Pliocene,27.378187
chesapecten,Pliocene,37.2369
chesapecten,Pliocene,37.2369
chesapecten,Pliocene,37.2369
chesapecten,Pliocene,37.2369
chesapecten,Pliocene,37.2369
chesapecten,Pliocene,36.9016
chesapecten,Pliocene,27.3708
mulinia,Pliocene,36.9016
chama,Pliocene,36.9016
crepidula,Pliocene,36.9016
chama,Pliocene,36.9016
noetia,Pliocene,36.9016
astarte,Pliocene,36.9016
astarte,Pliocene,36.9016
astarte,Pliocene,36.9016
astarte,Pliocene,36.9016
crepidula,Pliocene,29.6873
mulinia,Pliocene,29.6873
modiolus,Pliocene,36.9016
spisula,Pliocene,36.9016
crepidula,Pliocene,36.9016
astarte,Pliocene,36.9016
crepidula,Pliocene,27.233526
astarte,Pliocene,27.366642
cyclocardia,Pliocene,27.366642
astarte,Pliocene,27.366642
cyclocardia,Pliocene,27.366642
chama,Pliocene,27.366642
noetia,Pliocene,27.366642
parvilucina,Pliocene,27.366642
parvilucina,Pliocene,27.366642
chama,Pliocene,25.804653
chama,Pliocene,25.804653
spisula,Pliocene,25.804653
chesapecten,Pliocene,27.378187
chesapecten,Pliocene,27.378187
chesapecten,Pliocene,27.378187
chesapecten,Pliocene,27.378187
noetia,Pliocene,26.973552
noetia,Pliocene,26.3321
noetia,Pliocene,26.3321
noetia,Pliocene,27.233526
noetia,Pliocene,26.3321
mulinia,Pliocene,26.3321
noetia,Pliocene,26.3321
crepidula,Pliocene,26.3321
crepidula,Pliocene,26.3321
crepidula,Pliocene,26.3321
noetia,Pliocene,26.3321
noetia,Pliocene,26.3321
chama,Pliocene,26.3321
noetia,Pliocene,26.3321
noetia,Pliocene,26.9925
noetia,Pliocene,27.0776
chama,Pliocene,27.0776
modiolus,Pliocene,27.0776
astarte,Pliocene,27.0776
astarte,Pliocene,27.0776
astarte,Pliocene,27.0776
noetia,Pliocene,27.233526
noetia,Pliocene,27.233526
astarte,Pliocene,27.233526
crepidula,Pliocene,25.761778
crepidula,Pliocene,25.761778
crepidula,Pliocene,25.761778
chama,Pliocene,26.155503
chama,Pliocene,26.9925
chama,Pliocene,26.3321
crepidula,Pliocene,26.2759
crepidula,Pliocene,26.2759
chesapecten,Pliocene,36.763044
crepidula,Pliocene,27.366642
crepidula,Pliocene,27.366642
parvilucina,Pliocene,34.238474
modiolus,Pliocene,34.238474
chama,Pliocene,34.238474
noetia,Pliocene,34.238474
parvilucina,Pliocene,34.238474
chesapecten,Pliocene,27.378187
chesapecten,Pliocene,36.763044
chesapecten,Pliocene,36.763044
chesapecten,Pliocene,36.763044
chesapecten,Pliocene,36.763044
chesapecten,Pliocene,36.763044
chesapecten,Pliocene,36.763044
chesapecten,Pliocene,36.763044
chesapecten,Pliocene,36.763044
chesapecten,Pliocene,36.763044
chesapecten,Pliocene,33.351497
chesapecten,Pliocene,33.351497
chesapecten,Pliocene,33.351497
chesapecten,Pliocene,36.763044
chesapecten,Pliocene,36.763044
chesapecten,Pliocene,36.763044
chesapecten,Pliocene,36.763044
chesapecten,Pliocene,36.763044
chesapecten,Pliocene,36.763044
crepidula,Pliocene,34.238474
crepidula,Pliocene,34.238474
crepidula,Pliocene,34.238474
crepidula,Pliocene,34.238474
chesapecten,Pliocene,36.763044
chesapecten,Pliocene,36.763044
chesapecten,Pliocene,36.763044
noetia,Pliocene,27.061302
noetia,Pliocene,27.061302
astarte,Pliocene,27.061302
cyclocardia,Pliocene,27.061302
chama,Pliocene,27.061302
crepidula,Pliocene,27.061302
chesapecten,Pliocene,36.763044
mulinia,Pliocene,27.061302
mulinia,Pliocene,27.3583
mulinia,Pliocene,27.233526
mulinia,Pliocene,27.233526
mulinia,Pliocene,27.233526
mulinia,Pliocene,27.233526
mulinia,Pliocene,27.0776
mulinia,Pliocene,27.0776
mulinia,Pliocene,27.0776
chama,Pliocene,34.238474
modiolus,Pliocene,34.238474
crepidula,Pliocene,34.238474
crepidula,Pliocene,34.238474
chesapecten,Pliocene,36.763044
crepidula,Pliocene,27.190672
crepidula,Pliocene,27.190672
crepidula,Pliocene,27.190672
crepidula,Pliocene,27.190672
mulinia,Pliocene,27.190672
noetia,Pliocene,27.190672
mulinia,Pliocene,27.190672
chama,Pliocene,27.395031
chama,Pliocene,27.395031
parvilucina,Pliocene,27.395031
chama,Pliocene,27.395031
chesapecten,Pliocene,36.870779
chesapecten,Pliocene,36.763044
mulinia,Pliocene,34.238474
astarte,Pliocene,34.238474
astarte,Pliocene,34.238474
astarte,Pliocene,34.238474
chama,Pliocene,26.1681
modiolus,Pliocene,34.238474
crepidula,Pliocene,34.238474
crepidula,Pliocene,34.238474
astarte,Pliocene,34.238474
modiolus,Pliocene,34.238474
modiolus,Pliocene,34.238474
crepidula,Pliocene,34.238474
modiolus,Pliocene,34.238474
chama,Pliocene,34.592977
mulinia,Pliocene,34.592977
spisula,Pliocene,34.592977
crepidula,Pliocene,34.592977
astarte,Pliocene,34.592977
spisula,Pliocene,34.592977
mulinia,Pliocene,34.592977
spisula,Pliocene,34.592977
crepidula,Pliocene,34.592977
astarte,Pliocene,34.592977
mulinia,Pliocene,34.592977
parvilucina,Pliocene,34.592977
noetia,Pliocene,34.592977
parvilucina,Pliocene,34.592977
astarte,Pliocene,34.592977
spisula,Pliocene,34.592977
chesapecten,Pliocene,35.344367
chesapecten,Pliocene,35.344367
chesapecten,Pliocene,35.344367
chesapecten,Pliocene,35.344367
chesapecten,Pliocene,35.344367
chesapecten,Pliocene,35.344367
chesapecten,Pliocene,35.344367
chesapecten,Pliocene,35.344367
chesapecten,Pliocene,35.344367
chesapecten,Pliocene,35.344367
chesapecten,Pliocene,35.344367
crepidula,Pliocene,34.592977
parvilucina,Pliocene,34.592977
noetia,Pliocene,34.592977
chama,Pliocene,34.592977
mulinia,Pliocene,34.592977
parvilucina,Pliocene,34.592977
spisula,Pliocene,34.592977
parvilucina,Pliocene,34.592977
astarte,Pliocene,34.592977
parvilucina,Pliocene,34.592977
spisula,Pliocene,34.592977
mulinia,Pliocene,34.592977
crepidula,Pliocene,34.592977
crepidula,Pliocene,34.592977
crepidula,Pliocene,34.592977
noetia,Pliocene,34.592977
crepidula,Pliocene,34.592977
spisula,Pliocene,34.592977
crepidula,Pliocene,34.592977
parvilucina,Pliocene,34.592977
mulinia,Pliocene,34.592977
cyclocardia,Pliocene,34.592977
chama,Pliocene,34.592977
crepidula,Pliocene,34.592977
mulinia,Pliocene,34.592977
crepidula,Pliocene,34.592977
crepidula,Pliocene,34.592977
crepidula,Pliocene,34.592977
crepidula,Pliocene,34.592977
spisula,Pliocene,34.592977
parvilucina,Pliocene,34.592977
crepidula,Pliocene,34.592977
crepidula,Pliocene,34.607171
crepidula,Pliocene,34.607171
mulinia,Pliocene,34.607171
crepidula,Pliocene,33.860856
crepidula,Pliocene,33.809395
astarte,Pliocene,33.809395
mulinia,Pliocene,33.809395
astarte,Pliocene,33.856607
astarte,Pliocene,33.856607
cyclocardia,Pliocene,33.856607
chama,Pliocene,33.856607
parvilucina,Pliocene,33.856607
parvilucina,Pliocene,33.856607
noetia,Pliocene,33.856607
crepidula,Pliocene,33.856607
crepidula,Pliocene,33.856607
chama,Pliocene,34.238474
chama,Pliocene,34.238474
mulinia,Pliocene,34.238474
chama,Pliocene,34.238474
chama,Pliocene,34.238474
astarte,Pliocene,34.238474
astarte,Pliocene,34.238474
astarte,Pliocene,34.238474
astarte,Pliocene,34.238474
cyclocardia,Pliocene,34.238474
astarte,Pliocene,34.238474
astarte,Pliocene,34.238474
cyclocardia,Pliocene,34.238474
cyclocardia,Pliocene,34.238474
cyclocardia,Pliocene,34.238474
astarte,Pliocene,34.238474
astarte,Pliocene,34.238474
parvilucina,Pliocene,34.238474
astarte,Pliocene,34.238474
parvilucina,Pliocene,34.238474
parvilucina,Pliocene,34.238474
astarte,Pliocene,34.238474
astarte,Pliocene,34.238474
astarte,Pliocene,34.238474
crepidula,Pliocene,33.856607
crepidula,Pliocene,33.856607
chama,Pliocene,33.856607
noetia,Pliocene,33.856607
crepidula,Pliocene,33.856607
astarte,Pliocene,33.856607
crepidula,Pliocene,33.856607
chama,Pliocene,33.856607
noetia,Pliocene,33.856607
chama,Pliocene,33.856607
astarte,Pliocene,33.856607
astarte,Pliocene,33.856607
crepidula,Pliocene,33.856607
cyclocardia,Pliocene,33.856607
cyclocardia,Pliocene,33.856607
crepidula,Pliocene,33.856607
astarte,Pliocene,33.856607
crepidula,Pliocene,33.856607
modiolus,Pliocene,33.856607
crepidula,Pliocene,34.238474
astarte,Pliocene,34.238474
astarte,Pliocene,34.238474
astarte,Pliocene,34.238474
crepidula,Pliocene,33.856607
parvilucina,Pliocene,33.856607
spisula,Pliocene,33.856607
chama,Pliocene,33.856607
mulinia,Pliocene,33.856607
crepidula,Pliocene,33.809395
noetia,Pliocene,33.809395
crepidula,Pliocene,33.809395
crepidula,Pliocene,33.809395
chama,Pliocene,33.809395
cyclocardia,Pliocene,33.809395
cyclocardia,Pliocene,33.809395
astarte,Pliocene,33.809395
astarte,Pliocene,33.809395
mulinia,Pliocene,33.809395
astarte,Pliocene,33.809395
chama,Pliocene,33.809395
chama,Pliocene,33.809395
noetia,Pliocene,33.809395
chama,Pliocene,33.809395
crepidula,Pliocene,33.809395
noetia,Pliocene,33.809395
cyclocardia,Pliocene,33.809395
astarte,Pliocene,33.809395
chama,Pliocene,33.809395
mulinia,Pliocene,33.809395
cyclocardia,Pliocene,33.809395
cyclocardia,Pliocene,33.809395
cyclocardia,Pliocene,33.809395
cyclocardia,Pliocene,33.809395
chama,Pliocene,33.809395
chama,Pliocene,33.809395
cyclocardia,Pliocene,33.809395
mulinia,Pliocene,34.878384
crepidula,Pliocene,34.878384
cyclocardia,Pliocene,34.878384
chama,Pliocene,34.878384
crepidula,Pliocene,34.878384
crepidula,Pliocene,34.878384
astarte,Pliocene,34.878384
mulinia,Pliocene,33.809395
crepidula,Pliocene,33.809395
crepidula,Pliocene,33.809395
parvilucina,Pliocene,37.035233
crepidula,Pliocene,33.856607
crepidula,Pliocene,33.856607
cyclocardia,Pliocene,33.856607
chama,Pliocene,33.856607
crepidula,Pliocene,34.238474
modiolus,Pliocene,33.809395
chama,Pliocene,33.809395
crepidula,Pliocene,33.809395
chama,Pliocene,33.809395
noetia,Pliocene,33.809395
chama,Pliocene,33.809395
chama,Pliocene,33.809395
mulinia,Pliocene,33.809395
crepidula,Pliocene,33.809395
modiolus,Pliocene,33.809395
crepidula,Pliocene,33.809395
crepidula,Pliocene,33.809395
mulinia,Pliocene,33.809395
cyclocardia,Pliocene,33.809395
modiolus,Pliocene,33.809395
cyclocardia,Pliocene,33.809395
cyclocardia,Pliocene,33.809395
crepidula,Pliocene,34.238474
crepidula,Pliocene,34.238474
crepidula,Pliocene,34.238474
crepidula,Pliocene,34.238474
crepidula,Pliocene,34.238474
crepidula,Pliocene,34.238474
crepidula,Pliocene,34.238474
crepidula,Pliocene,34.238474
crepidula,Pliocene,34.238474
crepidula,Pliocene,34.238474
crepidula,Pliocene,34.238474
crepidula,Pliocene,34.238474
crepidula,Pliocene,34.238474
crepidula,Pliocene,34.238474
crepidula,Pliocene,34.238474
crepidula,Pliocene,34.238474
crepidula,Pliocene,34.238474
crepidula,Pliocene,34.238474
crepidula,Pliocene,34.238474
crepidula,Pliocene,34.238474
crepidula,Pliocene,34.238474
crepidula,Pliocene,34.238474
crepidula,Pliocene,34.238474
crepidula,Pliocene,34.238474
crepidula,Pliocene,34.238474
crepidula,Pliocene,34.238474
crepidula,Pliocene,34.238474
crepidula,Pliocene,34.238474
crepidula,Pliocene,34.238474
crepidula,Pliocene,34.238474
crepidula,Pliocene,34.238474
crepidula,Pliocene,34.238474
crepidula,Pliocene,34.238474
crepidula,Pliocene,34.238474
crepidula,Pliocene,34.238474
crepidula,Pliocene,37.1023
parvilucina,Pliocene,37.1023
chama,Pliocene,37.1023
cyclocardia,Pliocene,37.1023
mulinia,Pliocene,37.1023
astarte,Pliocene,37.1023
modiolus,Pliocene,37.1023
noetia,Pliocene,37.1023
astarte,Pliocene,37.1023
cyclocardia,Pliocene,37.1023
crepidula,Pliocene,37.1023
spisula,Pliocene,37.1023
chama,Pliocene,37.1023
astarte,Pliocene,37.1023
noetia,Pliocene,37.1023
chesapecten,Pliocene,37.1023
chama,Pliocene,27.366642
chesapecten,Pliocene,33.809395
chesapecten,Pliocene,27.378187
chesapecten,Pliocene,27.378187
chesapecten,Pliocene,27.378187
chesapecten,Pliocene,27.378187
chesapecten,Pliocene,27.378187
chesapecten,Pliocene,36.901889
chesapecten,Pliocene,36.901889
chesapecten,Pliocene,36.901889
astarte,Pliocene,36.901889
modiolus,Pliocene,36.901889
noetia,Pliocene,36.901889
chesapecten,Pliocene,36.901889
astarte,Pliocene,36.901889
chama,Pliocene,36.901889
modiolus,Pliocene,36.901889
chama,Pliocene,36.901889
spisula,Pliocene,36.901889
modiolus,Pliocene,36.901889
crepidula,Pliocene,36.901889
chama,Pliocene,36.901889
crepidula,Pliocene,36.901889
cyclocardia,Pliocene,36.901889
chesapecten,Pliocene,37.305586
chesapecten,Pliocene,37.305586
chesapecten,Pliocene,37.305586
chama,Pliocene,37.305586
striarca,Pliocene,37.305586
cyclocardia,Pliocene,37.305586
astarte,Pliocene,37.305586
astarte,Pliocene,37.305586
chama,Pliocene,37.305586
noetia,Pliocene,37.305586
chesapecten,Pliocene,36.901889
chesapecten,Pliocene,36.901889
chesapecten,Pliocene,36.901889
chesapecten,Pliocene,36.901889
chesapecten,Pliocene,36.901889
chesapecten,Pliocene,36.901889
chesapecten,Pliocene,36.901889
modiolus,Pliocene,36.901889
cyclocardia,Pliocene,36.901889
noetia,Pliocene,30.3876
crepidula,Pliocene,30.3876
crepidula,Pliocene,37.1023
crepidula,Pliocene,37.1023
cyclocardia,Pliocene,33.809395
chama,Pliocene,33.809395
modiolus,Pliocene,33.809395
modiolus,Pliocene,33.809395
modiolus,Pliocene,33.809395
modiolus,Pliocene,33.809395
spisula,Pliocene,30.3876
chama,Pliocene,30.3876
chama,Pliocene,33.809395
mulinia,Pliocene,33.809395
mulinia,Pliocene,33.809395
chama,Pliocene,33.809395
parvilucina,Pliocene,33.809395
mulinia,Pliocene,33.809395
parvilucina,Pliocene,33.809395
mulinia,Pliocene,33.809395
astarte,Pliocene,33.809395
mulinia,Pliocene,33.809395
crepidula,Pliocene,33.809395
astarte,Pliocene,33.809395
parvilucina,Pliocene,33.809395
spisula,Pliocene,33.809395
modiolus,Pliocene,36.870779
crepidula,Pliocene,33.809395
cyclocardia,Pliocene,33.809395
chama,Pliocene,33.809395
cyclocardia,Pliocene,33.809395
chama,Pliocene,37.2347
chama,Pliocene,37.2347
chama,Pliocene,37.2347
chama,Pliocene,33.809395
crepidula,Pliocene,33.809395
crepidula,Pliocene,33.809395
crepidula,Pliocene,33.809395
crepidula,Pliocene,33.809395
mulinia,Pliocene,33.809395
crepidula,Pliocene,33.809395
noetia,Pliocene,33.809395
crepidula,Pliocene,27.366642
crepidula,Pliocene,27.366642
crepidula,Pliocene,27.366642
mulinia,Pliocene,30.4023
crepidula,Pliocene,27.366642
crepidula,Pliocene,27.366642
crepidula,Pliocene,27.366642
crepidula,Pliocene,27.366642
crepidula,Pliocene,27.366642
crepidula,Pliocene,27.366642
crepidula,Pliocene,27.366642
crepidula,Pliocene,27.366642
crepidula,Pliocene,27.366642
crepidula,Pliocene,27.366642
mulinia,Pliocene,33.809395
crepidula,Pliocene,33.809395
crepidula,Pliocene,33.809395
chama,Pliocene,33.809395
chesapecten,Pliocene,27.361199
chesapecten,Pliocene,27.361199
chesapecten,Pliocene,27.361199
chesapecten,Pliocene,27.361199
chesapecten,Pliocene,27.361199
chesapecten,Pliocene,27.040335
chesapecten,Pliocene,27.043546
crepidula,Pliocene,33.809395
crepidula,Pliocene,33.809395
crepidula,Pliocene,33.809395
noetia,Pliocene,36.193576
cyclocardia,Pliocene,36.193576
crepidula,Pliocene,36.193576
crepidula,Pliocene,36.193576
crepidula,Pliocene,36.193576
parvilucina,Pliocene,36.193576
cyclocardia,Pliocene,36.193576
astarte,Pliocene,36.193576
crepidula,Pliocene,36.193576
parvilucina,Pliocene,36.193576
spisula,Pliocene,36.193576
parvilucina,Pliocene,36.193576
astarte,Pliocene,36.193576
parvilucina,Pliocene,36.193576
striarca,Pliocene,34.516454
noetia,Pliocene,34.516454
astarte,Pliocene,34.428953
crepidula,Pliocene,27.366642
crepidula,Pliocene,27.366642
chama,Pliocene,27.366642
mulinia,Pliocene,27.366642
cyclocardia,Pliocene,36.193576
spisula,Pliocene,36.193576
noetia,Pliocene,36.193576
astarte,Pliocene,36.193576
cyclocardia,Pliocene,36.193576
cyclocardia,Pliocene,36.193576
crepidula,Pliocene,27.366642
parvilucina,Pliocene,27.366642
parvilucina,Pliocene,27.366642
mulinia,Pliocene,33.809395
mulinia,Pliocene,33.809395
crepidula,Pliocene,33.809395
crepidula,Pliocene,33.809395
crepidula,Pliocene,27.366642
parvilucina,Pliocene,27.366642
crepidula,Pliocene,33.809395
modiolus,Pliocene,33.809395
crepidula,Pliocene,33.809395
crepidula,Pliocene,33.809395
modiolus,Pliocene,33.809395
crepidula,Pliocene,33.809395
chama,Pliocene,33.809395
crepidula,Pliocene,33.809395
crepidula,Pliocene,33.809395
crepidula,Pliocene,33.809395
crepidula,Pliocene,33.809395
crepidula,Pliocene,33.809395
crepidula,Pliocene,33.809395
crepidula,Pliocene,33.809395
modiolus,Pliocene,33.809395
noetia,Pliocene,33.856607
noetia,Pliocene,33.856607
noetia,Pliocene,33.856607
chesapecten,Pliocene,36.758175
astarte,Pliocene,36.758175
chama,Pliocene,36.870779
chama,Pliocene,36.870779
chama,Pliocene,33.351497
cyclocardia,Pliocene,36.758175
spisula,Pliocene,36.870779
astarte,Pliocene,36.870779
cyclocardia,Pliocene,36.908245
spisula,Pliocene,36.908245
astarte,Pliocene,36.908245
crepidula,Pliocene,36.758175
crepidula,Pliocene,36.758175
mulinia,Pliocene,36.758175
crepidula,Pliocene,27.366642
parvilucina,Pliocene,27.366642
astarte,Pliocene,36.758175
parvilucina,Pliocene,36.758175
chama,Pliocene,36.758175
cyclocardia,Pliocene,36.758175
astarte,Pliocene,36.758175
astarte,Pliocene,36.758175
astarte,Pliocene,36.758175
astarte,Pliocene,36.758175
mulinia,Pliocene,36.758175
modiolus,Pliocene,36.870779
parvilucina,Pliocene,36.870779
chama,Pliocene,36.870779
cyclocardia,Pliocene,36.870779
crepidula,Pliocene,36.870779
crepidula,Pliocene,36.870779
astarte,Pliocene,37.251547
mulinia,Pliocene,37.251547
cyclocardia,Pliocene,37.251547
astarte,Pliocene,37.251547
chesapecten,Pliocene,37.26796
chesapecten,Pliocene,37.26796
chama,Pliocene,37.26796
chama,Pliocene,37.26796
chama,Pliocene,37.26796
chama,Pliocene,37.26796
chama,Pliocene,37.26796
noetia,Pliocene,37.26796
crepidula,Pliocene,37.26796
striarca,Pliocene,37.26796
chama,Pliocene,37.26796
cyclocardia,Pliocene,37.26796
crepidula,Pliocene,37.26796
crepidula,Pliocene,37.26796
astarte,Pliocene,37.26796
chama,Pliocene,37.26796
crepidula,Pliocene,27.366642
crepidula,Pliocene,27.366642
chesapecten,Pliocene,37.202029
chesapecten,Pliocene,37.202029
chesapecten,Pliocene,37.202029
crepidula,Pliocene,36.870779
crepidula,Pliocene,37.270598
crepidula,Pliocene,37.270598
crepidula,Pliocene,37.270598
crepidula,Pliocene,37.270598
crepidula,Pliocene,37.270598
parvilucina,Pliocene,37.0602
astarte,Pliocene,37.0602
astarte,Pliocene,37.0602
astarte,Pliocene,37.0602
cyclocardia,Pliocene,37.0602
crepidula,Pliocene,37.0602
spisula,Pliocene,36.870779
astarte,Pliocene,36.870779
cyclocardia,Pliocene,36.870779
chama,Pliocene,36.870779
noetia,Pliocene,36.870779
parvilucina,Pliocene,36.758175
chama,Pliocene,36.758175
spisula,Pliocene,36.870779
crepidula,Pliocene,36.870779
chama,Pliocene,27.366642
chama,Pliocene,27.366642
mulinia,Pliocene,27.366642
mulinia,Pliocene,27.366642
chesapecten,Pliocene,37.0602
chesapecten,Pliocene,37.26796
astarte,Pliocene,37.26796
crepidula,Pliocene,37.26796
chama,Pliocene,37.26796
striarca,Pliocene,37.26796
astarte,Pliocene,37.26796
noetia,Pliocene,37.26796
chama,Pliocene,37.26796
parvilucina,Pliocene,27.366642
crepidula,Pliocene,34.152321
astarte,Pliocene,34.152321
spisula,Pliocene,37.251547
parvilucina,Pliocene,34.152321
astarte,Pliocene,34.152321
mulinia,Pliocene,34.152321
mulinia,Pliocene,34.152321
mulinia,Pliocene,34.152321
crepidula,Pliocene,34.152321
chama,Pliocene,34.152321
parvilucina,Pliocene,34.152321
noetia,Pliocene,34.152321
mulinia,Pliocene,27.366642
chama,Pliocene,36.758175
noetia,Pliocene,36.758175
crepidula,Pliocene,36.758175
noetia,Pliocene,36.758175
parvilucina,Pliocene,36.758175
chama,Pliocene,36.758175
astarte,Pliocene,36.758175
astarte,Pliocene,36.758175
astarte,Pliocene,36.758175
astarte,Pliocene,36.758175
cyclocardia,Pliocene,36.758175
cyclocardia,Pliocene,36.758175
crepidula,Pliocene,36.758175
astarte,Pliocene,36.758175
spisula,Pliocene,36.758175
chama,Pliocene,33.809395
chesapecten,Pliocene,36.758175
crepidula,Pliocene,37.270598
crepidula,Pliocene,37.270598
chama,Pliocene,37.270598
cyclocardia,Pliocene,37.270598
astarte,Pliocene,37.270598
astarte,Pliocene,37.270598
parvilucina,Pliocene,37.270598
parvilucina,Pliocene,37.270598
chesapecten,Pliocene,37.270598
modiolus,Pliocene,37.270598
modiolus,Pliocene,37.270598
noetia,Pliocene,37.270598
striarca,Pliocene,37.270598
striarca,Pliocene,37.270598
cyclocardia,Pliocene,35.898381
modiolus,Pliocene,35.898381
astarte,Pliocene,35.898381
spisula,Pliocene,36.758175
mulinia,Pliocene,37.020637
crepidula,Pliocene,36.870779
crepidula,Pliocene,36.870779
crepidula,Pliocene,36.870779
crepidula,Pliocene,35.898381
noetia,Pliocene,35.898381
noetia,Pliocene,35.898381
noetia,Pliocene,35.898381
noetia,Pliocene,35.898381
chama,Pliocene,35.898381
chama,Pliocene,35.898381
chama,Pliocene,35.898381
chama,Pliocene,35.898381
chama,Pliocene,35.898381
chama,Pliocene,35.898381
chama,Pliocene,35.898381
chama,Pliocene,27.368032
chama,Pliocene,27.368032
mulinia,Pliocene,33.856607
mulinia,Pliocene,37.1023
mulinia,Pliocene,37.035233
chama,Pliocene,27.366642
chama,Pliocene,27.366642
noetia,Pliocene,27.366642
parvilucina,Pliocene,27.366642
chesapecten,Pliocene,36.870779
chesapecten,Pliocene,36.870779
chesapecten,Pliocene,36.870779
crepidula,Pliocene,36.870779
chesapecten,Pliocene,36.870779
noetia,Pliocene,36.870779
chama,Pliocene,36.870779
chesapecten,Pliocene,37.263327
chesapecten,Pliocene,37.263327
chesapecten,Pliocene,37.263327
chesapecten,Pliocene,37.263327
astarte,Pliocene,37.263327
chama,Pliocene,37.263327
cyclocardia,Pliocene,37.263327
chesapecten,Pliocene,37.26796
chesapecten,Pliocene,37.26796
chesapecten,Pliocene,37.26796
chesapecten,Pliocene,37.26796
chama,Pliocene,37.0602
noetia,Pliocene,27.368032
noetia,Pliocene,27.368032
astarte,Pliocene,34.238474
astarte,Pliocene,34.238474
chama,Pliocene,27.360528
chesapecten,Pliocene,27.361199
chesapecten,Pliocene,27.361199
chesapecten,Pliocene,27.361199
chesapecten,Pliocene,27.361199
chama,Pliocene,34.238474
chama,Pliocene,34.238474
parvilucina,Pliocene,34.238474
parvilucina,Pliocene,34.238474
mulinia,Pliocene,34.238474
mulinia,Pliocene,34.238474
parvilucina,Pliocene,34.152321
chama,Pliocene,34.152321
cyclocardia,Pliocene,34.152321
parvilucina,Pliocene,34.152321
parvilucina,Pliocene,34.152321
mulinia,Pliocene,34.152321
crepidula,Pliocene,34.152321
astarte,Pliocene,34.152321
crepidula,Pliocene,34.152321
spisula,Pliocene,34.152321
noetia,Pliocene,34.152321
noetia,Pliocene,34.152321
cyclocardia,Pliocene,34.152321
astarte,Pliocene,34.152321
parvilucina,Pliocene,34.152321
astarte,Pliocene,34.152321
parvilucina,Pliocene,34.152321
parvilucina,Pliocene,34.152321
chama,Pliocene,34.152321
noetia,Pliocene,34.152321
noetia,Pliocene,34.152321
crepidula,Pliocene,34.152321
crepidula,Pliocene,34.152321
crepidula,Pliocene,34.152321
crepidula,Pliocene,34.238474
noetia,Pliocene,34.238474
crepidula,Pliocene,34.238474
crepidula,Pliocene,34.238474
crepidula,Pliocene,34.238474
cyclocardia,Pliocene,34.238474
chama,Pliocene,33.351497
parvilucina,Pliocene,33.351497
cyclocardia,Pliocene,33.351497
astarte,Pliocene,33.351497
noetia,Pliocene,29.68443
crepidula,Pliocene,29.68443
mulinia,Pliocene,29.68443
chesapecten,Pliocene,27.375123
mulinia,Pliocene,34.152321
chesapecten,Pliocene,36.758175
cyclocardia,Pliocene,37.270598
crepidula,Pliocene,35.898381
crepidula,Pliocene,35.898381
crepidula,Pliocene,35.898381
crepidula,Pliocene,36.758175
cyclocardia,Pliocene,33.809395
crepidula,Pliocene,33.809395
chama,Pliocene,33.809395
chesapecten,Pliocene,35.344367
chesapecten,Pliocene,35.344367
chesapecten,Pliocene,35.344367
chesapecten,Pliocene,36.870779
chesapecten,Pliocene,37.204632
chesapecten,Pliocene,37.204632
crepidula,Pliocene,27.233526
crepidula,Pliocene,27.233526
crepidula,Pliocene,27.233526
crepidula,Pliocene,27.233526
chama,Pliocene,37.119649
chama,Pliocene,37.277878
crepidula,Pliocene,37.277878
modiolus,Pliocene,36.870779
chesapecten,Pliocene,37.145508
chesapecten,Pliocene,37.145508
astarte,Pliocene,34.238474
modiolus,Pliocene,34.238474
crepidula,Pliocene,34.238474
crepidula,Pliocene,34.238474
noetia,Pliocene,34.238474
modiolus,Pliocene,34.238474
modiolus,Pliocene,34.238474
noetia,Pliocene,34.238474
chama,Pliocene,37.26796
cyclocardia,Pliocene,37.26796
noetia,Pliocene,37.26796
astarte,Pliocene,37.26796
chama,Pliocene,37.26796
striarca,Pliocene,37.26796
mulinia,Pliocene,33.862122
crepidula,Pliocene,33.809395
chesapecten,Pliocene,35.604024
cyclocardia,Pliocene,35.604024
mulinia,Pliocene,35.604024
parvilucina,Pliocene,35.604024
crepidula,Pliocene,35.604024
parvilucina,Pliocene,35.604024
chesapecten,Pliocene,27.366642
chesapecten,Pliocene,27.366642
chesapecten,Pliocene,27.366642
chesapecten,Pliocene,27.366642
astarte,Pliocene,34.592977
chesapecten,Pliocene,27.3125
chesapecten,Pliocene,27.3139
spisula,Pliocene,37.0602
cyclocardia,Pliocene,37.0602
crepidula,Pliocene,37.0602
modiolus,Pliocene,37.0602
spisula,Pliocene,37.0602
chesapecten,Pliocene,37.0602
chesapecten,Pliocene,37.0602
chesapecten,Pliocene,37.0602
astarte,Pliocene,36.783802
cyclocardia,Pliocene,36.783802
noetia,Pliocene,36.783802
spisula,Pliocene,36.783802
chama,Pliocene,37.270598
chama,Pliocene,37.270598
chama,Pliocene,37.270598
chama,Pliocene,37.270598
chama,Pliocene,37.2347
chama,Pliocene,37.2347
chesapecten,Pliocene,37.0602
chesapecten,Pliocene,37.0602
spisula,Pliocene,37.0602
chesapecten,Pliocene,36.447238
cyclocardia,Pliocene,36.447238
astarte,Pliocene,36.447238
chesapecten,Pliocene,36.447238
parvilucina,Pliocene,34.152321
mulinia,Pliocene,34.607171
cyclocardia,Pliocene,34.607171
parvilucina,Pliocene,34.607171
mulinia,Pliocene,34.607171
chesapecten,Pliocene,37.251547
modiolus,Pliocene,37.251547
chama,Pliocene,37.251547
crepidula,Pliocene,33.856607
chama,Pliocene,33.856607
astarte,Pliocene,33.856607
cyclocardia,Pliocene,33.856607
crepidula,Pliocene,33.856607
spisula,Pliocene,36.758175
astarte,Pliocene,36.758175
crepidula,Pliocene,36.758175
astarte,Pliocene,36.758175
spisula,Pliocene,36.758175
astarte,Pliocene,36.758175
astarte,Pliocene,36.758175
cyclocardia,Pliocene,36.758175
crepidula,Pliocene,36.758175
cyclocardia,Pliocene,36.758175
chesapecten,Pliocene,33.3506
noetia,Pliocene,34.607171
mulinia,Pliocene,34.607171
noetia,Pliocene,34.607171
noetia,Pliocene,34.607171
cyclocardia,Pliocene,35.78466
parvilucina,Pliocene,35.78466
parvilucina,Pliocene,35.78466
cyclocardia,Pliocene,35.78466
chesapecten,Pliocene,35.78466
mulinia,Pliocene,35.78466
chesapecten,Pliocene,35.1375
crepidula,Pliocene,36.830191
crepidula,Pliocene,36.830191
cyclocardia,Pliocene,36.758175
cyclocardia,Pliocene,36.758175
parvilucina,Pliocene,36.758175
chama,Pliocene,36.758175
astarte,Pliocene,36.758175
noetia,Pliocene,36.758175
chama,Pliocene,36.758175
chesapecten,Pliocene,36.758175
modiolus,Pliocene,36.758175
astarte,Pliocene,36.758175
noetia,Pliocene,36.758175
crepidula,Pliocene,36.758175
chesapecten,Pliocene,36.007519
modiolus,Pliocene,36.007519
chesapecten,Pliocene,36.007519
crepidula,Pliocene,33.351497
chama,Pliocene,33.351497
noetia,Pliocene,36.870779
astarte,Pliocene,36.870779
crepidula,Pliocene,36.758175
parvilucina,Pliocene,36.758175
mulinia,Pliocene,36.758175
astarte,Pliocene,36.758175
astarte,Pliocene,36.758175
crepidula,Pliocene,36.758175
crepidula,Pliocene,36.758175
cyclocardia,Pliocene,36.758175
chama,Pliocene,36.758175
chesapecten,Pliocene,36.758175
astarte,Pliocene,36.758175
astarte,Pliocene,36.758175
crepidula,Pliocene,36.758175
mulinia,Pliocene,34.732905
astarte,Pliocene,34.732905
noetia,Pliocene,34.732905
parvilucina,Pliocene,34.732905
parvilucina,Pliocene,34.732905
crepidula,Pliocene,34.732905
cyclocardia,Pliocene,34.732905
cyclocardia,Pliocene,36.07657
astarte,Pliocene,36.07657
cyclocardia,Pliocene,36.07657
modiolus,Pliocene,36.758175
astarte,Pliocene,36.870779
chesapecten,Pliocene,36.870779
noetia,Pliocene,36.870779
chama,Pliocene,36.870779
astarte,Pliocene,36.870779
noetia,Pliocene,36.870779
noetia,Pliocene,36.870779
chama,Pliocene,36.870779
astarte,Pliocene,36.870779
astarte,Pliocene,36.870779
chama,Pliocene,36.870779
cyclocardia,Pliocene,36.870779
astarte,Pliocene,36.870779
noetia,Pliocene,36.870779
crepidula,Pliocene,36.870779
chama,Pliocene,36.870779
spisula,Pliocene,36.870779
astarte,Pliocene,36.870779
chama,Pliocene,36.870779
crepidula,Pliocene,36.870779
spisula,Pliocene,36.870779
chama,Pliocene,36.870779
astarte,Pliocene,36.870779
chama,Pliocene,36.870779
spisula,Pliocene,36.870779
spisula,Pliocene,36.870779
crepidula,Pliocene,36.870779
noetia,Pliocene,36.870779
cyclocardia,Pliocene,36.870779
parvilucina,Pliocene,36.870779
crepidula,Pliocene,36.870779
spisula,Pliocene,36.870779
crepidula,Pliocene,36.870779
spisula,Pliocene,36.870779
crepidula,Pliocene,36.870779
mulinia,Pliocene,36.870779
chesapecten,Pliocene,37.539878
spisula,Pliocene,37.539878
astarte,Pliocene,37.539878
cyclocardia,Pliocene,37.539878
chesapecten,Pliocene,37.539878
modiolus,Pliocene,37.539878
astarte,Pliocene,37.539878
spisula,Pliocene,37.539878
cyclocardia,Pliocene,37.539878
astarte,Pliocene,37.539878
astarte,Pliocene,37.539878
chesapecten,Pliocene,37.539878
astarte,Pliocene,34.152321
crepidula,Pliocene,34.152321
crepidula,Pliocene,34.152321
crepidula,Pliocene,34.152321
chama,Pliocene,34.152321
mulinia,Pliocene,34.152321
noetia,Pliocene,34.152321
noetia,Pliocene,34.152321
chesapecten,Pliocene,37.539878
chesapecten,Pliocene,37.539878
crepidula,Pliocene,37.204632
chesapecten,Pliocene,37.204632
crepidula,Pliocene,37.204632
astarte,Pliocene,37.204632
astarte,Pliocene,37.204632
chesapecten,Pliocene,37.204632
astarte,Pliocene,37.204632
chesapecten,Pliocene,37.204632
chesapecten,Pliocene,37.204632
crepidula,Pliocene,34.238474
parvilucina,Pliocene,34.238474
parvilucina,Pliocene,34.238474
parvilucina,Pliocene,34.238474
chama,Pliocene,34.238474
cyclocardia,Pliocene,34.238474
astarte,Pliocene,34.238474
astarte,Pliocene,34.238474
chama,Pliocene,34.238474
chama,Pliocene,34.238474
parvilucina,Pliocene,34.238474
parvilucina,Pliocene,34.238474
modiolus,Pliocene,34.238474
parvilucina,Pliocene,34.238474
cyclocardia,Pliocene,34.238474
mulinia,Pliocene,34.238474
parvilucina,Pliocene,34.238474
mulinia,Pliocene,34.238474
astarte,Pliocene,34.238474
mulinia,Pliocene,34.238474
astarte,Pliocene,34.238474
parvilucina,Pliocene,34.238474
parvilucina,Pliocene,34.238474
astarte,Pliocene,34.238474
astarte,Pliocene,34.238474
noetia,Pliocene,34.238474
modiolus,Pliocene,34.238474
parvilucina,Pliocene,34.238474
chama,Pliocene,34.238474
chama,Pliocene,34.238474
cyclocardia,Pliocene,34.238474
modiolus,Pliocene,34.238474
parvilucina,Pliocene,34.238474
parvilucina,Pliocene,34.238474
chama,Pliocene,34.238474
astarte,Pliocene,34.238474
cyclocardia,Pliocene,34.238474
chama,Pliocene,34.238474
crepidula,Pliocene,34.238474
crepidula,Pliocene,34.238474
crepidula,Pliocene,34.238474
crepidula,Pliocene,34.238474
crepidula,Pliocene,34.238474
astarte,Pliocene,36.758175
crepidula,Pliocene,36.758175
astarte,Pliocene,36.758175
noetia,Pliocene,36.758175
astarte,Pliocene,36.758175
crepidula,Pliocene,36.758175
astarte,Pliocene,36.758175
spisula,Pliocene,36.758175
cyclocardia,Pliocene,36.758175
crepidula,Pliocene,34.238474
crepidula,Pliocene,34.238474
mulinia,Pliocene,34.238474
astarte,Pliocene,34.238474
astarte,Pliocene,34.238474
astarte,Pliocene,34.238474
noetia,Pliocene,34.238474
modiolus,Pliocene,34.238474
modiolus,Pliocene,34.238474
mulinia,Pliocene,34.238474
astarte,Pliocene,34.238474
astarte,Pliocene,34.238474
astarte,Pliocene,34.238474
cyclocardia,Pliocene,34.238474
chama,Pliocene,34.238474
chama,Pliocene,34.238474
parvilucina,Pliocene,34.238474
parvilucina,Pliocene,34.238474
parvilucina,Pliocene,34.238474
noetia,Pliocene,34.238474
modiolus,Pliocene,34.238474
crepidula,Pliocene,34.238474
chama,Pliocene,30.386921
noetia,Pliocene,33.351497
noetia,Pliocene,33.351497
astarte,Pliocene,37.145508
astarte,Pliocene,37.145508
cyclocardia,Pliocene,37.145508
chesapecten,Pliocene,37.145508
chama,Pliocene,27.366642
cyclocardia,Pliocene,27.366642
parvilucina,Pliocene,33.351497
parvilucina,Pliocene,33.351497
parvilucina,Pliocene,33.351497
parvilucina,Pliocene,37.270598
parvilucina,Pliocene,33.856607
parvilucina,Pliocene,33.856607
crepidula,Pliocene,33.856607
noetia,Pliocene,33.856607
parvilucina,Pliocene,27.366642
parvilucina,Pliocene,27.366642
parvilucina,Pliocene,27.366642
parvilucina,Pliocene,27.366642
parvilucina,Pliocene,27.366642
astarte,Pliocene,37.26796
modiolus,Pliocene,37.26796
noetia,Pliocene,37.26796
crepidula,Pliocene,37.26796
astarte,Pliocene,37.26796
chesapecten,Pliocene,37.26796
astarte,Pliocene,37.26796
astarte,Pliocene,37.26796
parvilucina,Pliocene,36.758175
parvilucina,Pliocene,37.0602
parvilucina,Pliocene,37.035233
cyclocardia,Pliocene,37.035233
parvilucina,Pliocene,34.05641
parvilucina,Pliocene,34.05641
cyclocardia,Pliocene,34.05641
mulinia,Pliocene,34.05641
chama,Pliocene,36.870779
spisula,Pliocene,37.020637
cyclocardia,Pliocene,35.898381
parvilucina,Pliocene,37.251547
parvilucina,Pliocene,37.2347
spisula,Pliocene,36.870779
spisula,Pliocene,36.755878
mulinia,Pliocene,27.366642
chama,Pliocene,37.26796
chama,Pliocene,37.26796
striarca,Pliocene,37.26796
chama,Pliocene,37.26796
spisula,Pliocene,36.758175
spisula,Pliocene,36.758175
spisula,Pliocene,36.758175
parvilucina,Pliocene,33.856607
parvilucina,Pliocene,37.032918
crepidula,Pliocene,29.68443
crepidula,Pliocene,29.68443
crepidula,Pliocene,29.68443
crepidula,Pliocene,29.68443
crepidula,Pliocene,29.68443
crepidula,Pliocene,29.68443
crepidula,Pliocene,29.68443
crepidula,Pliocene,29.68443
crepidula,Pliocene,29.68443
crepidula,Pliocene,29.68443
crepidula,Pliocene,29.68443
crepidula,Pliocene,29.68443
crepidula,Pliocene,29.68443
crepidula,Pliocene,29.68443
crepidula,Pliocene,29.68443
crepidula,Pliocene,29.68443
crepidula,Pliocene,29.68443
crepidula,Pliocene,29.68443
spisula,Pliocene,36.758175
cyclocardia,Pliocene,36.758175
spisula,Pliocene,37.119649
modiolus,Pliocene,37.119649
crepidula,Pliocene,29.68443
mulinia,Pliocene,29.6873
mulinia,Pliocene,30.474367
crepidula,Pliocene,29.6873
cyclocardia,Pliocene,37.350058
chesapecten,Pliocene,37.350058
astarte,Pliocene,37.350058
chesapecten,Pliocene,37.350058
spisula,Pliocene,37.350058
chesapecten,Pliocene,37.350058
noetia,Pliocene,33.856607
mulinia,Pliocene,33.856607
crepidula,Pliocene,33.856607
crepidula,Pliocene,33.856607
crepidula,Pliocene,33.856607
crepidula,Pliocene,33.856607
astarte,Pliocene,33.856607
chama,Pliocene,33.856607
crepidula,Pliocene,33.856607
chama,Pliocene,33.856607
chama,Pliocene,33.856607
noetia,Pliocene,33.856607
chama,Pliocene,33.856607
mulinia,Pliocene,33.856607
crepidula,Pliocene,33.856607
crepidula,Pliocene,33.856607
chama,Pliocene,33.856607
chama,Pliocene,33.856607
crepidula,Pliocene,33.856607
crepidula,Pliocene,33.856607
crepidula,Pliocene,33.856607
crepidula,Pliocene,33.856607
parvilucina,Pliocene,34.05641
mulinia,Pliocene,34.05641
astarte,Pliocene,34.05641
crepidula,Pliocene,29.68443
mulinia,Pliocene,29.68443
spisula,Pliocene,29.68443
mulinia,Pliocene,27.378187
mulinia,Pliocene,27.378187
mulinia,Pliocene,27.378187
chama,Pliocene,27.378187
crepidula,Pliocene,27.378187
crepidula,Pliocene,27.378187
chama,Pliocene,27.378187
mulinia,Pliocene,27.378187
chama,Pliocene,27.378187
mulinia,Pliocene,27.378187
chama,Pliocene,27.378187
mulinia,Pliocene,27.378187
crepidula,Pliocene,33.856607
mulinia,Pliocene,33.856607
astarte,Pliocene,33.856607
parvilucina,Pliocene,29.68443
noetia,Pliocene,29.68443
mulinia,Pliocene,29.68443
crepidula,Pliocene,29.68443
chesapecten,Pliocene,30.700246
chesapecten,Pliocene,30.700246
chama,Pliocene,33.351497
spisula,Pliocene,33.351497
chama,Pliocene,33.351497
chama,Pliocene,33.351497
chesapecten,Pliocene,33.351497
chesapecten,Pliocene,27.378187
chama,Pliocene,33.351497
parvilucina,Pliocene,33.351497
parvilucina,Pliocene,33.351497
mulinia,Pliocene,27.366642
chama,Pliocene,27.366642
chama,Pliocene,27.366642
mulinia,Pliocene,27.366642
crepidula,Pliocene,27.366642
crepidula,Pliocene,27.366642
crepidula,Pliocene,27.366642
crepidula,Pliocene,27.366642
mulinia,Pliocene,29.6873
crepidula,Pliocene,29.6873
cyclocardia,Pliocene,29.6873
noetia,Pliocene,29.6873
crepidula,Pliocene,29.68443
mulinia,Pliocene,29.68443
mulinia,Pliocene,29.68443
noetia,Pliocene,29.68443
crepidula,Pliocene,29.68443
chama,Pliocene,29.68443
crepidula,Pliocene,29.68443
cyclocardia,Pliocene,29.68443
parvilucina,Pliocene,29.68443
crepidula,Pliocene,29.6873
parvilucina,Pliocene,29.6873
mulinia,Pliocene,29.6873
crepidula,Pliocene,27.366642
crepidula,Pliocene,27.366642
mulinia,Pliocene,27.366642
mulinia,Pliocene,27.366642
parvilucina,Pliocene,27.366642
crepidula,Pliocene,27.366642
crepidula,Pliocene,27.366642
mulinia,Pliocene,27.378187
chesapecten,Pliocene,27.378187
spisula,Pliocene,37.0591
mulinia,Pliocene,27.366642
mulinia,Pliocene,27.366642
mulinia,Pliocene,27.366642
chama,Pliocene,27.366642
parvilucina,Pliocene,27.366642
parvilucina,Pliocene,27.366642
crepidula,Pliocene,27.378187
mulinia,Pliocene,27.378187
mulinia,Pliocene,27.366642
crepidula,Pliocene,27.366642
mulinia,Pliocene,27.366642
crepidula,Pliocene,27.366642
chama,Pliocene,27.366642
crepidula,Pliocene,27.366642
chama,Pliocene,27.366642
chama,Pliocene,27.366642
chama,Pliocene,27.366642
parvilucina,Pliocene,27.366642
parvilucina,Pliocene,27.366642
mulinia,Pliocene,27.366642
parvilucina,Pliocene,27.366642
parvilucina,Pliocene,27.366642
mulinia,Pliocene,27.366642
parvilucina,Pliocene,27.366642
parvilucina,Pliocene,27.366642
crepidula,Pliocene,27.366642
parvilucina,Pliocene,27.366642
parvilucina,Pliocene,27.366642
parvilucina,Pliocene,27.366642
parvilucina,Pliocene,27.366642
mulinia,Pliocene,27.366642
crepidula,Pliocene,33.351497
parvilucina,Pliocene,27.366642
parvilucina,Pliocene,27.366642
chama,Pliocene,27.366642
chesapecten,Pliocene,35.344367
parvilucina,Pliocene,27.366642
parvilucina,Pliocene,27.366642
crepidula,Pliocene,27.366642
astarte,Pliocene,25.725979
parvilucina,Pliocene,27.366642
mulinia,Pliocene,27.366642
astarte,Pliocene,27.366642
mulinia,Pliocene,27.366642
crepidula,Pliocene,27.366642
crepidula,Pliocene,27.366642
parvilucina,Pliocene,27.366642
parvilucina,Pliocene,27.366642
chama,Pliocene,27.720294
parvilucina,Pliocene,27.366642
parvilucina,Pliocene,27.366642
parvilucina,Pliocene,27.366642
chama,Pliocene,27.366642
parvilucina,Pliocene,27.366642
parvilucina,Pliocene,27.366642
crepidula,Pliocene,27.366642
crepidula,Pliocene,27.366642
mulinia,Pliocene,29.68443
crepidula,Pliocene,29.68443
cyclocardia,Pliocene,29.68443
crepidula,Pliocene,27.366642
crepidula,Pliocene,27.366642
crepidula,Pliocene,27.366642
mulinia,Pliocene,29.68443
chesapecten,Pliocene,33.351497
chama,Pliocene,33.351497
chama,Pliocene,33.351497
chama,Pliocene,33.351497
chama,Pliocene,33.351497
chama,Pliocene,27.375123
crepidula,Pliocene,27.5174
crepidula,Pliocene,27.5174
crepidula,Pliocene,27.366642
crepidula,Pliocene,27.375448
crepidula,Pliocene,27.375448
mulinia,Pliocene,34.238474
cyclocardia,Pliocene,34.238474
astarte,Pliocene,34.238474
astarte,Pliocene,34.238474
noetia,Pliocene,34.238474
parvilucina,Pliocene,34.238474
crepidula,Pliocene,34.238474
crepidula,Pliocene,34.238474
astarte,Pliocene,34.238474
mulinia,Pliocene,33.351497
chama,Pliocene,33.351497
astarte,Pliocene,33.351497
astarte,Pliocene,33.351497
astarte,Pliocene,33.351497
chesapecten,Pliocene,33.351497
astarte,Pliocene,33.351497
crepidula,Pliocene,33.351497
astarte,Pliocene,30.3876
chama,Pliocene,30.3876
mulinia,Pliocene,30.3876
crepidula,Pliocene,30.3876
chama,Pliocene,30.3876
cyclocardia,Pliocene,30.3876
mulinia,Pliocene,29.6873
parvilucina,Pliocene,29.6873
crepidula,Pliocene,29.6873
crepidula,Pliocene,29.6873
parvilucina,Pliocene,29.6873
crepidula,Pliocene,29.6873
noetia,Pliocene,29.6873
crepidula,Pliocene,29.6873
chesapecten,Pliocene,35.344367
mulinia,Pliocene,29.6873
noetia,Pliocene,28.002458
noetia,Pliocene,28.002458
noetia,Pliocene,28.002458
chesapecten,Pliocene,30.700246
chama,Pliocene,27.366642
mulinia,Pliocene,27.366642
mulinia,Pliocene,28.002458
spisula,Pliocene,28.002458
crepidula,Pliocene,28.002458
noetia,Pliocene,28.002458
noetia,Pliocene,28.002458
crepidula,Pliocene,28.002458
crepidula,Pliocene,28.002458
crepidula,Pliocene,28.002458
chama,Pliocene,27.366642
parvilucina,Pliocene,27.366642
crepidula,Pliocene,28.002458
modiolus,Pliocene,28.002458
mulinia,Pliocene,27.2467
astarte,Pliocene,27.3114
chama,Pliocene,30.4642
mulinia,Pliocene,30.4642
cyclocardia,Pliocene,30.4642
astarte,Pliocene,30.4642
chesapecten,Pliocene,37.0602
chesapecten,Pliocene,37.0602
chesapecten,Pliocene,37.0602
chesapecten,Pliocene,37.0602
chama,Pliocene,27.366642
mulinia,Pliocene,27.366642
chama,Pliocene,27.366642
chama,Pliocene,27.366642
parvilucina,Pliocene,27.366642
chama,Pliocene,27.366642
parvilucina,Pliocene,27.366642
chama,Pliocene,27.366642
parvilucina,Pliocene,27.366642
parvilucina,Pliocene,27.366642
chesapecten,Pliocene,27.3708
chesapecten,Pliocene,27.3708
chesapecten,Pliocene,27.3708
chesapecten,Pliocene,27.3708
chama,Pliocene,27.366642
chama,Pliocene,33.351497
chesapecten,Pliocene,37.020637
chesapecten,Pliocene,37.119649
crepidula,Pliocene,37.119649
mulinia,Pliocene,34.152321
mulinia,Pliocene,34.152321
chama,Pliocene,27.366642
modiolus,Pliocene,33.351497
modiolus,Pliocene,33.856607
parvilucina,Pliocene,27.366642
chesapecten,Pliocene,27.010841
chesapecten,Pliocene,27.043546
mulinia,Pliocene,30.4642
cyclocardia,Pliocene,30.4642
cyclocardia,Pliocene,30.3876
crepidula,Pliocene,30.444871
parvilucina,Pliocene,30.3876
parvilucina,Pliocene,30.396207
cyclocardia,Pliocene,30.396207
chesapecten,Pliocene,27.799421
parvilucina,Pliocene,30.4642
astarte,Pliocene,30.4642
chesapecten,Pliocene,27.876615
chesapecten,Pliocene,27.876615
chesapecten,Pliocene,27.876615
chesapecten,Pliocene,27.876615
chesapecten,Pliocene,27.876615
chesapecten,Pliocene,26.954357
chesapecten,Pliocene,26.954357
chesapecten,Pliocene,26.954357
chesapecten,Pliocene,26.167368
chama,Pliocene,27.366642
mulinia,Pliocene,27.366642
chesapecten,Pliocene,27.3708
chesapecten,Pliocene,27.3708
chesapecten,Pliocene,27.3708
astarte,Pliocene,30.496448
mulinia,Pliocene,30.4642
parvilucina,Pliocene,30.495941
mulinia,Pliocene,30.396207
chama,Pliocene,27.360528
chama,Pliocene,27.368032
chama,Pliocene,27.395031
crepidula,Pliocene,30.404053
crepidula,Pliocene,30.41062
mulinia,Pliocene,30.4023
spisula,Pliocene,30.404053
mulinia,Pliocene,30.404053
mulinia,Pliocene,33.351497
chesapecten,Pliocene,33.351497
mulinia,Pliocene,34.238474
crepidula,Pliocene,34.238474
crepidula,Pliocene,34.238474
parvilucina,Pliocene,34.238474
astarte,Pliocene,34.238474
chama,Pliocene,34.238474
crepidula,Pliocene,34.238474
noetia,Pliocene,34.238474
parvilucina,Pliocene,34.238474
mulinia,Pliocene,34.238474
chama,Pliocene,34.238474
cyclocardia,Pliocene,34.238474
astarte,Pliocene,34.238474
astarte,Pliocene,34.238474
parvilucina,Pliocene,34.238474
astarte,Pliocene,34.238474
mulinia,Pliocene,34.238474
parvilucina,Pliocene,33.856607
crepidula,Pliocene,33.856607
chesapecten,Pliocene,30.700246
chesapecten,Pliocene,30.700246
chesapecten,Pliocene,30.700246
chesapecten,Pliocene,30.700246
chesapecten,Pliocene,30.700246
chesapecten,Pliocene,30.700246
chesapecten,Pliocene,30.700246
parvilucina,Pliocene,29.68443
